parcel_id,village,district,taluk,digital_block_no,survey_no,subdivision_no,parcel_area_sq_m,parcel_area_ha,land_use,centroid_latitude,centroid_longitude,elevation_m,slope_degree,rainfall_24h_mm,rainfall_7day_mm,flood_depth_m,flood_probability,landslide_probability,distance_to_river_m,distance_to_road_m,population_density_per_sq_km,building_density,soil_moisture_index,risk_score,risk_level,risk_rank_within_village,relocation_screening,recommended_action,hazard_screening_basis,cadastral_status,geometry_status,property_boundary_status,data_status,official_cadastral_boundary,usable_for_prototype,usable_as_legal_land_record
DEMO-01-0001,Achooranam,Wayanad,Vythiri,DEMO-01-17,DEMO-01/371,8,5683.1,0.5683,Mixed,11.5538207,76.031165,959.1,11.0,143.6,347.5,0.41,0.395,0.215,1298.5,477.2,216.8,0.314,0.395,32.6,MEDIUM,31,CONDITIONAL_REVIEW_REQUIRED,Monitor and apply mitigation,Synthetic parcel risk score from supplied demo dataset; not an official cadastral/hazard determination,SYNTHETIC_DEMO_NOT_OFFICIAL,SYNTHETIC_DEMO_POLYGON_NOT_OFFICIAL,DO_NOT_USE_AS_LEGAL_BOUNDARY,SYNTHETIC_DEMO_ONLY,NO,YES,NO
DEMO-01-0002,Achooranam,Wayanad,Vythiri,DEMO-01-12,DEMO-01/258,2,6673.0,0.6673,Plantation,11.5539251,76.0325411,826.1,23.1,217.1,607.0,0.33,0.129,0.334,1986.9,55.1,222.1,0.589,0.773,40.6,MEDIUM,100,CONDITIONAL_REVIEW_REQUIRED,Monitor and apply mitigation,Synthetic parcel risk score from supplied demo dataset; not an official cadastral/hazard determination,SYNTHETIC_DEMO_NOT_OFFICIAL,SYNTHETIC_DEMO_POLYGON_NOT_OFFICIAL,DO_NOT_USE_AS_LEGAL_BOUNDARY,SYNTHETIC_DEMO_ONLY,NO,YES,NO
DEMO-01-0003,Achooranam,Wayanad,Vythiri,DEMO-01-08,DEMO-01/253,4,6852.4,0.6852,Forest-fringe,11.5535755,76.0335114,975.6,18.9,63.0,368.8,0.81,0.68,0.341,1544.5,732.2,1254.3,0.161,0.731,41.6,MEDIUM,117,CONDITIONAL_REVIEW_REQUIRED,Monitor and apply mitigation,Synthetic parcel risk score from supplied demo dataset; not an official cadastral/hazard determination,SYNTHETIC_DEMO_NOT_OFFICIAL,SYNTHETIC_DEMO_POLYGON_NOT_OFFICIAL,DO_NOT_USE_AS_LEGAL_BOUNDARY,SYNTHETIC_DEMO_ONLY,NO,YES,NO
DEMO-01-0004,Achooranam,Wayanad,Vythiri,DEMO-01-02,DEMO-01/507,7,707.8,0.0708,Residential,11.5535577,76.0345939,1199.5,8.1,213.1,305.3,0.03,0.045,0.371,2171.3,1091.9,220.8,0.119,0.465,28.7,MEDIUM,13,CONDITIONAL_REVIEW_REQUIRED,Monitor and apply mitigation,Synthetic parcel risk score from supplied demo dataset; not an official cadastral/hazard determination,SYNTHETIC_DEMO_NOT_OFFICIAL,SYNTHETIC_DEMO_POLYGON_NOT_OFFICIAL,DO_NOT_USE_AS_LEGAL_BOUNDARY,SYNTHETIC_DEMO_ONLY,NO,YES,NO
DEMO-01-0005,Achooranam,Wayanad,Vythiri,DEMO-01-06,DEMO-01/566,8,4076.5,0.4076,Agriculture,11.5539243,76.0357337,804.6,20.2,44.4,142.8,0.0,0.022,0.335,1441.6,782.1,491.7,0.119,0.834,26.0,MEDIUM,5,CONDITIONAL_REVIEW_REQUIRED,Monitor and apply mitigation,Synthetic parcel risk score from supplied demo dataset; not an official cadastral/hazard determination,SYNTHETIC_DEMO_NOT_OFFICIAL,SYNTHETIC_DEMO_POLYGON_NOT_OFFICIAL,DO_NOT_USE_AS_LEGAL_BOUNDARY,SYNTHETIC_DEMO_ONLY,NO,YES,NO
DEMO-01-0006,Achooranam,Wayanad,Vythiri,DEMO-01-01,DEMO-01/797,6,3967.1,0.3967,Forest-fringe,11.5535106,76.0367654,898.8,27.7,202.6,441.6,0.0,0.095,0.686,683.4,1133.7,957.6,0.252,0.744,50.7,HIGH,179,NOT_RECOMMENDED_UNDER_DEMO_MODEL,High caution / prioritize mitigation,Synthetic parcel risk score from supplied demo dataset; not an official cadastral/hazard determination,SYNTHETIC_DEMO_NOT_OFFICIAL,SYNTHETIC_DEMO_POLYGON_NOT_OFFICIAL,DO_NOT_USE_AS_LEGAL_BOUNDARY,SYNTHETIC_DEMO_ONLY,NO,YES,NO
DEMO-01-0007,Achooranam,Wayanad,Vythiri,DEMO-01-05,DEMO-01/564,6,7344.5,0.7345,Mixed,11.5537101,76.0378701,1095.4,29.4,114.1,254.6,0.19,0.401,0.647,1093.6,729.2,918.9,0.455,0.867,49.0,MEDIUM,167,CONDITIONAL_REVIEW_REQUIRED,Monitor and apply mitigation,Synthetic parcel risk score from supplied demo dataset; not an official cadastral/hazard determination,SYNTHETIC_DEMO_NOT_OFFICIAL,SYNTHETIC_DEMO_POLYGON_NOT_OFFICIAL,DO_NOT_USE_AS_LEGAL_BOUNDARY,SYNTHETIC_DEMO_ONLY,NO,YES,NO
DEMO-01-0008,Achooranam,Wayanad,Vythiri,DEMO-01-03,DEMO-01/360,7,7545.5,0.7546,Forest-fringe,11.553823,76.0394768,1114.4,21.4,150.1,535.3,0.17,0.195,0.39,709.4,729.7,1515.9,0.062,0.491,39.8,MEDIUM,91,CONDITIONAL_REVIEW_REQUIRED,Monitor and apply mitigation,Synthetic parcel risk score from supplied demo dataset; not an official cadastral/hazard determination,SYNTHETIC_DEMO_NOT_OFFICIAL,SYNTHETIC_DEMO_POLYGON_NOT_OFFICIAL,DO_NOT_USE_AS_LEGAL_BOUNDARY,SYNTHETIC_DEMO_ONLY,NO,YES,NO
DEMO-01-0009,Achooranam,Wayanad,Vythiri,DEMO-01-16,DEMO-01/26,5,7155.7,0.7156,Residential,11.5539098,76.0402272,1146.1,19.5,95.1,353.4,0.24,0.214,0.343,536.2,930.9,1102.6,0.464,0.697,36.0,MEDIUM,49,CONDITIONAL_REVIEW_REQUIRED,Monitor and apply mitigation,Synthetic parcel risk score from supplied demo dataset; not an official cadastral/hazard determination,SYNTHETIC_DEMO_NOT_OFFICIAL,SYNTHETIC_DEMO_POLYGON_NOT_OFFICIAL,DO_NOT_USE_AS_LEGAL_BOUNDARY,SYNTHETIC_DEMO_ONLY,NO,YES,NO
DEMO-01-0010,Achooranam,Wayanad,Vythiri,DEMO-01-17,DEMO-01/852,6,2733.4,0.2733,Plantation,11.5534915,76.0413999,936.2,14.6,118.4,234.4,0.06,0.24,0.329,35.0,619.1,109.0,0.117,0.638,32.5,MEDIUM,30,CONDITIONAL_REVIEW_REQUIRED,Monitor and apply mitigation,Synthetic parcel risk score from supplied demo dataset; not an official cadastral/hazard determination,SYNTHETIC_DEMO_NOT_OFFICIAL,SYNTHETIC_DEMO_POLYGON_NOT_OFFICIAL,DO_NOT_USE_AS_LEGAL_BOUNDARY,SYNTHETIC_DEMO_ONLY,NO,YES,NO
DEMO-01-0011,Achooranam,Wayanad,Vythiri,DEMO-01-05,DEMO-01/60,7,1161.3,0.1161,Mixed,11.5535009,76.0426427,764.1,15.6,128.7,242.6,0.54,0.39,0.254,1553.0,600.4,82.7,0.077,0.885,34.1,MEDIUM,40,CONDITIONAL_REVIEW_REQUIRED,Monitor and apply mitigation,Synthetic parcel risk score from supplied demo dataset; not an official cadastral/hazard determination,SYNTHETIC_DEMO_NOT_OFFICIAL,SYNTHETIC_DEMO_POLYGON_NOT_OFFICIAL,DO_NOT_USE_AS_LEGAL_BOUNDARY,SYNTHETIC_DEMO_ONLY,NO,YES,NO
DEMO-01-0012,Achooranam,Wayanad,Vythiri,DEMO-01-04,DEMO-01/502,2,5306.3,0.5306,Mixed,11.5536981,76.043742,808.4,4.7,117.5,212.1,0.97,0.506,0.361,1634.6,357.0,275.2,0.62,0.494,39.1,MEDIUM,84,CONDITIONAL_REVIEW_REQUIRED,Monitor and apply mitigation,Synthetic parcel risk score from supplied demo dataset; not an official cadastral/hazard determination,SYNTHETIC_DEMO_NOT_OFFICIAL,SYNTHETIC_DEMO_POLYGON_NOT_OFFICIAL,DO_NOT_USE_AS_LEGAL_BOUNDARY,SYNTHETIC_DEMO_ONLY,NO,YES,NO
DEMO-01-0013,Achooranam,Wayanad,Vythiri,DEMO-01-07,DEMO-01/891,1,3575.9,0.3576,Residential,11.5537651,76.0451414,706.0,21.8,178.1,436.5,0.57,0.569,0.51,2210.5,384.3,1274.3,0.277,0.699,51.8,HIGH,190,NOT_RECOMMENDED_UNDER_DEMO_MODEL,High caution / prioritize mitigation,Synthetic parcel risk score from supplied demo dataset; not an official cadastral/hazard determination,SYNTHETIC_DEMO_NOT_OFFICIAL,SYNTHETIC_DEMO_POLYGON_NOT_OFFICIAL,DO_NOT_USE_AS_LEGAL_BOUNDARY,SYNTHETIC_DEMO_ONLY,NO,YES,NO
DEMO-01-0014,Achooranam,Wayanad,Vythiri,DEMO-01-14,DEMO-01/759,9,1758.1,0.1758,Plantation,11.553587,76.0460018,1012.3,8.1,105.6,464.7,0.12,0.184,0.204,265.1,104.6,219.0,0.233,0.685,26.0,MEDIUM,5,CONDITIONAL_REVIEW_REQUIRED,Monitor and apply mitigation,Synthetic parcel risk score from supplied demo dataset; not an official cadastral/hazard determination,SYNTHETIC_DEMO_NOT_OFFICIAL,SYNTHETIC_DEMO_POLYGON_NOT_OFFICIAL,DO_NOT_USE_AS_LEGAL_BOUNDARY,SYNTHETIC_DEMO_ONLY,NO,YES,NO
DEMO-01-0015,Achooranam,Wayanad,Vythiri,DEMO-01-07,DEMO-01/412,3,964.3,0.0964,Forest-fringe,11.5536528,76.047254,1012.6,8.4,51.0,179.8,0.6,0.608,0.247,1940.0,852.6,1506.3,0.452,0.788,33.9,MEDIUM,36,CONDITIONAL_REVIEW_REQUIRED,Monitor and apply mitigation,Synthetic parcel risk score from supplied demo dataset; not an official cadastral/hazard determination,SYNTHETIC_DEMO_NOT_OFFICIAL,SYNTHETIC_DEMO_POLYGON_NOT_OFFICIAL,DO_NOT_USE_AS_LEGAL_BOUNDARY,SYNTHETIC_DEMO_ONLY,NO,YES,NO
DEMO-01-0016,Achooranam,Wayanad,Vythiri,DEMO-01-17,DEMO-01/836,1,1263.3,0.1263,Residential,11.553502,76.0483571,881.1,13.1,174.6,134.0,0.69,0.429,0.36,755.1,498.2,345.2,0.546,0.284,43.9,MEDIUM,130,CONDITIONAL_REVIEW_REQUIRED,Monitor and apply mitigation,Synthetic parcel risk score from supplied demo dataset; not an official cadastral/hazard determination,SYNTHETIC_DEMO_NOT_OFFICIAL,SYNTHETIC_DEMO_POLYGON_NOT_OFFICIAL,DO_NOT_USE_AS_LEGAL_BOUNDARY,SYNTHETIC_DEMO_ONLY,NO,YES,NO
DEMO-01-0017,Achooranam,Wayanad,Vythiri,DEMO-01-07,DEMO-01/481,8,2532.4,0.2532,Residential,11.5535622,76.0494196,1112.4,20.7,135.7,179.8,0.0,0.064,0.479,1028.3,671.9,1480.9,0.179,0.813,38.0,MEDIUM,72,CONDITIONAL_REVIEW_REQUIRED,Monitor and apply mitigation,Synthetic parcel risk score from supplied demo dataset; not an official cadastral/hazard determination,SYNTHETIC_DEMO_NOT_OFFICIAL,SYNTHETIC_DEMO_POLYGON_NOT_OFFICIAL,DO_NOT_USE_AS_LEGAL_BOUNDARY,SYNTHETIC_DEMO_ONLY,NO,YES,NO
DEMO-01-0018,Achooranam,Wayanad,Vythiri,DEMO-01-17,DEMO-01/514,5,5035.5,0.5036,Residential,11.5538264,76.0510062,850.7,35.7,73.7,176.3,0.72,0.839,0.517,2040.6,935.0,1209.8,0.413,0.803,54.7,HIGH,209,NOT_RECOMMENDED_UNDER_DEMO_MODEL,High caution / prioritize mitigation,Synthetic parcel risk score from supplied demo dataset; not an official cadastral/hazard determination,SYNTHETIC_DEMO_NOT_OFFICIAL,SYNTHETIC_DEMO_POLYGON_NOT_OFFICIAL,DO_NOT_USE_AS_LEGAL_BOUNDARY,SYNTHETIC_DEMO_ONLY,NO,YES,NO
DEMO-01-0019,Achooranam,Wayanad,Vythiri,DEMO-01-06,DEMO-01/190,4,736.9,0.0737,Plantation,11.5537946,76.0519467,846.0,33.5,210.7,518.5,0.06,0.279,0.757,2139.7,204.3,515.0,0.342,0.674,54.2,HIGH,205,NOT_RECOMMENDED_UNDER_DEMO_MODEL,High caution / prioritize mitigation,Synthetic parcel risk score from supplied demo dataset; not an official cadastral/hazard determination,SYNTHETIC_DEMO_NOT_OFFICIAL,SYNTHETIC_DEMO_POLYGON_NOT_OFFICIAL,DO_NOT_USE_AS_LEGAL_BOUNDARY,SYNTHETIC_DEMO_ONLY,NO,YES,NO
DEMO-01-0020,Achooranam,Wayanad,Vythiri,DEMO-01-12,DEMO-01/569,5,6929.8,0.693,Residential,11.5536234,76.0529247,1032.2,14.4,142.5,481.0,0.63,0.175,0.418,1286.3,1154.6,1709.0,0.183,0.79,40.5,MEDIUM,98,CONDITIONAL_REVIEW_REQUIRED,Monitor and apply mitigation,Synthetic parcel risk score from supplied demo dataset; not an official cadastral/hazard determination,SYNTHETIC_DEMO_NOT_OFFICIAL,SYNTHETIC_DEMO_POLYGON_NOT_OFFICIAL,DO_NOT_USE_AS_LEGAL_BOUNDARY,SYNTHETIC_DEMO_ONLY,NO,YES,NO
DEMO-01-0021,Achooranam,Wayanad,Vythiri,DEMO-01-03,DEMO-01/807,7,2367.9,0.2368,Mixed,11.5537383,76.0540988,1265.3,20.4,128.3,459.8,0.81,0.72,0.511,74.1,514.7,1250.5,0.538,0.434,53.7,HIGH,203,NOT_RECOMMENDED_UNDER_DEMO_MODEL,High caution / prioritize mitigation,Synthetic parcel risk score from supplied demo dataset; not an official cadastral/hazard determination,SYNTHETIC_DEMO_NOT_OFFICIAL,SYNTHETIC_DEMO_POLYGON_NOT_OFFICIAL,DO_NOT_USE_AS_LEGAL_BOUNDARY,SYNTHETIC_DEMO_ONLY,NO,YES,NO
DEMO-01-0022,Achooranam,Wayanad,Vythiri,DEMO-01-18,DEMO-01/221,3,7575.3,0.7575,Residential,11.5536771,76.0552556,760.3,18.5,148.5,468.1,0.0,0.358,0.495,1319.0,672.5,180.8,0.367,0.497,40.9,MEDIUM,106,CONDITIONAL_REVIEW_REQUIRED,Monitor and apply mitigation,Synthetic parcel risk score from supplied demo dataset; not an official cadastral/hazard determination,SYNTHETIC_DEMO_NOT_OFFICIAL,SYNTHETIC_DEMO_POLYGON_NOT_OFFICIAL,DO_NOT_USE_AS_LEGAL_BOUNDARY,SYNTHETIC_DEMO_ONLY,NO,YES,NO
DEMO-01-0023,Achooranam,Wayanad,Vythiri,DEMO-01-03,DEMO-01/16,6,4494.0,0.4494,Residential,11.5537272,76.0563954,843.0,32.2,211.0,270.9,1.26,0.84,0.681,679.6,1090.0,833.5,0.252,0.405,69.9,HIGH,249,NOT_RECOMMENDED_UNDER_DEMO_MODEL,High caution / prioritize mitigation,Synthetic parcel risk score from supplied demo dataset; not an official cadastral/hazard determination,SYNTHETIC_DEMO_NOT_OFFICIAL,SYNTHETIC_DEMO_POLYGON_NOT_OFFICIAL,DO_NOT_USE_AS_LEGAL_BOUNDARY,SYNTHETIC_DEMO_ONLY,NO,YES,NO
DEMO-01-0024,Achooranam,Wayanad,Vythiri,DEMO-01-12,DEMO-01/744,1,6792.8,0.6793,Mixed,11.5537161,76.05777,1157.5,9.2,212.0,463.9,0.14,0.616,0.254,1561.5,749.5,469.2,0.226,0.88,37.2,MEDIUM,61,CONDITIONAL_REVIEW_REQUIRED,Monitor and apply mitigation,Synthetic parcel risk score from supplied demo dataset; not an official cadastral/hazard determination,SYNTHETIC_DEMO_NOT_OFFICIAL,SYNTHETIC_DEMO_POLYGON_NOT_OFFICIAL,DO_NOT_USE_AS_LEGAL_BOUNDARY,SYNTHETIC_DEMO_ONLY,NO,YES,NO
DEMO-01-0025,Achooranam,Wayanad,Vythiri,DEMO-01-08,DEMO-01/958,4,7830.4,0.783,Residential,11.5537512,76.0588469,748.2,19.9,73.4,159.2,0.31,0.207,0.446,609.5,867.1,1743.0,0.268,0.453,41.2,MEDIUM,113,CONDITIONAL_REVIEW_REQUIRED,Monitor and apply mitigation,Synthetic parcel risk score from supplied demo dataset; not an official cadastral/hazard determination,SYNTHETIC_DEMO_NOT_OFFICIAL,SYNTHETIC_DEMO_POLYGON_NOT_OFFICIAL,DO_NOT_USE_AS_LEGAL_BOUNDARY,SYNTHETIC_DEMO_ONLY,NO,YES,NO
DEMO-01-0026,Achooranam,Wayanad,Vythiri,DEMO-01-19,DEMO-01/563,5,5018.7,0.5019,Plantation,11.5547796,76.0313925,839.5,34.6,173.0,352.0,0.06,0.032,0.667,1759.1,1064.3,167.6,0.611,0.368,47.6,MEDIUM,161,CONDITIONAL_REVIEW_REQUIRED,Monitor and apply mitigation,Synthetic parcel risk score from supplied demo dataset; not an official cadastral/hazard determination,SYNTHETIC_DEMO_NOT_OFFICIAL,SYNTHETIC_DEMO_POLYGON_NOT_OFFICIAL,DO_NOT_USE_AS_LEGAL_BOUNDARY,SYNTHETIC_DEMO_ONLY,NO,YES,NO
DEMO-01-0027,Achooranam,Wayanad,Vythiri,DEMO-01-17,DEMO-01/950,6,1732.8,0.1733,Residential,11.5548354,76.0323688,997.2,24.5,51.3,173.3,0.7,0.542,0.467,673.3,182.6,157.1,0.03,0.361,41.1,MEDIUM,110,CONDITIONAL_REVIEW_REQUIRED,Monitor and apply mitigation,Synthetic parcel risk score from supplied demo dataset; not an official cadastral/hazard determination,SYNTHETIC_DEMO_NOT_OFFICIAL,SYNTHETIC_DEMO_POLYGON_NOT_OFFICIAL,DO_NOT_USE_AS_LEGAL_BOUNDARY,SYNTHETIC_DEMO_ONLY,NO,YES,NO
DEMO-01-0028,Achooranam,Wayanad,Vythiri,DEMO-01-12,DEMO-01/249,4,1438.2,0.1438,Mixed,11.5548688,76.0336193,1015.7,37.4,217.0,473.6,0.11,0.047,0.595,888.7,74.0,142.3,0.468,0.831,49.8,MEDIUM,173,CONDITIONAL_REVIEW_REQUIRED,Monitor and apply mitigation,Synthetic parcel risk score from supplied demo dataset; not an official cadastral/hazard determination,SYNTHETIC_DEMO_NOT_OFFICIAL,SYNTHETIC_DEMO_POLYGON_NOT_OFFICIAL,DO_NOT_USE_AS_LEGAL_BOUNDARY,SYNTHETIC_DEMO_ONLY,NO,YES,NO
DEMO-01-0029,Achooranam,Wayanad,Vythiri,DEMO-01-02,DEMO-01/957,1,4297.3,0.4297,Plantation,11.554775,76.0345111,768.4,29.6,196.1,613.6,0.33,0.823,0.623,111.8,469.1,1190.1,0.53,0.646,65.1,HIGH,244,NOT_RECOMMENDED_UNDER_DEMO_MODEL,High caution / prioritize mitigation,Synthetic parcel risk score from supplied demo dataset; not an official cadastral/hazard determination,SYNTHETIC_DEMO_NOT_OFFICIAL,SYNTHETIC_DEMO_POLYGON_NOT_OFFICIAL,DO_NOT_USE_AS_LEGAL_BOUNDARY,SYNTHETIC_DEMO_ONLY,NO,YES,NO
DEMO-01-0030,Achooranam,Wayanad,Vythiri,DEMO-01-18,DEMO-01/104,7,3878.1,0.3878,Forest-fringe,11.5552812,76.0356339,1200.9,32.0,203.3,442.7,0.52,0.44,0.749,1063.6,362.7,361.7,0.635,0.574,58.6,HIGH,230,NOT_RECOMMENDED_UNDER_DEMO_MODEL,High caution / prioritize mitigation,Synthetic parcel risk score from supplied demo dataset; not an official cadastral/hazard determination,SYNTHETIC_DEMO_NOT_OFFICIAL,SYNTHETIC_DEMO_POLYGON_NOT_OFFICIAL,DO_NOT_USE_AS_LEGAL_BOUNDARY,SYNTHETIC_DEMO_ONLY,NO,YES,NO
DEMO-01-0031,Achooranam,Wayanad,Vythiri,DEMO-01-07,DEMO-01/990,6,5569.1,0.5569,Mixed,11.5549063,76.0368248,1009.7,32.6,169.3,396.8,0.81,0.603,0.581,647.2,271.3,684.6,0.566,0.42,59.2,HIGH,231,NOT_RECOMMENDED_UNDER_DEMO_MODEL,High caution / prioritize mitigation,Synthetic parcel risk score from supplied demo dataset; not an official cadastral/hazard determination,SYNTHETIC_DEMO_NOT_OFFICIAL,SYNTHETIC_DEMO_POLYGON_NOT_OFFICIAL,DO_NOT_USE_AS_LEGAL_BOUNDARY,SYNTHETIC_DEMO_ONLY,NO,YES,NO
DEMO-01-0032,Achooranam,Wayanad,Vythiri,DEMO-01-18,DEMO-01/747,3,2112.4,0.2112,Residential,11.5550174,76.0381293,1094.6,14.4,133.0,351.6,0.33,0.53,0.315,908.7,365.5,512.0,0.565,0.428,39.0,MEDIUM,83,CONDITIONAL_REVIEW_REQUIRED,Monitor and apply mitigation,Synthetic parcel risk score from supplied demo dataset; not an official cadastral/hazard determination,SYNTHETIC_DEMO_NOT_OFFICIAL,SYNTHETIC_DEMO_POLYGON_NOT_OFFICIAL,DO_NOT_USE_AS_LEGAL_BOUNDARY,SYNTHETIC_DEMO_ONLY,NO,YES,NO
DEMO-01-0033,Achooranam,Wayanad,Vythiri,DEMO-01-12,DEMO-01/259,3,1875.0,0.1875,Residential,11.5551369,76.0394172,1286.5,4.5,212.2,405.6,0.79,0.447,0.319,1809.7,492.6,1301.0,0.55,0.561,41.3,MEDIUM,115,CONDITIONAL_REVIEW_REQUIRED,Monitor and apply mitigation,Synthetic parcel risk score from supplied demo dataset; not an official cadastral/hazard determination,SYNTHETIC_DEMO_NOT_OFFICIAL,SYNTHETIC_DEMO_POLYGON_NOT_OFFICIAL,DO_NOT_USE_AS_LEGAL_BOUNDARY,SYNTHETIC_DEMO_ONLY,NO,YES,NO
DEMO-01-0034,Achooranam,Wayanad,Vythiri,DEMO-01-18,DEMO-01/788,7,970.5,0.097,Mixed,11.5551899,76.0403034,1178.7,9.5,81.8,326.3,0.93,0.731,0.377,292.6,69.1,1377.6,0.173,0.422,43.6,MEDIUM,128,CONDITIONAL_REVIEW_REQUIRED,Monitor and apply mitigation,Synthetic parcel risk score from supplied demo dataset; not an official cadastral/hazard determination,SYNTHETIC_DEMO_NOT_OFFICIAL,SYNTHETIC_DEMO_POLYGON_NOT_OFFICIAL,DO_NOT_USE_AS_LEGAL_BOUNDARY,SYNTHETIC_DEMO_ONLY,NO,YES,NO
DEMO-01-0035,Achooranam,Wayanad,Vythiri,DEMO-01-15,DEMO-01/338,3,4334.9,0.4335,Residential,11.5548894,76.0415533,716.3,21.0,185.7,183.7,0.2,0.229,0.361,1749.1,946.3,410.2,0.347,0.801,40.0,MEDIUM,93,CONDITIONAL_REVIEW_REQUIRED,Monitor and apply mitigation,Synthetic parcel risk score from supplied demo dataset; not an official cadastral/hazard determination,SYNTHETIC_DEMO_NOT_OFFICIAL,SYNTHETIC_DEMO_POLYGON_NOT_OFFICIAL,DO_NOT_USE_AS_LEGAL_BOUNDARY,SYNTHETIC_DEMO_ONLY,NO,YES,NO
DEMO-01-0036,Achooranam,Wayanad,Vythiri,DEMO-01-16,DEMO-01/522,1,4606.6,0.4607,Agriculture,11.5549011,76.0424202,1066.6,7.1,117.8,499.1,0.53,0.291,0.185,1383.5,690.1,762.6,0.212,0.546,28.6,MEDIUM,9,CONDITIONAL_REVIEW_REQUIRED,Monitor and apply mitigation,Synthetic parcel risk score from supplied demo dataset; not an official cadastral/hazard determination,SYNTHETIC_DEMO_NOT_OFFICIAL,SYNTHETIC_DEMO_POLYGON_NOT_OFFICIAL,DO_NOT_USE_AS_LEGAL_BOUNDARY,SYNTHETIC_DEMO_ONLY,NO,YES,NO
DEMO-01-0037,Achooranam,Wayanad,Vythiri,DEMO-01-05,DEMO-01/361,6,3779.4,0.3779,Forest-fringe,11.5547915,76.044088,1231.9,19.1,107.5,254.1,0.29,0.29,0.358,1221.8,904.9,169.8,0.562,0.466,34.0,MEDIUM,38,CONDITIONAL_REVIEW_REQUIRED,Monitor and apply mitigation,Synthetic parcel risk score from supplied demo dataset; not an official cadastral/hazard determination,SYNTHETIC_DEMO_NOT_OFFICIAL,SYNTHETIC_DEMO_POLYGON_NOT_OFFICIAL,DO_NOT_USE_AS_LEGAL_BOUNDARY,SYNTHETIC_DEMO_ONLY,NO,YES,NO
DEMO-01-0038,Achooranam,Wayanad,Vythiri,DEMO-01-08,DEMO-01/534,2,1387.4,0.1387,Forest-fringe,11.5551849,76.045047,796.8,26.5,99.8,472.9,0.59,0.379,0.581,287.8,1198.7,645.9,0.575,0.729,50.6,HIGH,178,NOT_RECOMMENDED_UNDER_DEMO_MODEL,High caution / prioritize mitigation,Synthetic parcel risk score from supplied demo dataset; not an official cadastral/hazard determination,SYNTHETIC_DEMO_NOT_OFFICIAL,SYNTHETIC_DEMO_POLYGON_NOT_OFFICIAL,DO_NOT_USE_AS_LEGAL_BOUNDARY,SYNTHETIC_DEMO_ONLY,NO,YES,NO
DEMO-01-0039,Achooranam,Wayanad,Vythiri,DEMO-01-04,DEMO-01/173,3,598.2,0.0598,Agriculture,11.5548954,76.0462548,826.3,30.4,159.9,111.9,0.45,0.073,0.647,1782.3,851.1,153.1,0.43,0.82,46.9,MEDIUM,156,CONDITIONAL_REVIEW_REQUIRED,Monitor and apply mitigation,Synthetic parcel risk score from supplied demo dataset; not an official cadastral/hazard determination,SYNTHETIC_DEMO_NOT_OFFICIAL,SYNTHETIC_DEMO_POLYGON_NOT_OFFICIAL,DO_NOT_USE_AS_LEGAL_BOUNDARY,SYNTHETIC_DEMO_ONLY,NO,YES,NO
DEMO-01-0040,Achooranam,Wayanad,Vythiri,DEMO-01-12,DEMO-01/524,5,2472.7,0.2473,Mixed,11.5550994,76.047195,1228.1,19.3,50.1,247.5,0.26,0.469,0.499,398.7,939.4,1757.9,0.127,0.581,41.0,MEDIUM,109,CONDITIONAL_REVIEW_REQUIRED,Monitor and apply mitigation,Synthetic parcel risk score from supplied demo dataset; not an official cadastral/hazard determination,SYNTHETIC_DEMO_NOT_OFFICIAL,SYNTHETIC_DEMO_POLYGON_NOT_OFFICIAL,DO_NOT_USE_AS_LEGAL_BOUNDARY,SYNTHETIC_DEMO_ONLY,NO,YES,NO
DEMO-01-0041,Achooranam,Wayanad,Vythiri,DEMO-01-09,DEMO-01/794,1,2825.9,0.2826,Plantation,11.5549132,76.0485982,837.7,6.9,140.3,181.5,0.54,0.666,0.378,796.2,132.0,783.6,0.312,0.821,43.1,MEDIUM,124,CONDITIONAL_REVIEW_REQUIRED,Monitor and apply mitigation,Synthetic parcel risk score from supplied demo dataset; not an official cadastral/hazard determination,SYNTHETIC_DEMO_NOT_OFFICIAL,SYNTHETIC_DEMO_POLYGON_NOT_OFFICIAL,DO_NOT_USE_AS_LEGAL_BOUNDARY,SYNTHETIC_DEMO_ONLY,NO,YES,NO
DEMO-01-0042,Achooranam,Wayanad,Vythiri,DEMO-01-17,DEMO-01/440,5,948.3,0.0948,Plantation,11.5552359,76.0494681,1098.2,30.9,156.7,282.2,0.35,0.552,0.452,333.5,352.7,382.9,0.454,0.726,50.0,HIGH,174,NOT_RECOMMENDED_UNDER_DEMO_MODEL,High caution / prioritize mitigation,Synthetic parcel risk score from supplied demo dataset; not an official cadastral/hazard determination,SYNTHETIC_DEMO_NOT_OFFICIAL,SYNTHETIC_DEMO_POLYGON_NOT_OFFICIAL,DO_NOT_USE_AS_LEGAL_BOUNDARY,SYNTHETIC_DEMO_ONLY,NO,YES,NO
DEMO-01-0043,Achooranam,Wayanad,Vythiri,DEMO-01-15,DEMO-01/318,8,6583.3,0.6583,Agriculture,11.5549805,76.0506706,970.9,33.4,149.1,434.0,0.14,0.109,0.749,1032.3,508.1,655.2,0.6,0.251,51.4,HIGH,186,NOT_RECOMMENDED_UNDER_DEMO_MODEL,High caution / prioritize mitigation,Synthetic parcel risk score from supplied demo dataset; not an official cadastral/hazard determination,SYNTHETIC_DEMO_NOT_OFFICIAL,SYNTHETIC_DEMO_POLYGON_NOT_OFFICIAL,DO_NOT_USE_AS_LEGAL_BOUNDARY,SYNTHETIC_DEMO_ONLY,NO,YES,NO
DEMO-01-0044,Achooranam,Wayanad,Vythiri,DEMO-01-13,DEMO-01/804,4,6537.3,0.6537,Residential,11.5549981,76.0519257,1157.4,24.7,77.4,557.4,0.19,0.33,0.56,1856.4,111.4,107.9,0.564,0.845,38.2,MEDIUM,75,CONDITIONAL_REVIEW_REQUIRED,Monitor and apply mitigation,Synthetic parcel risk score from supplied demo dataset; not an official cadastral/hazard determination,SYNTHETIC_DEMO_NOT_OFFICIAL,SYNTHETIC_DEMO_POLYGON_NOT_OFFICIAL,DO_NOT_USE_AS_LEGAL_BOUNDARY,SYNTHETIC_DEMO_ONLY,NO,YES,NO
DEMO-01-0045,Achooranam,Wayanad,Vythiri,DEMO-01-12,DEMO-01/237,7,4608.9,0.4609,Forest-fringe,11.5549084,76.0528862,1236.3,32.1,58.8,430.9,0.01,0.12,0.617,1382.6,381.3,587.5,0.421,0.6,38.3,MEDIUM,78,CONDITIONAL_REVIEW_REQUIRED,Monitor and apply mitigation,Synthetic parcel risk score from supplied demo dataset; not an official cadastral/hazard determination,SYNTHETIC_DEMO_NOT_OFFICIAL,SYNTHETIC_DEMO_POLYGON_NOT_OFFICIAL,DO_NOT_USE_AS_LEGAL_BOUNDARY,SYNTHETIC_DEMO_ONLY,NO,YES,NO
DEMO-01-0046,Achooranam,Wayanad,Vythiri,DEMO-01-09,DEMO-01/251,5,7637.8,0.7638,Mixed,11.5551433,76.0540949,1223.7,11.5,127.8,283.4,0.97,0.592,0.449,1527.7,501.1,1071.6,0.377,0.278,44.3,MEDIUM,134,CONDITIONAL_REVIEW_REQUIRED,Monitor and apply mitigation,Synthetic parcel risk score from supplied demo dataset; not an official cadastral/hazard determination,SYNTHETIC_DEMO_NOT_OFFICIAL,SYNTHETIC_DEMO_POLYGON_NOT_OFFICIAL,DO_NOT_USE_AS_LEGAL_BOUNDARY,SYNTHETIC_DEMO_ONLY,NO,YES,NO
DEMO-01-0047,Achooranam,Wayanad,Vythiri,DEMO-01-04,DEMO-01/967,1,6156.8,0.6157,Plantation,11.5552078,76.055191,788.3,27.2,203.3,427.8,0.41,0.506,0.669,2195.2,221.1,1292.3,0.581,0.575,58.2,HIGH,227,NOT_RECOMMENDED_UNDER_DEMO_MODEL,High caution / prioritize mitigation,Synthetic parcel risk score from supplied demo dataset; not an official cadastral/hazard determination,SYNTHETIC_DEMO_NOT_OFFICIAL,SYNTHETIC_DEMO_POLYGON_NOT_OFFICIAL,DO_NOT_USE_AS_LEGAL_BOUNDARY,SYNTHETIC_DEMO_ONLY,NO,YES,NO
DEMO-01-0048,Achooranam,Wayanad,Vythiri,DEMO-01-04,DEMO-01/40,5,3888.0,0.3888,Residential,11.555097,76.0566384,1039.0,31.8,154.6,603.1,0.47,0.045,0.585,2213.9,456.7,1077.6,0.162,0.839,44.6,MEDIUM,137,CONDITIONAL_REVIEW_REQUIRED,Monitor and apply mitigation,Synthetic parcel risk score from supplied demo dataset; not an official cadastral/hazard determination,SYNTHETIC_DEMO_NOT_OFFICIAL,SYNTHETIC_DEMO_POLYGON_NOT_OFFICIAL,DO_NOT_USE_AS_LEGAL_BOUNDARY,SYNTHETIC_DEMO_ONLY,NO,YES,NO
DEMO-01-0049,Achooranam,Wayanad,Vythiri,DEMO-01-05,DEMO-01/683,8,7435.9,0.7436,Residential,11.5550374,76.0575161,1252.8,30.9,183.0,567.1,0.45,0.485,0.709,2340.4,748.7,1250.3,0.58,0.355,55.9,HIGH,217,NOT_RECOMMENDED_UNDER_DEMO_MODEL,High caution / prioritize mitigation,Synthetic parcel risk score from supplied demo dataset; not an official cadastral/hazard determination,SYNTHETIC_DEMO_NOT_OFFICIAL,SYNTHETIC_DEMO_POLYGON_NOT_OFFICIAL,DO_NOT_USE_AS_LEGAL_BOUNDARY,SYNTHETIC_DEMO_ONLY,NO,YES,NO
DEMO-01-0050,Achooranam,Wayanad,Vythiri,DEMO-01-17,DEMO-01/254,2,3387.1,0.3387,Plantation,11.5551028,76.058716,824.0,14.6,101.4,430.7,0.52,0.495,0.452,2129.3,185.3,1045.7,0.215,0.316,40.5,MEDIUM,98,CONDITIONAL_REVIEW_REQUIRED,Monitor and apply mitigation,Synthetic parcel risk score from supplied demo dataset; not an official cadastral/hazard determination,SYNTHETIC_DEMO_NOT_OFFICIAL,SYNTHETIC_DEMO_POLYGON_NOT_OFFICIAL,DO_NOT_USE_AS_LEGAL_BOUNDARY,SYNTHETIC_DEMO_ONLY,NO,YES,NO
DEMO-01-0051,Achooranam,Wayanad,Vythiri,DEMO-01-13,DEMO-01/752,4,1795.6,0.1796,Plantation,11.556284,76.0313038,1279.0,11.7,68.0,596.8,0.66,0.643,0.346,1315.9,519.9,901.9,0.218,0.406,36.0,MEDIUM,49,CONDITIONAL_REVIEW_REQUIRED,Monitor and apply mitigation,Synthetic parcel risk score from supplied demo dataset; not an official cadastral/hazard determination,SYNTHETIC_DEMO_NOT_OFFICIAL,SYNTHETIC_DEMO_POLYGON_NOT_OFFICIAL,DO_NOT_USE_AS_LEGAL_BOUNDARY,SYNTHETIC_DEMO_ONLY,NO,YES,NO
DEMO-01-0052,Achooranam,Wayanad,Vythiri,DEMO-01-01,DEMO-01/991,7,3409.9,0.341,Residential,11.5562179,76.0323595,829.4,17.1,188.2,599.0,0.82,0.422,0.384,766.1,664.7,1613.9,0.49,0.769,51.2,HIGH,185,NOT_RECOMMENDED_UNDER_DEMO_MODEL,High caution / prioritize mitigation,Synthetic parcel risk score from supplied demo dataset; not an official cadastral/hazard determination,SYNTHETIC_DEMO_NOT_OFFICIAL,SYNTHETIC_DEMO_POLYGON_NOT_OFFICIAL,DO_NOT_USE_AS_LEGAL_BOUNDARY,SYNTHETIC_DEMO_ONLY,NO,YES,NO
DEMO-01-0053,Achooranam,Wayanad,Vythiri,DEMO-01-17,DEMO-01/638,8,3839.3,0.3839,Plantation,11.5564675,76.03378,816.6,22.2,69.4,595.1,0.6,0.33,0.336,1472.6,1063.1,412.1,0.456,0.307,36.9,MEDIUM,58,CONDITIONAL_REVIEW_REQUIRED,Monitor and apply mitigation,Synthetic parcel risk score from supplied demo dataset; not an official cadastral/hazard determination,SYNTHETIC_DEMO_NOT_OFFICIAL,SYNTHETIC_DEMO_POLYGON_NOT_OFFICIAL,DO_NOT_USE_AS_LEGAL_BOUNDARY,SYNTHETIC_DEMO_ONLY,NO,YES,NO
DEMO-01-0054,Achooranam,Wayanad,Vythiri,DEMO-01-19,DEMO-01/655,8,4209.7,0.421,Plantation,11.5563402,76.034594,768.0,19.5,63.1,124.1,0.63,0.368,0.364,1603.4,671.7,1340.2,0.576,0.894,40.4,MEDIUM,97,CONDITIONAL_REVIEW_REQUIRED,Monitor and apply mitigation,Synthetic parcel risk score from supplied demo dataset; not an official cadastral/hazard determination,SYNTHETIC_DEMO_NOT_OFFICIAL,SYNTHETIC_DEMO_POLYGON_NOT_OFFICIAL,DO_NOT_USE_AS_LEGAL_BOUNDARY,SYNTHETIC_DEMO_ONLY,NO,YES,NO
DEMO-01-0055,Achooranam,Wayanad,Vythiri,DEMO-01-03,DEMO-01/59,3,4869.5,0.487,Residential,11.5560752,76.0358954,764.9,38.0,209.5,396.7,0.91,0.273,0.691,486.7,397.7,95.0,0.41,0.708,61.5,HIGH,238,NOT_RECOMMENDED_UNDER_DEMO_MODEL,High caution / prioritize mitigation,Synthetic parcel risk score from supplied demo dataset; not an official cadastral/hazard determination,SYNTHETIC_DEMO_NOT_OFFICIAL,SYNTHETIC_DEMO_POLYGON_NOT_OFFICIAL,DO_NOT_USE_AS_LEGAL_BOUNDARY,SYNTHETIC_DEMO_ONLY,NO,YES,NO
DEMO-01-0056,Achooranam,Wayanad,Vythiri,DEMO-01-09,DEMO-01/270,3,4695.6,0.4696,Mixed,11.5562235,76.0370169,745.2,28.6,125.4,615.6,0.32,0.108,0.475,2025.7,299.5,1081.7,0.02,0.51,40.7,MEDIUM,102,CONDITIONAL_REVIEW_REQUIRED,Monitor and apply mitigation,Synthetic parcel risk score from supplied demo dataset; not an official cadastral/hazard determination,SYNTHETIC_DEMO_NOT_OFFICIAL,SYNTHETIC_DEMO_POLYGON_NOT_OFFICIAL,DO_NOT_USE_AS_LEGAL_BOUNDARY,SYNTHETIC_DEMO_ONLY,NO,YES,NO
DEMO-01-0057,Achooranam,Wayanad,Vythiri,DEMO-01-14,DEMO-01/303,1,4515.9,0.4516,Plantation,11.556068,76.0379609,1101.2,30.4,47.3,535.3,0.46,0.832,0.491,1165.2,996.5,1772.8,0.369,0.72,50.9,HIGH,182,NOT_RECOMMENDED_UNDER_DEMO_MODEL,High caution / prioritize mitigation,Synthetic parcel risk score from supplied demo dataset; not an official cadastral/hazard determination,SYNTHETIC_DEMO_NOT_OFFICIAL,SYNTHETIC_DEMO_POLYGON_NOT_OFFICIAL,DO_NOT_USE_AS_LEGAL_BOUNDARY,SYNTHETIC_DEMO_ONLY,NO,YES,NO
DEMO-01-0058,Achooranam,Wayanad,Vythiri,DEMO-01-03,DEMO-01/398,5,5645.5,0.5646,Forest-fringe,11.5563409,76.0394687,1292.2,32.7,158.1,368.9,0.43,0.192,0.696,764.7,233.7,799.3,0.273,0.897,50.7,HIGH,179,NOT_RECOMMENDED_UNDER_DEMO_MODEL,High caution / prioritize mitigation,Synthetic parcel risk score from supplied demo dataset; not an official cadastral/hazard determination,SYNTHETIC_DEMO_NOT_OFFICIAL,SYNTHETIC_DEMO_POLYGON_NOT_OFFICIAL,DO_NOT_USE_AS_LEGAL_BOUNDARY,SYNTHETIC_DEMO_ONLY,NO,YES,NO
DEMO-01-0059,Achooranam,Wayanad,Vythiri,DEMO-01-19,DEMO-01/935,1,1009.8,0.101,Plantation,11.5563021,76.040462,1139.1,7.3,104.7,418.7,0.34,0.366,0.314,609.7,808.8,294.9,0.521,0.478,32.2,MEDIUM,28,CONDITIONAL_REVIEW_REQUIRED,Monitor and apply mitigation,Synthetic parcel risk score from supplied demo dataset; not an official cadastral/hazard determination,SYNTHETIC_DEMO_NOT_OFFICIAL,SYNTHETIC_DEMO_POLYGON_NOT_OFFICIAL,DO_NOT_USE_AS_LEGAL_BOUNDARY,SYNTHETIC_DEMO_ONLY,NO,YES,NO
DEMO-01-0060,Achooranam,Wayanad,Vythiri,DEMO-01-17,DEMO-01/982,5,5966.4,0.5966,Mixed,11.5560347,76.041722,879.2,17.1,180.0,515.1,0.54,0.59,0.323,2441.8,147.9,1565.4,0.648,0.379,46.8,MEDIUM,155,CONDITIONAL_REVIEW_REQUIRED,Monitor and apply mitigation,Synthetic parcel risk score from supplied demo dataset; not an official cadastral/hazard determination,SYNTHETIC_DEMO_NOT_OFFICIAL,SYNTHETIC_DEMO_POLYGON_NOT_OFFICIAL,DO_NOT_USE_AS_LEGAL_BOUNDARY,SYNTHETIC_DEMO_ONLY,NO,YES,NO
DEMO-01-0061,Achooranam,Wayanad,Vythiri,DEMO-01-01,DEMO-01/264,8,1874.8,0.1875,Residential,11.5561026,76.0429505,825.2,12.4,57.5,141.3,0.0,0.126,0.199,888.7,532.8,469.2,0.529,0.596,24.9,LOW,4,CANDIDATE_FOR_FURTHER_ASSESSMENT,Normal monitoring,Synthetic parcel risk score from supplied demo dataset; not an official cadastral/hazard determination,SYNTHETIC_DEMO_NOT_OFFICIAL,SYNTHETIC_DEMO_POLYGON_NOT_OFFICIAL,DO_NOT_USE_AS_LEGAL_BOUNDARY,SYNTHETIC_DEMO_ONLY,NO,YES,NO
DEMO-01-0062,Achooranam,Wayanad,Vythiri,DEMO-01-13,DEMO-01/148,7,695.7,0.0696,Residential,11.5562018,76.0437112,1253.8,37.3,125.9,446.6,0.72,0.76,0.598,996.1,97.9,1354.8,0.531,0.89,59.9,HIGH,232,NOT_RECOMMENDED_UNDER_DEMO_MODEL,High caution / prioritize mitigation,Synthetic parcel risk score from supplied demo dataset; not an official cadastral/hazard determination,SYNTHETIC_DEMO_NOT_OFFICIAL,SYNTHETIC_DEMO_POLYGON_NOT_OFFICIAL,DO_NOT_USE_AS_LEGAL_BOUNDARY,SYNTHETIC_DEMO_ONLY,NO,YES,NO
DEMO-01-0063,Achooranam,Wayanad,Vythiri,DEMO-01-02,DEMO-01/436,2,2002.4,0.2002,Forest-fringe,11.5560767,76.0449732,1220.4,29.3,43.8,391.7,0.03,0.151,0.714,965.6,742.4,1580.6,0.176,0.375,42.3,MEDIUM,120,CONDITIONAL_REVIEW_REQUIRED,Monitor and apply mitigation,Synthetic parcel risk score from supplied demo dataset; not an official cadastral/hazard determination,SYNTHETIC_DEMO_NOT_OFFICIAL,SYNTHETIC_DEMO_POLYGON_NOT_OFFICIAL,DO_NOT_USE_AS_LEGAL_BOUNDARY,SYNTHETIC_DEMO_ONLY,NO,YES,NO
DEMO-01-0064,Achooranam,Wayanad,Vythiri,DEMO-01-04,DEMO-01/33,4,2967.9,0.2968,Mixed,11.5563834,76.0463722,705.3,33.5,102.7,482.7,0.18,0.444,0.774,1912.7,796.0,1342.1,0.241,0.473,54.5,HIGH,208,NOT_RECOMMENDED_UNDER_DEMO_MODEL,High caution / prioritize mitigation,Synthetic parcel risk score from supplied demo dataset; not an official cadastral/hazard determination,SYNTHETIC_DEMO_NOT_OFFICIAL,SYNTHETIC_DEMO_POLYGON_NOT_OFFICIAL,DO_NOT_USE_AS_LEGAL_BOUNDARY,SYNTHETIC_DEMO_ONLY,NO,YES,NO
DEMO-01-0065,Achooranam,Wayanad,Vythiri,DEMO-01-04,DEMO-01/89,5,7583.1,0.7583,Forest-fringe,11.556333,76.0471955,812.8,22.7,205.5,477.9,0.65,0.341,0.609,289.2,1016.4,477.5,0.044,0.411,53.2,HIGH,199,NOT_RECOMMENDED_UNDER_DEMO_MODEL,High caution / prioritize mitigation,Synthetic parcel risk score from supplied demo dataset; not an official cadastral/hazard determination,SYNTHETIC_DEMO_NOT_OFFICIAL,SYNTHETIC_DEMO_POLYGON_NOT_OFFICIAL,DO_NOT_USE_AS_LEGAL_BOUNDARY,SYNTHETIC_DEMO_ONLY,NO,YES,NO
DEMO-01-0066,Achooranam,Wayanad,Vythiri,DEMO-01-07,DEMO-01/987,8,5474.8,0.5475,Mixed,11.556482,76.0486218,834.0,11.0,95.9,587.5,1.22,0.803,0.25,1348.6,1178.7,342.1,0.049,0.635,40.7,MEDIUM,102,CONDITIONAL_REVIEW_REQUIRED,Monitor and apply mitigation,Synthetic parcel risk score from supplied demo dataset; not an official cadastral/hazard determination,SYNTHETIC_DEMO_NOT_OFFICIAL,SYNTHETIC_DEMO_POLYGON_NOT_OFFICIAL,DO_NOT_USE_AS_LEGAL_BOUNDARY,SYNTHETIC_DEMO_ONLY,NO,YES,NO
DEMO-01-0067,Achooranam,Wayanad,Vythiri,DEMO-01-05,DEMO-01/777,1,2558.3,0.2558,Residential,11.5563621,76.0497962,1189.2,33.5,188.6,211.8,0.58,0.303,0.73,1127.3,709.8,1013.6,0.615,0.425,58.1,HIGH,226,NOT_RECOMMENDED_UNDER_DEMO_MODEL,High caution / prioritize mitigation,Synthetic parcel risk score from supplied demo dataset; not an official cadastral/hazard determination,SYNTHETIC_DEMO_NOT_OFFICIAL,SYNTHETIC_DEMO_POLYGON_NOT_OFFICIAL,DO_NOT_USE_AS_LEGAL_BOUNDARY,SYNTHETIC_DEMO_ONLY,NO,YES,NO
DEMO-01-0068,Achooranam,Wayanad,Vythiri,DEMO-01-02,DEMO-01/516,9,1913.7,0.1914,Forest-fringe,11.556357,76.0507584,821.3,35.8,142.0,560.6,0.62,0.495,0.549,2440.7,183.5,204.2,0.492,0.816,51.0,HIGH,183,NOT_RECOMMENDED_UNDER_DEMO_MODEL,High caution / prioritize mitigation,Synthetic parcel risk score from supplied demo dataset; not an official cadastral/hazard determination,SYNTHETIC_DEMO_NOT_OFFICIAL,SYNTHETIC_DEMO_POLYGON_NOT_OFFICIAL,DO_NOT_USE_AS_LEGAL_BOUNDARY,SYNTHETIC_DEMO_ONLY,NO,YES,NO
DEMO-01-0069,Achooranam,Wayanad,Vythiri,DEMO-01-13,DEMO-01/266,2,7864.4,0.7864,Agriculture,11.5561042,76.0518467,1232.0,23.3,81.2,370.1,0.38,0.35,0.558,780.0,875.4,254.9,0.511,0.614,41.1,MEDIUM,110,CONDITIONAL_REVIEW_REQUIRED,Monitor and apply mitigation,Synthetic parcel risk score from supplied demo dataset; not an official cadastral/hazard determination,SYNTHETIC_DEMO_NOT_OFFICIAL,SYNTHETIC_DEMO_POLYGON_NOT_OFFICIAL,DO_NOT_USE_AS_LEGAL_BOUNDARY,SYNTHETIC_DEMO_ONLY,NO,YES,NO
DEMO-01-0070,Achooranam,Wayanad,Vythiri,DEMO-01-09,DEMO-01/614,1,839.7,0.084,Residential,11.5564435,76.0529498,890.0,28.7,118.9,506.8,0.59,0.723,0.606,966.8,141.2,1601.0,0.11,0.54,56.8,HIGH,221,NOT_RECOMMENDED_UNDER_DEMO_MODEL,High caution / prioritize mitigation,Synthetic parcel risk score from supplied demo dataset; not an official cadastral/hazard determination,SYNTHETIC_DEMO_NOT_OFFICIAL,SYNTHETIC_DEMO_POLYGON_NOT_OFFICIAL,DO_NOT_USE_AS_LEGAL_BOUNDARY,SYNTHETIC_DEMO_ONLY,NO,YES,NO
DEMO-01-0071,Achooranam,Wayanad,Vythiri,DEMO-01-11,DEMO-01/785,7,5850.7,0.5851,Residential,11.5560902,76.0544832,893.4,13.6,196.0,526.6,0.04,0.123,0.204,369.5,519.8,1596.1,0.563,0.541,38.1,MEDIUM,74,CONDITIONAL_REVIEW_REQUIRED,Monitor and apply mitigation,Synthetic parcel risk score from supplied demo dataset; not an official cadastral/hazard determination,SYNTHETIC_DEMO_NOT_OFFICIAL,SYNTHETIC_DEMO_POLYGON_NOT_OFFICIAL,DO_NOT_USE_AS_LEGAL_BOUNDARY,SYNTHETIC_DEMO_ONLY,NO,YES,NO
DEMO-01-0072,Achooranam,Wayanad,Vythiri,DEMO-01-05,DEMO-01/795,1,6109.5,0.611,Agriculture,11.5563245,76.0555389,915.9,23.3,185.4,604.6,0.51,0.199,0.424,286.8,432.9,437.2,0.572,0.491,46.5,MEDIUM,154,CONDITIONAL_REVIEW_REQUIRED,Monitor and apply mitigation,Synthetic parcel risk score from supplied demo dataset; not an official cadastral/hazard determination,SYNTHETIC_DEMO_NOT_OFFICIAL,SYNTHETIC_DEMO_POLYGON_NOT_OFFICIAL,DO_NOT_USE_AS_LEGAL_BOUNDARY,SYNTHETIC_DEMO_ONLY,NO,YES,NO
DEMO-01-0073,Achooranam,Wayanad,Vythiri,DEMO-01-19,DEMO-01/804,6,5748.5,0.5748,Mixed,11.556189,76.0565343,1041.8,12.6,43.4,142.2,0.6,0.396,0.209,1094.0,631.0,1597.9,0.446,0.336,32.8,MEDIUM,33,CONDITIONAL_REVIEW_REQUIRED,Monitor and apply mitigation,Synthetic parcel risk score from supplied demo dataset; not an official cadastral/hazard determination,SYNTHETIC_DEMO_NOT_OFFICIAL,SYNTHETIC_DEMO_POLYGON_NOT_OFFICIAL,DO_NOT_USE_AS_LEGAL_BOUNDARY,SYNTHETIC_DEMO_ONLY,NO,YES,NO
DEMO-01-0074,Achooranam,Wayanad,Vythiri,DEMO-01-13,DEMO-01/532,6,5688.9,0.5689,Forest-fringe,11.5561969,76.0574841,1014.4,32.7,56.9,313.6,0.46,0.48,0.626,685.9,180.5,911.6,0.245,0.647,49.1,MEDIUM,168,CONDITIONAL_REVIEW_REQUIRED,Monitor and apply mitigation,Synthetic parcel risk score from supplied demo dataset; not an official cadastral/hazard determination,SYNTHETIC_DEMO_NOT_OFFICIAL,SYNTHETIC_DEMO_POLYGON_NOT_OFFICIAL,DO_NOT_USE_AS_LEGAL_BOUNDARY,SYNTHETIC_DEMO_ONLY,NO,YES,NO
DEMO-01-0075,Achooranam,Wayanad,Vythiri,DEMO-01-15,DEMO-01/606,5,5391.1,0.5391,Mixed,11.5563156,76.0586956,998.8,14.7,55.5,486.8,0.49,0.522,0.253,1865.1,166.3,108.3,0.434,0.476,30.5,MEDIUM,19,CONDITIONAL_REVIEW_REQUIRED,Monitor and apply mitigation,Synthetic parcel risk score from supplied demo dataset; not an official cadastral/hazard determination,SYNTHETIC_DEMO_NOT_OFFICIAL,SYNTHETIC_DEMO_POLYGON_NOT_OFFICIAL,DO_NOT_USE_AS_LEGAL_BOUNDARY,SYNTHETIC_DEMO_ONLY,NO,YES,NO
DEMO-01-0076,Achooranam,Wayanad,Vythiri,DEMO-01-04,DEMO-01/82,4,1696.6,0.1697,Mixed,11.557542,76.0314952,1115.3,10.1,117.3,605.2,0.12,0.142,0.275,1800.2,43.4,1642.1,0.115,0.393,28.6,MEDIUM,9,CONDITIONAL_REVIEW_REQUIRED,Monitor and apply mitigation,Synthetic parcel risk score from supplied demo dataset; not an official cadastral/hazard determination,SYNTHETIC_DEMO_NOT_OFFICIAL,SYNTHETIC_DEMO_POLYGON_NOT_OFFICIAL,DO_NOT_USE_AS_LEGAL_BOUNDARY,SYNTHETIC_DEMO_ONLY,NO,YES,NO
DEMO-01-0077,Achooranam,Wayanad,Vythiri,DEMO-01-17,DEMO-01/305,1,1558.4,0.1558,Agriculture,11.5576601,76.0326091,984.7,14.7,99.3,143.0,0.07,0.203,0.475,2405.9,590.7,361.9,0.402,0.454,31.6,MEDIUM,22,CONDITIONAL_REVIEW_REQUIRED,Monitor and apply mitigation,Synthetic parcel risk score from supplied demo dataset; not an official cadastral/hazard determination,SYNTHETIC_DEMO_NOT_OFFICIAL,SYNTHETIC_DEMO_POLYGON_NOT_OFFICIAL,DO_NOT_USE_AS_LEGAL_BOUNDARY,SYNTHETIC_DEMO_ONLY,NO,YES,NO
DEMO-01-0078,Achooranam,Wayanad,Vythiri,DEMO-01-09,DEMO-01/562,9,5603.5,0.5604,Agriculture,11.5576769,76.0333344,946.4,30.8,40.6,402.6,0.61,0.107,0.585,2373.5,318.6,409.7,0.144,0.535,37.2,MEDIUM,61,CONDITIONAL_REVIEW_REQUIRED,Monitor and apply mitigation,Synthetic parcel risk score from supplied demo dataset; not an official cadastral/hazard determination,SYNTHETIC_DEMO_NOT_OFFICIAL,SYNTHETIC_DEMO_POLYGON_NOT_OFFICIAL,DO_NOT_USE_AS_LEGAL_BOUNDARY,SYNTHETIC_DEMO_ONLY,NO,YES,NO
DEMO-01-0079,Achooranam,Wayanad,Vythiri,DEMO-01-17,DEMO-01/748,5,7695.7,0.7696,Forest-fringe,11.5574691,76.0346489,970.2,18.3,40.5,608.0,0.72,0.645,0.386,511.2,300.8,1446.7,0.304,0.346,43.6,MEDIUM,128,CONDITIONAL_REVIEW_REQUIRED,Monitor and apply mitigation,Synthetic parcel risk score from supplied demo dataset; not an official cadastral/hazard determination,SYNTHETIC_DEMO_NOT_OFFICIAL,SYNTHETIC_DEMO_POLYGON_NOT_OFFICIAL,DO_NOT_USE_AS_LEGAL_BOUNDARY,SYNTHETIC_DEMO_ONLY,NO,YES,NO
DEMO-01-0080,Achooranam,Wayanad,Vythiri,DEMO-01-17,DEMO-01/330,4,6927.6,0.6928,Forest-fringe,11.557475,76.0357816,800.9,35.1,102.7,430.4,0.89,0.666,0.555,1711.7,490.9,513.8,0.577,0.857,55.4,HIGH,214,NOT_RECOMMENDED_UNDER_DEMO_MODEL,High caution / prioritize mitigation,Synthetic parcel risk score from supplied demo dataset; not an official cadastral/hazard determination,SYNTHETIC_DEMO_NOT_OFFICIAL,SYNTHETIC_DEMO_POLYGON_NOT_OFFICIAL,DO_NOT_USE_AS_LEGAL_BOUNDARY,SYNTHETIC_DEMO_ONLY,NO,YES,NO
DEMO-01-0081,Achooranam,Wayanad,Vythiri,DEMO-01-04,DEMO-01/57,1,7318.5,0.7318,Residential,11.5572699,76.036934,1163.2,5.2,217.8,346.0,0.61,0.308,0.235,1322.8,940.8,1739.9,0.045,0.613,37.7,MEDIUM,68,CONDITIONAL_REVIEW_REQUIRED,Monitor and apply mitigation,Synthetic parcel risk score from supplied demo dataset; not an official cadastral/hazard determination,SYNTHETIC_DEMO_NOT_OFFICIAL,SYNTHETIC_DEMO_POLYGON_NOT_OFFICIAL,DO_NOT_USE_AS_LEGAL_BOUNDARY,SYNTHETIC_DEMO_ONLY,NO,YES,NO
DEMO-01-0082,Achooranam,Wayanad,Vythiri,DEMO-01-05,DEMO-01/773,6,1669.4,0.1669,Mixed,11.557347,76.0381521,1065.7,5.6,180.1,415.9,1.17,0.745,0.218,2097.5,383.3,1039.0,0.248,0.311,42.1,MEDIUM,118,CONDITIONAL_REVIEW_REQUIRED,Monitor and apply mitigation,Synthetic parcel risk score from supplied demo dataset; not an official cadastral/hazard determination,SYNTHETIC_DEMO_NOT_OFFICIAL,SYNTHETIC_DEMO_POLYGON_NOT_OFFICIAL,DO_NOT_USE_AS_LEGAL_BOUNDARY,SYNTHETIC_DEMO_ONLY,NO,YES,NO
DEMO-01-0083,Achooranam,Wayanad,Vythiri,DEMO-01-11,DEMO-01/29,8,2068.2,0.2068,Residential,11.5574941,76.0390272,1289.5,37.3,38.0,330.4,0.3,0.022,0.677,2043.0,282.7,484.1,0.559,0.261,39.2,MEDIUM,86,CONDITIONAL_REVIEW_REQUIRED,Monitor and apply mitigation,Synthetic parcel risk score from supplied demo dataset; not an official cadastral/hazard determination,SYNTHETIC_DEMO_NOT_OFFICIAL,SYNTHETIC_DEMO_POLYGON_NOT_OFFICIAL,DO_NOT_USE_AS_LEGAL_BOUNDARY,SYNTHETIC_DEMO_ONLY,NO,YES,NO
DEMO-01-0084,Achooranam,Wayanad,Vythiri,DEMO-01-03,DEMO-01/971,9,2822.9,0.2823,Plantation,11.5577107,76.0404657,972.2,14.5,148.2,337.5,0.52,0.263,0.217,365.5,836.9,1421.3,0.073,0.524,37.3,MEDIUM,63,CONDITIONAL_REVIEW_REQUIRED,Monitor and apply mitigation,Synthetic parcel risk score from supplied demo dataset; not an official cadastral/hazard determination,SYNTHETIC_DEMO_NOT_OFFICIAL,SYNTHETIC_DEMO_POLYGON_NOT_OFFICIAL,DO_NOT_USE_AS_LEGAL_BOUNDARY,SYNTHETIC_DEMO_ONLY,NO,YES,NO
DEMO-01-0085,Achooranam,Wayanad,Vythiri,DEMO-01-04,DEMO-01/914,2,6120.1,0.612,Residential,11.5572929,76.0415194,741.6,28.9,164.1,221.2,0.77,0.652,0.446,1265.0,718.5,1555.1,0.036,0.441,55.4,HIGH,214,NOT_RECOMMENDED_UNDER_DEMO_MODEL,High caution / prioritize mitigation,Synthetic parcel risk score from supplied demo dataset; not an official cadastral/hazard determination,SYNTHETIC_DEMO_NOT_OFFICIAL,SYNTHETIC_DEMO_POLYGON_NOT_OFFICIAL,DO_NOT_USE_AS_LEGAL_BOUNDARY,SYNTHETIC_DEMO_ONLY,NO,YES,NO
DEMO-01-0086,Achooranam,Wayanad,Vythiri,DEMO-01-18,DEMO-01/559,3,510.5,0.051,Agriculture,11.5573604,76.0425453,841.2,35.3,172.6,213.7,0.31,0.446,0.645,2327.7,606.6,357.2,0.505,0.743,53.3,HIGH,201,NOT_RECOMMENDED_UNDER_DEMO_MODEL,High caution / prioritize mitigation,Synthetic parcel risk score from supplied demo dataset; not an official cadastral/hazard determination,SYNTHETIC_DEMO_NOT_OFFICIAL,SYNTHETIC_DEMO_POLYGON_NOT_OFFICIAL,DO_NOT_USE_AS_LEGAL_BOUNDARY,SYNTHETIC_DEMO_ONLY,NO,YES,NO
DEMO-01-0087,Achooranam,Wayanad,Vythiri,DEMO-01-16,DEMO-01/264,4,5684.0,0.5684,Residential,11.5574385,76.043923,1131.2,30.3,67.8,498.4,0.93,0.778,0.569,1999.7,690.1,1553.2,0.649,0.9,54.7,HIGH,209,NOT_RECOMMENDED_UNDER_DEMO_MODEL,High caution / prioritize mitigation,Synthetic parcel risk score from supplied demo dataset; not an official cadastral/hazard determination,SYNTHETIC_DEMO_NOT_OFFICIAL,SYNTHETIC_DEMO_POLYGON_NOT_OFFICIAL,DO_NOT_USE_AS_LEGAL_BOUNDARY,SYNTHETIC_DEMO_ONLY,NO,YES,NO
DEMO-01-0088,Achooranam,Wayanad,Vythiri,DEMO-01-12,DEMO-01/290,4,1400.5,0.14,Mixed,11.5573433,76.0451693,946.0,35.4,77.2,324.9,0.56,0.663,0.512,292.4,262.4,140.3,0.524,0.443,51.5,HIGH,187,NOT_RECOMMENDED_UNDER_DEMO_MODEL,High caution / prioritize mitigation,Synthetic parcel risk score from supplied demo dataset; not an official cadastral/hazard determination,SYNTHETIC_DEMO_NOT_OFFICIAL,SYNTHETIC_DEMO_POLYGON_NOT_OFFICIAL,DO_NOT_USE_AS_LEGAL_BOUNDARY,SYNTHETIC_DEMO_ONLY,NO,YES,NO
DEMO-01-0089,Achooranam,Wayanad,Vythiri,DEMO-01-19,DEMO-01/946,4,4825.1,0.4825,Plantation,11.5576726,76.0463752,741.8,9.8,117.3,315.0,1.4,0.772,0.277,2426.2,712.5,1435.5,0.201,0.416,45.3,MEDIUM,143,CONDITIONAL_REVIEW_REQUIRED,Monitor and apply mitigation,Synthetic parcel risk score from supplied demo dataset; not an official cadastral/hazard determination,SYNTHETIC_DEMO_NOT_OFFICIAL,SYNTHETIC_DEMO_POLYGON_NOT_OFFICIAL,DO_NOT_USE_AS_LEGAL_BOUNDARY,SYNTHETIC_DEMO_ONLY,NO,YES,NO
DEMO-01-0090,Achooranam,Wayanad,Vythiri,DEMO-01-11,DEMO-01/541,9,2123.8,0.2124,Forest-fringe,11.5573939,76.0471185,856.8,27.9,119.8,282.9,0.71,0.635,0.701,1471.5,1128.9,236.7,0.578,0.816,55.5,HIGH,216,NOT_RECOMMENDED_UNDER_DEMO_MODEL,High caution / prioritize mitigation,Synthetic parcel risk score from supplied demo dataset; not an official cadastral/hazard determination,SYNTHETIC_DEMO_NOT_OFFICIAL,SYNTHETIC_DEMO_POLYGON_NOT_OFFICIAL,DO_NOT_USE_AS_LEGAL_BOUNDARY,SYNTHETIC_DEMO_ONLY,NO,YES,NO
DEMO-01-0091,Achooranam,Wayanad,Vythiri,DEMO-01-12,DEMO-01/27,8,2555.6,0.2556,Agriculture,11.5576093,76.0484038,1148.5,20.3,105.0,525.1,0.67,0.602,0.389,786.9,341.0,1220.8,0.106,0.396,44.0,MEDIUM,132,CONDITIONAL_REVIEW_REQUIRED,Monitor and apply mitigation,Synthetic parcel risk score from supplied demo dataset; not an official cadastral/hazard determination,SYNTHETIC_DEMO_NOT_OFFICIAL,SYNTHETIC_DEMO_POLYGON_NOT_OFFICIAL,DO_NOT_USE_AS_LEGAL_BOUNDARY,SYNTHETIC_DEMO_ONLY,NO,YES,NO
DEMO-01-0092,Achooranam,Wayanad,Vythiri,DEMO-01-17,DEMO-01/149,3,6781.6,0.6782,Forest-fringe,11.5576641,76.0497687,1113.8,14.9,165.7,208.2,0.87,0.731,0.272,729.4,568.9,818.5,0.415,0.437,46.4,MEDIUM,153,CONDITIONAL_REVIEW_REQUIRED,Monitor and apply mitigation,Synthetic parcel risk score from supplied demo dataset; not an official cadastral/hazard determination,SYNTHETIC_DEMO_NOT_OFFICIAL,SYNTHETIC_DEMO_POLYGON_NOT_OFFICIAL,DO_NOT_USE_AS_LEGAL_BOUNDARY,SYNTHETIC_DEMO_ONLY,NO,YES,NO
DEMO-01-0093,Achooranam,Wayanad,Vythiri,DEMO-01-09,DEMO-01/374,6,7255.5,0.7256,Plantation,11.5577444,76.0506728,877.1,34.5,219.7,383.1,0.48,0.728,0.63,576.2,293.1,1446.9,0.054,0.564,64.9,HIGH,243,NOT_RECOMMENDED_UNDER_DEMO_MODEL,High caution / prioritize mitigation,Synthetic parcel risk score from supplied demo dataset; not an official cadastral/hazard determination,SYNTHETIC_DEMO_NOT_OFFICIAL,SYNTHETIC_DEMO_POLYGON_NOT_OFFICIAL,DO_NOT_USE_AS_LEGAL_BOUNDARY,SYNTHETIC_DEMO_ONLY,NO,YES,NO
DEMO-01-0094,Achooranam,Wayanad,Vythiri,DEMO-01-13,DEMO-01/514,5,4877.8,0.4878,Mixed,11.5576391,76.0519892,1243.7,18.0,82.5,602.3,0.09,0.25,0.301,595.7,575.4,1161.5,0.42,0.728,32.6,MEDIUM,31,CONDITIONAL_REVIEW_REQUIRED,Monitor and apply mitigation,Synthetic parcel risk score from supplied demo dataset; not an official cadastral/hazard determination,SYNTHETIC_DEMO_NOT_OFFICIAL,SYNTHETIC_DEMO_POLYGON_NOT_OFFICIAL,DO_NOT_USE_AS_LEGAL_BOUNDARY,SYNTHETIC_DEMO_ONLY,NO,YES,NO
DEMO-01-0095,Achooranam,Wayanad,Vythiri,DEMO-01-17,DEMO-01/288,9,619.7,0.062,Agriculture,11.5574437,76.0529653,960.8,20.6,134.8,252.6,0.66,0.393,0.396,2015.5,780.7,809.8,0.169,0.642,40.9,MEDIUM,106,CONDITIONAL_REVIEW_REQUIRED,Monitor and apply mitigation,Synthetic parcel risk score from supplied demo dataset; not an official cadastral/hazard determination,SYNTHETIC_DEMO_NOT_OFFICIAL,SYNTHETIC_DEMO_POLYGON_NOT_OFFICIAL,DO_NOT_USE_AS_LEGAL_BOUNDARY,SYNTHETIC_DEMO_ONLY,NO,YES,NO
DEMO-01-0096,Achooranam,Wayanad,Vythiri,DEMO-01-07,DEMO-01/844,6,1190.9,0.1191,Residential,11.5574528,76.0542396,757.9,36.3,200.5,419.0,0.33,0.126,0.633,189.0,32.7,913.9,0.411,0.796,56.8,HIGH,221,NOT_RECOMMENDED_UNDER_DEMO_MODEL,High caution / prioritize mitigation,Synthetic parcel risk score from supplied demo dataset; not an official cadastral/hazard determination,SYNTHETIC_DEMO_NOT_OFFICIAL,SYNTHETIC_DEMO_POLYGON_NOT_OFFICIAL,DO_NOT_USE_AS_LEGAL_BOUNDARY,SYNTHETIC_DEMO_ONLY,NO,YES,NO
DEMO-01-0097,Achooranam,Wayanad,Vythiri,DEMO-01-15,DEMO-01/699,8,7634.4,0.7634,Plantation,11.5573976,76.0553958,1246.6,28.6,42.5,265.2,0.08,0.245,0.609,1085.6,394.6,705.4,0.203,0.31,38.0,MEDIUM,72,CONDITIONAL_REVIEW_REQUIRED,Monitor and apply mitigation,Synthetic parcel risk score from supplied demo dataset; not an official cadastral/hazard determination,SYNTHETIC_DEMO_NOT_OFFICIAL,SYNTHETIC_DEMO_POLYGON_NOT_OFFICIAL,DO_NOT_USE_AS_LEGAL_BOUNDARY,SYNTHETIC_DEMO_ONLY,NO,YES,NO
DEMO-01-0098,Achooranam,Wayanad,Vythiri,DEMO-01-15,DEMO-01/308,5,2013.7,0.2014,Forest-fringe,11.5577887,76.0565911,1167.1,5.4,143.9,563.6,0.85,0.758,0.225,1278.4,125.7,1565.5,0.209,0.651,40.9,MEDIUM,106,CONDITIONAL_REVIEW_REQUIRED,Monitor and apply mitigation,Synthetic parcel risk score from supplied demo dataset; not an official cadastral/hazard determination,SYNTHETIC_DEMO_NOT_OFFICIAL,SYNTHETIC_DEMO_POLYGON_NOT_OFFICIAL,DO_NOT_USE_AS_LEGAL_BOUNDARY,SYNTHETIC_DEMO_ONLY,NO,YES,NO
DEMO-01-0099,Achooranam,Wayanad,Vythiri,DEMO-01-01,DEMO-01/680,6,975.8,0.0976,Forest-fringe,11.5573685,76.0576068,1115.9,23.0,49.4,358.3,0.32,0.075,0.438,1818.2,996.6,1752.5,0.022,0.849,33.0,MEDIUM,34,CONDITIONAL_REVIEW_REQUIRED,Monitor and apply mitigation,Synthetic parcel risk score from supplied demo dataset; not an official cadastral/hazard determination,SYNTHETIC_DEMO_NOT_OFFICIAL,SYNTHETIC_DEMO_POLYGON_NOT_OFFICIAL,DO_NOT_USE_AS_LEGAL_BOUNDARY,SYNTHETIC_DEMO_ONLY,NO,YES,NO
DEMO-01-0100,Achooranam,Wayanad,Vythiri,DEMO-01-08,DEMO-01/794,4,5481.5,0.5482,Residential,11.5576039,76.058513,1009.5,28.2,153.1,243.9,0.42,0.174,0.551,468.4,1041.3,992.5,0.559,0.719,49.2,MEDIUM,170,CONDITIONAL_REVIEW_REQUIRED,Monitor and apply mitigation,Synthetic parcel risk score from supplied demo dataset; not an official cadastral/hazard determination,SYNTHETIC_DEMO_NOT_OFFICIAL,SYNTHETIC_DEMO_POLYGON_NOT_OFFICIAL,DO_NOT_USE_AS_LEGAL_BOUNDARY,SYNTHETIC_DEMO_ONLY,NO,YES,NO
DEMO-01-0101,Achooranam,Wayanad,Vythiri,DEMO-01-02,DEMO-01/533,7,2149.2,0.2149,Agriculture,11.5586025,76.0311916,1202.2,8.6,162.3,511.3,0.37,0.219,0.366,1281.1,1134.1,147.7,0.643,0.883,33.9,MEDIUM,36,CONDITIONAL_REVIEW_REQUIRED,Monitor and apply mitigation,Synthetic parcel risk score from supplied demo dataset; not an official cadastral/hazard determination,SYNTHETIC_DEMO_NOT_OFFICIAL,SYNTHETIC_DEMO_POLYGON_NOT_OFFICIAL,DO_NOT_USE_AS_LEGAL_BOUNDARY,SYNTHETIC_DEMO_ONLY,NO,YES,NO
DEMO-01-0102,Achooranam,Wayanad,Vythiri,DEMO-01-06,DEMO-01/821,2,2219.8,0.222,Agriculture,11.5586244,76.032578,1153.7,34.0,98.8,353.3,0.63,0.309,0.768,1897.2,140.4,371.9,0.534,0.817,50.5,HIGH,177,NOT_RECOMMENDED_UNDER_DEMO_MODEL,High caution / prioritize mitigation,Synthetic parcel risk score from supplied demo dataset; not an official cadastral/hazard determination,SYNTHETIC_DEMO_NOT_OFFICIAL,SYNTHETIC_DEMO_POLYGON_NOT_OFFICIAL,DO_NOT_USE_AS_LEGAL_BOUNDARY,SYNTHETIC_DEMO_ONLY,NO,YES,NO
DEMO-01-0103,Achooranam,Wayanad,Vythiri,DEMO-01-01,DEMO-01/729,3,7061.8,0.7062,Mixed,11.558577,76.0336454,1288.1,21.7,135.9,571.5,1.3,0.789,0.528,2105.2,43.2,507.1,0.532,0.439,52.2,HIGH,193,NOT_RECOMMENDED_UNDER_DEMO_MODEL,High caution / prioritize mitigation,Synthetic parcel risk score from supplied demo dataset; not an official cadastral/hazard determination,SYNTHETIC_DEMO_NOT_OFFICIAL,SYNTHETIC_DEMO_POLYGON_NOT_OFFICIAL,DO_NOT_USE_AS_LEGAL_BOUNDARY,SYNTHETIC_DEMO_ONLY,NO,YES,NO
DEMO-01-0104,Achooranam,Wayanad,Vythiri,DEMO-01-16,DEMO-01/840,6,5304.6,0.5305,Residential,11.5589391,76.0346954,1215.4,29.1,65.8,145.9,0.0,0.186,0.7,1361.6,1036.6,1231.6,0.442,0.624,42.9,MEDIUM,121,CONDITIONAL_REVIEW_REQUIRED,Monitor and apply mitigation,Synthetic parcel risk score from supplied demo dataset; not an official cadastral/hazard determination,SYNTHETIC_DEMO_NOT_OFFICIAL,SYNTHETIC_DEMO_POLYGON_NOT_OFFICIAL,DO_NOT_USE_AS_LEGAL_BOUNDARY,SYNTHETIC_DEMO_ONLY,NO,YES,NO
DEMO-01-0105,Achooranam,Wayanad,Vythiri,DEMO-01-15,DEMO-01/108,2,1674.6,0.1675,Plantation,11.5587894,76.0358485,730.6,25.0,58.2,483.6,0.63,0.71,0.442,643.3,81.8,1616.9,0.062,0.796,49.3,MEDIUM,171,CONDITIONAL_REVIEW_REQUIRED,Monitor and apply mitigation,Synthetic parcel risk score from supplied demo dataset; not an official cadastral/hazard determination,SYNTHETIC_DEMO_NOT_OFFICIAL,SYNTHETIC_DEMO_POLYGON_NOT_OFFICIAL,DO_NOT_USE_AS_LEGAL_BOUNDARY,SYNTHETIC_DEMO_ONLY,NO,YES,NO
DEMO-01-0106,Achooranam,Wayanad,Vythiri,DEMO-01-18,DEMO-01/356,4,3383.0,0.3383,Residential,11.5586013,76.0369096,1019.2,31.9,110.1,427.0,1.01,0.586,0.701,1949.9,547.2,484.4,0.4,0.381,55.3,HIGH,213,NOT_RECOMMENDED_UNDER_DEMO_MODEL,High caution / prioritize mitigation,Synthetic parcel risk score from supplied demo dataset; not an official cadastral/hazard determination,SYNTHETIC_DEMO_NOT_OFFICIAL,SYNTHETIC_DEMO_POLYGON_NOT_OFFICIAL,DO_NOT_USE_AS_LEGAL_BOUNDARY,SYNTHETIC_DEMO_ONLY,NO,YES,NO
DEMO-01-0107,Achooranam,Wayanad,Vythiri,DEMO-01-08,DEMO-01/633,5,4342.1,0.4342,Mixed,11.5587575,76.0380299,1235.2,10.6,127.2,518.2,0.65,0.587,0.259,1929.0,546.2,1025.5,0.52,0.38,37.0,MEDIUM,60,CONDITIONAL_REVIEW_REQUIRED,Monitor and apply mitigation,Synthetic parcel risk score from supplied demo dataset; not an official cadastral/hazard determination,SYNTHETIC_DEMO_NOT_OFFICIAL,SYNTHETIC_DEMO_POLYGON_NOT_OFFICIAL,DO_NOT_USE_AS_LEGAL_BOUNDARY,SYNTHETIC_DEMO_ONLY,NO,YES,NO
DEMO-01-0108,Achooranam,Wayanad,Vythiri,DEMO-01-07,DEMO-01/570,9,2064.4,0.2064,Agriculture,11.558728,76.039346,1086.6,8.7,60.1,619.3,1.04,0.836,0.133,92.8,1094.9,1314.6,0.317,0.394,39.4,MEDIUM,88,CONDITIONAL_REVIEW_REQUIRED,Monitor and apply mitigation,Synthetic parcel risk score from supplied demo dataset; not an official cadastral/hazard determination,SYNTHETIC_DEMO_NOT_OFFICIAL,SYNTHETIC_DEMO_POLYGON_NOT_OFFICIAL,DO_NOT_USE_AS_LEGAL_BOUNDARY,SYNTHETIC_DEMO_ONLY,NO,YES,NO
DEMO-01-0109,Achooranam,Wayanad,Vythiri,DEMO-01-09,DEMO-01/495,1,5729.7,0.573,Forest-fringe,11.5585834,76.0402121,966.6,17.7,206.8,308.3,0.01,0.157,0.345,1768.0,379.7,797.7,0.611,0.767,38.5,MEDIUM,79,CONDITIONAL_REVIEW_REQUIRED,Monitor and apply mitigation,Synthetic parcel risk score from supplied demo dataset; not an official cadastral/hazard determination,SYNTHETIC_DEMO_NOT_OFFICIAL,SYNTHETIC_DEMO_POLYGON_NOT_OFFICIAL,DO_NOT_USE_AS_LEGAL_BOUNDARY,SYNTHETIC_DEMO_ONLY,NO,YES,NO
DEMO-01-0110,Achooranam,Wayanad,Vythiri,DEMO-01-02,DEMO-01/535,9,2069.1,0.2069,Residential,11.5588427,76.041336,1120.0,29.6,128.3,270.1,0.47,0.565,0.434,1570.6,1158.8,1337.4,0.309,0.735,47.9,MEDIUM,162,CONDITIONAL_REVIEW_REQUIRED,Monitor and apply mitigation,Synthetic parcel risk score from supplied demo dataset; not an official cadastral/hazard determination,SYNTHETIC_DEMO_NOT_OFFICIAL,SYNTHETIC_DEMO_POLYGON_NOT_OFFICIAL,DO_NOT_USE_AS_LEGAL_BOUNDARY,SYNTHETIC_DEMO_ONLY,NO,YES,NO
DEMO-01-0111,Achooranam,Wayanad,Vythiri,DEMO-01-06,DEMO-01/819,8,5881.0,0.5881,Forest-fringe,11.5587338,76.0427515,955.9,33.3,72.0,423.0,0.0,0.097,0.609,1760.4,1119.2,1032.4,0.31,0.25,40.8,MEDIUM,104,CONDITIONAL_REVIEW_REQUIRED,Monitor and apply mitigation,Synthetic parcel risk score from supplied demo dataset; not an official cadastral/hazard determination,SYNTHETIC_DEMO_NOT_OFFICIAL,SYNTHETIC_DEMO_POLYGON_NOT_OFFICIAL,DO_NOT_USE_AS_LEGAL_BOUNDARY,SYNTHETIC_DEMO_ONLY,NO,YES,NO
DEMO-01-0112,Achooranam,Wayanad,Vythiri,DEMO-01-11,DEMO-01/511,5,1330.0,0.133,Plantation,11.558913,76.0439378,1084.9,34.8,153.5,531.9,0.0,0.094,0.796,956.8,780.5,89.5,0.127,0.405,47.9,MEDIUM,162,CONDITIONAL_REVIEW_REQUIRED,Monitor and apply mitigation,Synthetic parcel risk score from supplied demo dataset; not an official cadastral/hazard determination,SYNTHETIC_DEMO_NOT_OFFICIAL,SYNTHETIC_DEMO_POLYGON_NOT_OFFICIAL,DO_NOT_USE_AS_LEGAL_BOUNDARY,SYNTHETIC_DEMO_ONLY,NO,YES,NO
DEMO-01-0113,Achooranam,Wayanad,Vythiri,DEMO-01-15,DEMO-01/451,6,4756.3,0.4756,Forest-fringe,11.5585869,76.0451598,1124.4,8.3,81.7,140.9,0.16,0.101,0.249,1638.2,62.9,1359.1,0.063,0.513,24.1,LOW,2,CANDIDATE_FOR_FURTHER_ASSESSMENT,Normal monitoring,Synthetic parcel risk score from supplied demo dataset; not an official cadastral/hazard determination,SYNTHETIC_DEMO_NOT_OFFICIAL,SYNTHETIC_DEMO_POLYGON_NOT_OFFICIAL,DO_NOT_USE_AS_LEGAL_BOUNDARY,SYNTHETIC_DEMO_ONLY,NO,YES,NO
DEMO-01-0114,Achooranam,Wayanad,Vythiri,DEMO-01-17,DEMO-01/576,3,6980.3,0.698,Residential,11.5584336,76.0459733,1067.1,37.9,185.7,556.3,0.4,0.683,0.725,362.6,355.1,1190.5,0.067,0.366,63.8,HIGH,241,NOT_RECOMMENDED_UNDER_DEMO_MODEL,High caution / prioritize mitigation,Synthetic parcel risk score from supplied demo dataset; not an official cadastral/hazard determination,SYNTHETIC_DEMO_NOT_OFFICIAL,SYNTHETIC_DEMO_POLYGON_NOT_OFFICIAL,DO_NOT_USE_AS_LEGAL_BOUNDARY,SYNTHETIC_DEMO_ONLY,NO,YES,NO
DEMO-01-0115,Achooranam,Wayanad,Vythiri,DEMO-01-16,DEMO-01/475,3,3563.3,0.3563,Forest-fringe,11.5589713,76.0472791,1153.4,17.9,190.1,459.2,0.17,0.17,0.539,441.2,1088.2,1467.2,0.241,0.508,45.4,MEDIUM,144,CONDITIONAL_REVIEW_REQUIRED,Monitor and apply mitigation,Synthetic parcel risk score from supplied demo dataset; not an official cadastral/hazard determination,SYNTHETIC_DEMO_NOT_OFFICIAL,SYNTHETIC_DEMO_POLYGON_NOT_OFFICIAL,DO_NOT_USE_AS_LEGAL_BOUNDARY,SYNTHETIC_DEMO_ONLY,NO,YES,NO
DEMO-01-0116,Achooranam,Wayanad,Vythiri,DEMO-01-08,DEMO-01/816,6,5298.2,0.5298,Forest-fringe,11.5587165,76.0484463,755.0,17.4,37.2,311.2,0.03,0.025,0.26,985.5,856.6,1218.9,0.142,0.838,26.5,MEDIUM,7,CONDITIONAL_REVIEW_REQUIRED,Monitor and apply mitigation,Synthetic parcel risk score from supplied demo dataset; not an official cadastral/hazard determination,SYNTHETIC_DEMO_NOT_OFFICIAL,SYNTHETIC_DEMO_POLYGON_NOT_OFFICIAL,DO_NOT_USE_AS_LEGAL_BOUNDARY,SYNTHETIC_DEMO_ONLY,NO,YES,NO
DEMO-01-0117,Achooranam,Wayanad,Vythiri,DEMO-01-10,DEMO-01/766,5,7270.6,0.7271,Agriculture,11.5586626,76.0495695,746.0,33.8,142.3,288.0,0.61,0.438,0.693,2049.3,1183.5,300.1,0.189,0.297,53.3,HIGH,201,NOT_RECOMMENDED_UNDER_DEMO_MODEL,High caution / prioritize mitigation,Synthetic parcel risk score from supplied demo dataset; not an official cadastral/hazard determination,SYNTHETIC_DEMO_NOT_OFFICIAL,SYNTHETIC_DEMO_POLYGON_NOT_OFFICIAL,DO_NOT_USE_AS_LEGAL_BOUNDARY,SYNTHETIC_DEMO_ONLY,NO,YES,NO
DEMO-01-0118,Achooranam,Wayanad,Vythiri,DEMO-01-11,DEMO-01/389,3,1075.8,0.1076,Residential,11.5587427,76.050623,794.7,6.0,101.1,377.3,0.33,0.189,0.259,1218.4,151.7,1282.8,0.564,0.284,31.8,MEDIUM,26,CONDITIONAL_REVIEW_REQUIRED,Monitor and apply mitigation,Synthetic parcel risk score from supplied demo dataset; not an official cadastral/hazard determination,SYNTHETIC_DEMO_NOT_OFFICIAL,SYNTHETIC_DEMO_POLYGON_NOT_OFFICIAL,DO_NOT_USE_AS_LEGAL_BOUNDARY,SYNTHETIC_DEMO_ONLY,NO,YES,NO
DEMO-01-0119,Achooranam,Wayanad,Vythiri,DEMO-01-13,DEMO-01/827,6,6624.4,0.6624,Agriculture,11.5584578,76.0519597,1098.1,11.0,168.5,386.2,0.61,0.572,0.272,1305.9,621.7,183.8,0.394,0.492,38.5,MEDIUM,79,CONDITIONAL_REVIEW_REQUIRED,Monitor and apply mitigation,Synthetic parcel risk score from supplied demo dataset; not an official cadastral/hazard determination,SYNTHETIC_DEMO_NOT_OFFICIAL,SYNTHETIC_DEMO_POLYGON_NOT_OFFICIAL,DO_NOT_USE_AS_LEGAL_BOUNDARY,SYNTHETIC_DEMO_ONLY,NO,YES,NO
DEMO-01-0120,Achooranam,Wayanad,Vythiri,DEMO-01-18,DEMO-01/832,7,2430.3,0.243,Residential,11.5588516,76.0528699,799.6,24.1,129.4,380.4,0.57,0.792,0.348,2182.5,1069.3,303.2,0.233,0.254,45.0,MEDIUM,141,CONDITIONAL_REVIEW_REQUIRED,Monitor and apply mitigation,Synthetic parcel risk score from supplied demo dataset; not an official cadastral/hazard determination,SYNTHETIC_DEMO_NOT_OFFICIAL,SYNTHETIC_DEMO_POLYGON_NOT_OFFICIAL,DO_NOT_USE_AS_LEGAL_BOUNDARY,SYNTHETIC_DEMO_ONLY,NO,YES,NO
DEMO-01-0121,Achooranam,Wayanad,Vythiri,DEMO-01-12,DEMO-01/179,3,1969.7,0.197,Plantation,11.5589095,76.0542202,1144.4,31.3,72.8,236.5,0.68,0.129,0.509,724.4,720.5,1004.5,0.443,0.452,43.3,MEDIUM,125,CONDITIONAL_REVIEW_REQUIRED,Monitor and apply mitigation,Synthetic parcel risk score from supplied demo dataset; not an official cadastral/hazard determination,SYNTHETIC_DEMO_NOT_OFFICIAL,SYNTHETIC_DEMO_POLYGON_NOT_OFFICIAL,DO_NOT_USE_AS_LEGAL_BOUNDARY,SYNTHETIC_DEMO_ONLY,NO,YES,NO
DEMO-01-0122,Achooranam,Wayanad,Vythiri,DEMO-01-14,DEMO-01/799,1,4837.4,0.4837,Residential,11.5588369,76.0555404,950.0,29.4,207.3,226.7,0.57,0.783,0.55,1249.6,1132.5,1205.5,0.531,0.722,61.3,HIGH,236,NOT_RECOMMENDED_UNDER_DEMO_MODEL,High caution / prioritize mitigation,Synthetic parcel risk score from supplied demo dataset; not an official cadastral/hazard determination,SYNTHETIC_DEMO_NOT_OFFICIAL,SYNTHETIC_DEMO_POLYGON_NOT_OFFICIAL,DO_NOT_USE_AS_LEGAL_BOUNDARY,SYNTHETIC_DEMO_ONLY,NO,YES,NO
DEMO-01-0123,Achooranam,Wayanad,Vythiri,DEMO-01-17,DEMO-01/995,8,3689.9,0.369,Agriculture,11.5588341,76.056723,1082.3,15.6,178.4,466.6,0.36,0.444,0.482,195.5,419.2,1603.0,0.528,0.546,50.0,HIGH,174,NOT_RECOMMENDED_UNDER_DEMO_MODEL,High caution / prioritize mitigation,Synthetic parcel risk score from supplied demo dataset; not an official cadastral/hazard determination,SYNTHETIC_DEMO_NOT_OFFICIAL,SYNTHETIC_DEMO_POLYGON_NOT_OFFICIAL,DO_NOT_USE_AS_LEGAL_BOUNDARY,SYNTHETIC_DEMO_ONLY,NO,YES,NO
DEMO-01-0124,Achooranam,Wayanad,Vythiri,DEMO-01-08,DEMO-01/640,4,5650.1,0.565,Plantation,11.5588843,76.0577033,778.0,17.1,40.2,228.9,0.53,0.791,0.457,859.6,418.3,1278.6,0.172,0.719,45.2,MEDIUM,142,CONDITIONAL_REVIEW_REQUIRED,Monitor and apply mitigation,Synthetic parcel risk score from supplied demo dataset; not an official cadastral/hazard determination,SYNTHETIC_DEMO_NOT_OFFICIAL,SYNTHETIC_DEMO_POLYGON_NOT_OFFICIAL,DO_NOT_USE_AS_LEGAL_BOUNDARY,SYNTHETIC_DEMO_ONLY,NO,YES,NO
DEMO-01-0125,Achooranam,Wayanad,Vythiri,DEMO-01-14,DEMO-01/178,4,6937.8,0.6938,Residential,11.5588226,76.0590322,848.7,26.5,163.6,469.9,0.1,0.154,0.4,573.3,964.8,1374.8,0.445,0.625,44.8,MEDIUM,140,CONDITIONAL_REVIEW_REQUIRED,Monitor and apply mitigation,Synthetic parcel risk score from supplied demo dataset; not an official cadastral/hazard determination,SYNTHETIC_DEMO_NOT_OFFICIAL,SYNTHETIC_DEMO_POLYGON_NOT_OFFICIAL,DO_NOT_USE_AS_LEGAL_BOUNDARY,SYNTHETIC_DEMO_ONLY,NO,YES,NO
DEMO-01-0126,Achooranam,Wayanad,Vythiri,DEMO-01-09,DEMO-01/461,4,4665.3,0.4665,Mixed,11.5602017,76.0311854,1014.7,36.7,42.8,422.9,0.04,0.157,0.656,2417.5,153.5,735.1,0.258,0.437,39.6,MEDIUM,89,CONDITIONAL_REVIEW_REQUIRED,Monitor and apply mitigation,Synthetic parcel risk score from supplied demo dataset; not an official cadastral/hazard determination,SYNTHETIC_DEMO_NOT_OFFICIAL,SYNTHETIC_DEMO_POLYGON_NOT_OFFICIAL,DO_NOT_USE_AS_LEGAL_BOUNDARY,SYNTHETIC_DEMO_ONLY,NO,YES,NO
DEMO-01-0127,Achooranam,Wayanad,Vythiri,DEMO-01-04,DEMO-01/152,7,790.5,0.079,Plantation,11.5601945,76.0321804,948.5,18.7,110.0,125.5,0.03,0.115,0.285,1735.3,602.1,536.9,0.557,0.422,30.2,MEDIUM,17,CONDITIONAL_REVIEW_REQUIRED,Monitor and apply mitigation,Synthetic parcel risk score from supplied demo dataset; not an official cadastral/hazard determination,SYNTHETIC_DEMO_NOT_OFFICIAL,SYNTHETIC_DEMO_POLYGON_NOT_OFFICIAL,DO_NOT_USE_AS_LEGAL_BOUNDARY,SYNTHETIC_DEMO_ONLY,NO,YES,NO
DEMO-01-0128,Achooranam,Wayanad,Vythiri,DEMO-01-13,DEMO-01/160,9,4432.6,0.4433,Mixed,11.5598491,76.0335811,755.4,31.4,88.3,174.1,0.64,0.655,0.538,837.6,658.5,1778.0,0.068,0.856,54.9,HIGH,211,NOT_RECOMMENDED_UNDER_DEMO_MODEL,High caution / prioritize mitigation,Synthetic parcel risk score from supplied demo dataset; not an official cadastral/hazard determination,SYNTHETIC_DEMO_NOT_OFFICIAL,SYNTHETIC_DEMO_POLYGON_NOT_OFFICIAL,DO_NOT_USE_AS_LEGAL_BOUNDARY,SYNTHETIC_DEMO_ONLY,NO,YES,NO
DEMO-01-0129,Achooranam,Wayanad,Vythiri,DEMO-01-13,DEMO-01/320,1,6099.6,0.61,Forest-fringe,11.5598466,76.0346313,1044.6,10.7,111.7,431.6,0.68,0.486,0.377,290.8,592.7,719.4,0.046,0.685,39.2,MEDIUM,86,CONDITIONAL_REVIEW_REQUIRED,Monitor and apply mitigation,Synthetic parcel risk score from supplied demo dataset; not an official cadastral/hazard determination,SYNTHETIC_DEMO_NOT_OFFICIAL,SYNTHETIC_DEMO_POLYGON_NOT_OFFICIAL,DO_NOT_USE_AS_LEGAL_BOUNDARY,SYNTHETIC_DEMO_ONLY,NO,YES,NO
DEMO-01-0130,Achooranam,Wayanad,Vythiri,DEMO-01-08,DEMO-01/475,9,1636.7,0.1637,Agriculture,11.5598575,76.0359117,897.4,14.1,53.5,322.1,0.59,0.39,0.463,1431.2,1132.4,424.8,0.575,0.606,37.3,MEDIUM,63,CONDITIONAL_REVIEW_REQUIRED,Monitor and apply mitigation,Synthetic parcel risk score from supplied demo dataset; not an official cadastral/hazard determination,SYNTHETIC_DEMO_NOT_OFFICIAL,SYNTHETIC_DEMO_POLYGON_NOT_OFFICIAL,DO_NOT_USE_AS_LEGAL_BOUNDARY,SYNTHETIC_DEMO_ONLY,NO,YES,NO
DEMO-01-0131,Achooranam,Wayanad,Vythiri,DEMO-01-07,DEMO-01/336,8,4479.4,0.4479,Agriculture,11.5598569,76.0368658,1291.9,24.4,91.5,399.1,0.45,0.297,0.456,1456.3,956.5,840.7,0.464,0.733,39.1,MEDIUM,84,CONDITIONAL_REVIEW_REQUIRED,Monitor and apply mitigation,Synthetic parcel risk score from supplied demo dataset; not an official cadastral/hazard determination,SYNTHETIC_DEMO_NOT_OFFICIAL,SYNTHETIC_DEMO_POLYGON_NOT_OFFICIAL,DO_NOT_USE_AS_LEGAL_BOUNDARY,SYNTHETIC_DEMO_ONLY,NO,YES,NO
DEMO-01-0132,Achooranam,Wayanad,Vythiri,DEMO-01-10,DEMO-01/359,1,6609.9,0.661,Residential,11.5596729,76.0378851,846.5,8.6,160.2,421.8,0.01,0.375,0.172,71.7,403.3,569.0,0.026,0.399,32.2,MEDIUM,28,CONDITIONAL_REVIEW_REQUIRED,Monitor and apply mitigation,Synthetic parcel risk score from supplied demo dataset; not an official cadastral/hazard determination,SYNTHETIC_DEMO_NOT_OFFICIAL,SYNTHETIC_DEMO_POLYGON_NOT_OFFICIAL,DO_NOT_USE_AS_LEGAL_BOUNDARY,SYNTHETIC_DEMO_ONLY,NO,YES,NO
DEMO-01-0133,Achooranam,Wayanad,Vythiri,DEMO-01-16,DEMO-01/814,2,1667.7,0.1668,Plantation,11.5598166,76.0392791,789.6,36.3,94.0,314.9,0.93,0.698,0.585,1728.7,279.1,1533.1,0.059,0.702,57.5,HIGH,225,NOT_RECOMMENDED_UNDER_DEMO_MODEL,High caution / prioritize mitigation,Synthetic parcel risk score from supplied demo dataset; not an official cadastral/hazard determination,SYNTHETIC_DEMO_NOT_OFFICIAL,SYNTHETIC_DEMO_POLYGON_NOT_OFFICIAL,DO_NOT_USE_AS_LEGAL_BOUNDARY,SYNTHETIC_DEMO_ONLY,NO,YES,NO
DEMO-01-0134,Achooranam,Wayanad,Vythiri,DEMO-01-08,DEMO-01/109,8,3263.2,0.3263,Residential,11.5602142,76.0405938,1104.7,7.0,189.4,156.2,0.81,0.837,0.352,1680.5,525.8,1292.7,0.641,0.793,48.9,MEDIUM,166,CONDITIONAL_REVIEW_REQUIRED,Monitor and apply mitigation,Synthetic parcel risk score from supplied demo dataset; not an official cadastral/hazard determination,SYNTHETIC_DEMO_NOT_OFFICIAL,SYNTHETIC_DEMO_POLYGON_NOT_OFFICIAL,DO_NOT_USE_AS_LEGAL_BOUNDARY,SYNTHETIC_DEMO_ONLY,NO,YES,NO
DEMO-01-0135,Achooranam,Wayanad,Vythiri,DEMO-01-19,DEMO-01/464,5,536.0,0.0536,Agriculture,11.560222,76.0413438,914.5,20.3,50.8,534.0,0.0,0.044,0.379,1079.4,130.5,680.7,0.31,0.9,29.2,MEDIUM,14,CONDITIONAL_REVIEW_REQUIRED,Monitor and apply mitigation,Synthetic parcel risk score from supplied demo dataset; not an official cadastral/hazard determination,SYNTHETIC_DEMO_NOT_OFFICIAL,SYNTHETIC_DEMO_POLYGON_NOT_OFFICIAL,DO_NOT_USE_AS_LEGAL_BOUNDARY,SYNTHETIC_DEMO_ONLY,NO,YES,NO
DEMO-01-0136,Achooranam,Wayanad,Vythiri,DEMO-01-17,DEMO-01/332,7,6142.1,0.6142,Plantation,11.559894,76.0428377,924.1,34.0,103.9,533.0,1.14,0.778,0.53,2229.5,491.7,1171.0,0.22,0.577,56.0,HIGH,218,NOT_RECOMMENDED_UNDER_DEMO_MODEL,High caution / prioritize mitigation,Synthetic parcel risk score from supplied demo dataset; not an official cadastral/hazard determination,SYNTHETIC_DEMO_NOT_OFFICIAL,SYNTHETIC_DEMO_POLYGON_NOT_OFFICIAL,DO_NOT_USE_AS_LEGAL_BOUNDARY,SYNTHETIC_DEMO_ONLY,NO,YES,NO
DEMO-01-0137,Achooranam,Wayanad,Vythiri,DEMO-01-05,DEMO-01/77,2,2329.1,0.2329,Mixed,11.5599703,76.0436436,910.1,31.2,109.2,299.7,0.55,0.237,0.735,1887.4,526.1,947.4,0.044,0.715,49.1,MEDIUM,168,CONDITIONAL_REVIEW_REQUIRED,Monitor and apply mitigation,Synthetic parcel risk score from supplied demo dataset; not an official cadastral/hazard determination,SYNTHETIC_DEMO_NOT_OFFICIAL,SYNTHETIC_DEMO_POLYGON_NOT_OFFICIAL,DO_NOT_USE_AS_LEGAL_BOUNDARY,SYNTHETIC_DEMO_ONLY,NO,YES,NO
DEMO-01-0138,Achooranam,Wayanad,Vythiri,DEMO-01-16,DEMO-01/721,3,6448.0,0.6448,Forest-fringe,11.5601658,76.0447919,979.4,33.8,217.4,582.1,0.34,0.305,0.73,912.2,473.9,1442.0,0.272,0.863,60.1,HIGH,234,NOT_RECOMMENDED_UNDER_DEMO_MODEL,High caution / prioritize mitigation,Synthetic parcel risk score from supplied demo dataset; not an official cadastral/hazard determination,SYNTHETIC_DEMO_NOT_OFFICIAL,SYNTHETIC_DEMO_POLYGON_NOT_OFFICIAL,DO_NOT_USE_AS_LEGAL_BOUNDARY,SYNTHETIC_DEMO_ONLY,NO,YES,NO
DEMO-01-0139,Achooranam,Wayanad,Vythiri,DEMO-01-09,DEMO-01/650,6,2332.6,0.2333,Mixed,11.5601915,76.0461568,1075.1,31.1,72.7,438.1,0.75,0.693,0.656,2020.8,861.3,214.6,0.06,0.812,48.8,MEDIUM,165,CONDITIONAL_REVIEW_REQUIRED,Monitor and apply mitigation,Synthetic parcel risk score from supplied demo dataset; not an official cadastral/hazard determination,SYNTHETIC_DEMO_NOT_OFFICIAL,SYNTHETIC_DEMO_POLYGON_NOT_OFFICIAL,DO_NOT_USE_AS_LEGAL_BOUNDARY,SYNTHETIC_DEMO_ONLY,NO,YES,NO
DEMO-01-0140,Achooranam,Wayanad,Vythiri,DEMO-01-16,DEMO-01/771,5,7398.6,0.7399,Plantation,11.560047,76.0473346,742.0,8.6,133.0,281.1,0.47,0.239,0.379,2284.5,1034.7,1605.4,0.552,0.841,38.2,MEDIUM,75,CONDITIONAL_REVIEW_REQUIRED,Monitor and apply mitigation,Synthetic parcel risk score from supplied demo dataset; not an official cadastral/hazard determination,SYNTHETIC_DEMO_NOT_OFFICIAL,SYNTHETIC_DEMO_POLYGON_NOT_OFFICIAL,DO_NOT_USE_AS_LEGAL_BOUNDARY,SYNTHETIC_DEMO_ONLY,NO,YES,NO
DEMO-01-0141,Achooranam,Wayanad,Vythiri,DEMO-01-19,DEMO-01/867,9,2341.5,0.2342,Forest-fringe,11.5597813,76.0483324,1121.0,30.1,71.5,471.1,0.14,0.221,0.553,2478.3,615.8,1443.5,0.372,0.464,39.8,MEDIUM,91,CONDITIONAL_REVIEW_REQUIRED,Monitor and apply mitigation,Synthetic parcel risk score from supplied demo dataset; not an official cadastral/hazard determination,SYNTHETIC_DEMO_NOT_OFFICIAL,SYNTHETIC_DEMO_POLYGON_NOT_OFFICIAL,DO_NOT_USE_AS_LEGAL_BOUNDARY,SYNTHETIC_DEMO_ONLY,NO,YES,NO
DEMO-01-0142,Achooranam,Wayanad,Vythiri,DEMO-01-13,DEMO-01/94,3,4182.0,0.4182,Plantation,11.5599292,76.0495559,1146.2,36.7,127.5,300.1,0.0,0.182,0.556,553.9,605.5,469.9,0.032,0.822,43.3,MEDIUM,125,CONDITIONAL_REVIEW_REQUIRED,Monitor and apply mitigation,Synthetic parcel risk score from supplied demo dataset; not an official cadastral/hazard determination,SYNTHETIC_DEMO_NOT_OFFICIAL,SYNTHETIC_DEMO_POLYGON_NOT_OFFICIAL,DO_NOT_USE_AS_LEGAL_BOUNDARY,SYNTHETIC_DEMO_ONLY,NO,YES,NO
DEMO-01-0143,Achooranam,Wayanad,Vythiri,DEMO-01-16,DEMO-01/918,9,930.7,0.0931,Mixed,11.5599927,76.0506526,1001.5,8.5,203.2,464.3,0.25,0.059,0.309,855.7,453.8,502.7,0.431,0.605,34.2,MEDIUM,42,CONDITIONAL_REVIEW_REQUIRED,Monitor and apply mitigation,Synthetic parcel risk score from supplied demo dataset; not an official cadastral/hazard determination,SYNTHETIC_DEMO_NOT_OFFICIAL,SYNTHETIC_DEMO_POLYGON_NOT_OFFICIAL,DO_NOT_USE_AS_LEGAL_BOUNDARY,SYNTHETIC_DEMO_ONLY,NO,YES,NO
DEMO-01-0144,Achooranam,Wayanad,Vythiri,DEMO-01-02,DEMO-01/83,4,5035.1,0.5035,Mixed,11.5600989,76.0519346,1276.5,28.1,137.4,379.0,0.0,0.168,0.616,1261.8,327.9,994.3,0.408,0.694,43.4,MEDIUM,127,CONDITIONAL_REVIEW_REQUIRED,Monitor and apply mitigation,Synthetic parcel risk score from supplied demo dataset; not an official cadastral/hazard determination,SYNTHETIC_DEMO_NOT_OFFICIAL,SYNTHETIC_DEMO_POLYGON_NOT_OFFICIAL,DO_NOT_USE_AS_LEGAL_BOUNDARY,SYNTHETIC_DEMO_ONLY,NO,YES,NO
DEMO-01-0145,Achooranam,Wayanad,Vythiri,DEMO-01-05,DEMO-01/263,2,6738.9,0.6739,Agriculture,11.5601663,76.0531006,869.6,4.9,47.8,614.7,0.65,0.44,0.107,1468.8,699.3,313.5,0.354,0.29,24.8,LOW,3,CANDIDATE_FOR_FURTHER_ASSESSMENT,Normal monitoring,Synthetic parcel risk score from supplied demo dataset; not an official cadastral/hazard determination,SYNTHETIC_DEMO_NOT_OFFICIAL,SYNTHETIC_DEMO_POLYGON_NOT_OFFICIAL,DO_NOT_USE_AS_LEGAL_BOUNDARY,SYNTHETIC_DEMO_ONLY,NO,YES,NO
DEMO-01-0146,Achooranam,Wayanad,Vythiri,DEMO-01-19,DEMO-01/73,7,821.1,0.0821,Agriculture,11.559912,76.0543578,771.8,4.5,89.9,303.5,0.97,0.74,0.1,2416.2,1029.4,799.0,0.555,0.703,34.1,MEDIUM,40,CONDITIONAL_REVIEW_REQUIRED,Monitor and apply mitigation,Synthetic parcel risk score from supplied demo dataset; not an official cadastral/hazard determination,SYNTHETIC_DEMO_NOT_OFFICIAL,SYNTHETIC_DEMO_POLYGON_NOT_OFFICIAL,DO_NOT_USE_AS_LEGAL_BOUNDARY,SYNTHETIC_DEMO_ONLY,NO,YES,NO
DEMO-01-0147,Achooranam,Wayanad,Vythiri,DEMO-01-03,DEMO-01/418,3,4248.3,0.4248,Plantation,11.5598051,76.0554232,855.9,23.5,184.4,140.1,0.82,0.775,0.346,1873.9,1131.2,1149.8,0.311,0.678,52.4,HIGH,194,NOT_RECOMMENDED_UNDER_DEMO_MODEL,High caution / prioritize mitigation,Synthetic parcel risk score from supplied demo dataset; not an official cadastral/hazard determination,SYNTHETIC_DEMO_NOT_OFFICIAL,SYNTHETIC_DEMO_POLYGON_NOT_OFFICIAL,DO_NOT_USE_AS_LEGAL_BOUNDARY,SYNTHETIC_DEMO_ONLY,NO,YES,NO
DEMO-01-0148,Achooranam,Wayanad,Vythiri,DEMO-01-01,DEMO-01/820,1,2545.2,0.2545,Agriculture,11.559711,76.0562488,1136.7,19.3,48.2,276.3,0.38,0.23,0.357,1920.0,109.6,174.8,0.387,0.617,28.6,MEDIUM,9,CONDITIONAL_REVIEW_REQUIRED,Monitor and apply mitigation,Synthetic parcel risk score from supplied demo dataset; not an official cadastral/hazard determination,SYNTHETIC_DEMO_NOT_OFFICIAL,SYNTHETIC_DEMO_POLYGON_NOT_OFFICIAL,DO_NOT_USE_AS_LEGAL_BOUNDARY,SYNTHETIC_DEMO_ONLY,NO,YES,NO
DEMO-01-0149,Achooranam,Wayanad,Vythiri,DEMO-01-02,DEMO-01/419,8,3015.9,0.3016,Agriculture,11.5600152,76.0576717,823.5,15.4,175.0,271.0,0.09,0.292,0.413,2257.0,187.1,317.0,0.157,0.4,36.2,MEDIUM,52,CONDITIONAL_REVIEW_REQUIRED,Monitor and apply mitigation,Synthetic parcel risk score from supplied demo dataset; not an official cadastral/hazard determination,SYNTHETIC_DEMO_NOT_OFFICIAL,SYNTHETIC_DEMO_POLYGON_NOT_OFFICIAL,DO_NOT_USE_AS_LEGAL_BOUNDARY,SYNTHETIC_DEMO_ONLY,NO,YES,NO
DEMO-01-0150,Achooranam,Wayanad,Vythiri,DEMO-01-10,DEMO-01/650,1,3706.6,0.3707,Residential,11.5599556,76.0586871,1143.0,27.0,176.2,290.6,0.57,0.695,0.587,812.2,584.5,1311.7,0.098,0.74,56.4,HIGH,219,NOT_RECOMMENDED_UNDER_DEMO_MODEL,High caution / prioritize mitigation,Synthetic parcel risk score from supplied demo dataset; not an official cadastral/hazard determination,SYNTHETIC_DEMO_NOT_OFFICIAL,SYNTHETIC_DEMO_POLYGON_NOT_OFFICIAL,DO_NOT_USE_AS_LEGAL_BOUNDARY,SYNTHETIC_DEMO_ONLY,NO,YES,NO
DEMO-01-0151,Achooranam,Wayanad,Vythiri,DEMO-01-05,DEMO-01/227,7,5161.5,0.5162,Forest-fringe,11.5613515,76.030953,1229.6,22.9,177.6,341.5,1.25,0.835,0.529,1824.3,904.5,1694.3,0.514,0.495,59.9,HIGH,232,NOT_RECOMMENDED_UNDER_DEMO_MODEL,High caution / prioritize mitigation,Synthetic parcel risk score from supplied demo dataset; not an official cadastral/hazard determination,SYNTHETIC_DEMO_NOT_OFFICIAL,SYNTHETIC_DEMO_POLYGON_NOT_OFFICIAL,DO_NOT_USE_AS_LEGAL_BOUNDARY,SYNTHETIC_DEMO_ONLY,NO,YES,NO
DEMO-01-0152,Achooranam,Wayanad,Vythiri,DEMO-01-07,DEMO-01/82,7,2777.6,0.2778,Mixed,11.5613748,76.0325693,923.8,32.7,199.2,584.3,0.71,0.064,0.554,924.5,586.8,851.7,0.478,0.859,52.5,HIGH,196,NOT_RECOMMENDED_UNDER_DEMO_MODEL,High caution / prioritize mitigation,Synthetic parcel risk score from supplied demo dataset; not an official cadastral/hazard determination,SYNTHETIC_DEMO_NOT_OFFICIAL,SYNTHETIC_DEMO_POLYGON_NOT_OFFICIAL,DO_NOT_USE_AS_LEGAL_BOUNDARY,SYNTHETIC_DEMO_ONLY,NO,YES,NO
DEMO-01-0153,Achooranam,Wayanad,Vythiri,DEMO-01-09,DEMO-01/611,1,5796.5,0.5796,Agriculture,11.5613778,76.0332381,1151.6,6.8,108.1,470.8,0.41,0.347,0.268,713.6,122.9,620.9,0.472,0.845,31.7,MEDIUM,23,CONDITIONAL_REVIEW_REQUIRED,Monitor and apply mitigation,Synthetic parcel risk score from supplied demo dataset; not an official cadastral/hazard determination,SYNTHETIC_DEMO_NOT_OFFICIAL,SYNTHETIC_DEMO_POLYGON_NOT_OFFICIAL,DO_NOT_USE_AS_LEGAL_BOUNDARY,SYNTHETIC_DEMO_ONLY,NO,YES,NO
DEMO-01-0154,Achooranam,Wayanad,Vythiri,DEMO-01-14,DEMO-01/638,2,2947.1,0.2947,Agriculture,11.5612352,76.0344252,753.0,15.3,89.2,144.2,0.51,0.589,0.226,657.9,941.8,852.4,0.065,0.291,37.7,MEDIUM,68,CONDITIONAL_REVIEW_REQUIRED,Monitor and apply mitigation,Synthetic parcel risk score from supplied demo dataset; not an official cadastral/hazard determination,SYNTHETIC_DEMO_NOT_OFFICIAL,SYNTHETIC_DEMO_POLYGON_NOT_OFFICIAL,DO_NOT_USE_AS_LEGAL_BOUNDARY,SYNTHETIC_DEMO_ONLY,NO,YES,NO
DEMO-01-0155,Achooranam,Wayanad,Vythiri,DEMO-01-02,DEMO-01/728,4,6165.0,0.6165,Plantation,11.5614379,76.0357938,1193.5,9.9,207.0,437.6,1.18,0.756,0.362,295.6,320.9,539.1,0.618,0.546,51.9,HIGH,191,NOT_RECOMMENDED_UNDER_DEMO_MODEL,High caution / prioritize mitigation,Synthetic parcel risk score from supplied demo dataset; not an official cadastral/hazard determination,SYNTHETIC_DEMO_NOT_OFFICIAL,SYNTHETIC_DEMO_POLYGON_NOT_OFFICIAL,DO_NOT_USE_AS_LEGAL_BOUNDARY,SYNTHETIC_DEMO_ONLY,NO,YES,NO
DEMO-01-0156,Achooranam,Wayanad,Vythiri,DEMO-01-06,DEMO-01/147,9,7643.2,0.7643,Plantation,11.561124,76.0371383,962.4,17.6,208.9,436.0,0.07,0.084,0.408,1533.6,556.7,501.7,0.244,0.799,37.4,MEDIUM,66,CONDITIONAL_REVIEW_REQUIRED,Monitor and apply mitigation,Synthetic parcel risk score from supplied demo dataset; not an official cadastral/hazard determination,SYNTHETIC_DEMO_NOT_OFFICIAL,SYNTHETIC_DEMO_POLYGON_NOT_OFFICIAL,DO_NOT_USE_AS_LEGAL_BOUNDARY,SYNTHETIC_DEMO_ONLY,NO,YES,NO
DEMO-01-0157,Achooranam,Wayanad,Vythiri,DEMO-01-18,DEMO-01/345,4,7207.6,0.7208,Agriculture,11.5614469,76.0381249,805.3,19.5,56.0,385.2,0.0,0.179,0.537,906.8,1036.4,902.7,0.141,0.326,36.0,MEDIUM,49,CONDITIONAL_REVIEW_REQUIRED,Monitor and apply mitigation,Synthetic parcel risk score from supplied demo dataset; not an official cadastral/hazard determination,SYNTHETIC_DEMO_NOT_OFFICIAL,SYNTHETIC_DEMO_POLYGON_NOT_OFFICIAL,DO_NOT_USE_AS_LEGAL_BOUNDARY,SYNTHETIC_DEMO_ONLY,NO,YES,NO
DEMO-01-0158,Achooranam,Wayanad,Vythiri,DEMO-01-17,DEMO-01/852,9,3256.1,0.3256,Plantation,11.5610395,76.039252,910.1,7.5,167.8,414.6,0.65,0.521,0.141,1178.4,304.8,896.7,0.186,0.408,36.2,MEDIUM,52,CONDITIONAL_REVIEW_REQUIRED,Monitor and apply mitigation,Synthetic parcel risk score from supplied demo dataset; not an official cadastral/hazard determination,SYNTHETIC_DEMO_NOT_OFFICIAL,SYNTHETIC_DEMO_POLYGON_NOT_OFFICIAL,DO_NOT_USE_AS_LEGAL_BOUNDARY,SYNTHETIC_DEMO_ONLY,NO,YES,NO
DEMO-01-0159,Achooranam,Wayanad,Vythiri,DEMO-01-06,DEMO-01/944,4,1977.2,0.1977,Residential,11.561455,76.0402561,1099.5,34.2,90.0,353.3,0.17,0.288,0.694,615.4,286.0,95.0,0.526,0.576,47.4,MEDIUM,160,CONDITIONAL_REVIEW_REQUIRED,Monitor and apply mitigation,Synthetic parcel risk score from supplied demo dataset; not an official cadastral/hazard determination,SYNTHETIC_DEMO_NOT_OFFICIAL,SYNTHETIC_DEMO_POLYGON_NOT_OFFICIAL,DO_NOT_USE_AS_LEGAL_BOUNDARY,SYNTHETIC_DEMO_ONLY,NO,YES,NO
DEMO-01-0160,Achooranam,Wayanad,Vythiri,DEMO-01-06,DEMO-01/869,8,5904.2,0.5904,Agriculture,11.5614222,76.0413385,700.2,18.0,71.9,284.6,0.92,0.76,0.505,1529.5,665.6,238.8,0.083,0.591,46.0,MEDIUM,150,CONDITIONAL_REVIEW_REQUIRED,Monitor and apply mitigation,Synthetic parcel risk score from supplied demo dataset; not an official cadastral/hazard determination,SYNTHETIC_DEMO_NOT_OFFICIAL,SYNTHETIC_DEMO_POLYGON_NOT_OFFICIAL,DO_NOT_USE_AS_LEGAL_BOUNDARY,SYNTHETIC_DEMO_ONLY,NO,YES,NO
DEMO-01-0161,Achooranam,Wayanad,Vythiri,DEMO-01-04,DEMO-01/72,6,7452.6,0.7453,Residential,11.5613099,76.0426268,1252.9,30.1,81.6,420.6,0.31,0.524,0.65,326.5,181.8,1197.7,0.561,0.564,51.6,HIGH,188,NOT_RECOMMENDED_UNDER_DEMO_MODEL,High caution / prioritize mitigation,Synthetic parcel risk score from supplied demo dataset; not an official cadastral/hazard determination,SYNTHETIC_DEMO_NOT_OFFICIAL,SYNTHETIC_DEMO_POLYGON_NOT_OFFICIAL,DO_NOT_USE_AS_LEGAL_BOUNDARY,SYNTHETIC_DEMO_ONLY,NO,YES,NO
DEMO-01-0162,Achooranam,Wayanad,Vythiri,DEMO-01-18,DEMO-01/867,5,2218.1,0.2218,Forest-fringe,11.56116,76.0437385,1014.1,26.2,207.1,343.9,0.23,0.472,0.567,2366.1,662.8,1114.4,0.182,0.401,50.0,HIGH,174,NOT_RECOMMENDED_UNDER_DEMO_MODEL,High caution / prioritize mitigation,Synthetic parcel risk score from supplied demo dataset; not an official cadastral/hazard determination,SYNTHETIC_DEMO_NOT_OFFICIAL,SYNTHETIC_DEMO_POLYGON_NOT_OFFICIAL,DO_NOT_USE_AS_LEGAL_BOUNDARY,SYNTHETIC_DEMO_ONLY,NO,YES,NO
DEMO-01-0163,Achooranam,Wayanad,Vythiri,DEMO-01-07,DEMO-01/217,9,6603.6,0.6604,Mixed,11.5614395,76.0450894,1065.1,16.8,179.5,356.1,0.36,0.307,0.389,1686.1,46.1,405.9,0.599,0.422,40.0,MEDIUM,93,CONDITIONAL_REVIEW_REQUIRED,Monitor and apply mitigation,Synthetic parcel risk score from supplied demo dataset; not an official cadastral/hazard determination,SYNTHETIC_DEMO_NOT_OFFICIAL,SYNTHETIC_DEMO_POLYGON_NOT_OFFICIAL,DO_NOT_USE_AS_LEGAL_BOUNDARY,SYNTHETIC_DEMO_ONLY,NO,YES,NO
DEMO-01-0164,Achooranam,Wayanad,Vythiri,DEMO-01-06,DEMO-01/139,9,3705.6,0.3706,Plantation,11.5612818,76.0462926,750.1,37.9,103.7,378.8,1.06,0.698,0.804,740.2,1178.8,345.9,0.634,0.647,66.0,HIGH,246,NOT_RECOMMENDED_UNDER_DEMO_MODEL,High caution / prioritize mitigation,Synthetic parcel risk score from supplied demo dataset; not an official cadastral/hazard determination,SYNTHETIC_DEMO_NOT_OFFICIAL,SYNTHETIC_DEMO_POLYGON_NOT_OFFICIAL,DO_NOT_USE_AS_LEGAL_BOUNDARY,SYNTHETIC_DEMO_ONLY,NO,YES,NO
DEMO-01-0165,Achooranam,Wayanad,Vythiri,DEMO-01-20,DEMO-01/421,6,7676.1,0.7676,Residential,11.5609991,76.0473159,910.0,4.6,138.2,361.5,0.31,0.43,0.318,1233.0,965.5,1278.0,0.361,0.275,36.6,MEDIUM,56,CONDITIONAL_REVIEW_REQUIRED,Monitor and apply mitigation,Synthetic parcel risk score from supplied demo dataset; not an official cadastral/hazard determination,SYNTHETIC_DEMO_NOT_OFFICIAL,SYNTHETIC_DEMO_POLYGON_NOT_OFFICIAL,DO_NOT_USE_AS_LEGAL_BOUNDARY,SYNTHETIC_DEMO_ONLY,NO,YES,NO
DEMO-01-0166,Achooranam,Wayanad,Vythiri,DEMO-01-02,DEMO-01/856,8,6337.7,0.6338,Residential,11.5611052,76.0485038,829.1,11.4,70.4,128.5,0.27,0.087,0.363,390.9,308.1,1005.2,0.282,0.449,31.9,MEDIUM,27,CONDITIONAL_REVIEW_REQUIRED,Monitor and apply mitigation,Synthetic parcel risk score from supplied demo dataset; not an official cadastral/hazard determination,SYNTHETIC_DEMO_NOT_OFFICIAL,SYNTHETIC_DEMO_POLYGON_NOT_OFFICIAL,DO_NOT_USE_AS_LEGAL_BOUNDARY,SYNTHETIC_DEMO_ONLY,NO,YES,NO
DEMO-01-0167,Achooranam,Wayanad,Vythiri,DEMO-01-18,DEMO-01/741,7,1365.7,0.1366,Mixed,11.5614892,76.0496194,1278.7,26.5,87.9,559.0,0.17,0.182,0.441,2157.4,1050.7,614.9,0.616,0.868,34.7,MEDIUM,47,CONDITIONAL_REVIEW_REQUIRED,Monitor and apply mitigation,Synthetic parcel risk score from supplied demo dataset; not an official cadastral/hazard determination,SYNTHETIC_DEMO_NOT_OFFICIAL,SYNTHETIC_DEMO_POLYGON_NOT_OFFICIAL,DO_NOT_USE_AS_LEGAL_BOUNDARY,SYNTHETIC_DEMO_ONLY,NO,YES,NO
DEMO-01-0168,Achooranam,Wayanad,Vythiri,DEMO-01-10,DEMO-01/196,4,7850.0,0.785,Mixed,11.5613564,76.0507571,1221.8,27.0,77.6,298.6,0.3,0.334,0.619,2488.5,171.6,850.8,0.463,0.703,41.2,MEDIUM,113,CONDITIONAL_REVIEW_REQUIRED,Monitor and apply mitigation,Synthetic parcel risk score from supplied demo dataset; not an official cadastral/hazard determination,SYNTHETIC_DEMO_NOT_OFFICIAL,SYNTHETIC_DEMO_POLYGON_NOT_OFFICIAL,DO_NOT_USE_AS_LEGAL_BOUNDARY,SYNTHETIC_DEMO_ONLY,NO,YES,NO
DEMO-01-0169,Achooranam,Wayanad,Vythiri,DEMO-01-01,DEMO-01/932,1,2572.0,0.2572,Residential,11.5614764,76.0519993,998.9,32.7,160.4,253.1,0.86,0.454,0.531,87.7,808.5,1103.1,0.612,0.874,58.3,HIGH,228,NOT_RECOMMENDED_UNDER_DEMO_MODEL,High caution / prioritize mitigation,Synthetic parcel risk score from supplied demo dataset; not an official cadastral/hazard determination,SYNTHETIC_DEMO_NOT_OFFICIAL,SYNTHETIC_DEMO_POLYGON_NOT_OFFICIAL,DO_NOT_USE_AS_LEGAL_BOUNDARY,SYNTHETIC_DEMO_ONLY,NO,YES,NO
DEMO-01-0170,Achooranam,Wayanad,Vythiri,DEMO-01-06,DEMO-01/833,3,3374.7,0.3375,Residential,11.5611817,76.0530849,1277.6,23.7,71.6,480.7,0.68,0.677,0.376,2445.1,893.3,1685.1,0.482,0.428,42.9,MEDIUM,121,CONDITIONAL_REVIEW_REQUIRED,Monitor and apply mitigation,Synthetic parcel risk score from supplied demo dataset; not an official cadastral/hazard determination,SYNTHETIC_DEMO_NOT_OFFICIAL,SYNTHETIC_DEMO_POLYGON_NOT_OFFICIAL,DO_NOT_USE_AS_LEGAL_BOUNDARY,SYNTHETIC_DEMO_ONLY,NO,YES,NO
DEMO-01-0171,Achooranam,Wayanad,Vythiri,DEMO-01-16,DEMO-01/602,9,1761.2,0.1761,Plantation,11.5614363,76.0540966,700.3,10.3,115.8,520.2,0.91,0.693,0.371,1040.9,640.6,1305.9,0.045,0.819,45.8,MEDIUM,147,CONDITIONAL_REVIEW_REQUIRED,Monitor and apply mitigation,Synthetic parcel risk score from supplied demo dataset; not an official cadastral/hazard determination,SYNTHETIC_DEMO_NOT_OFFICIAL,SYNTHETIC_DEMO_POLYGON_NOT_OFFICIAL,DO_NOT_USE_AS_LEGAL_BOUNDARY,SYNTHETIC_DEMO_ONLY,NO,YES,NO
DEMO-01-0172,Achooranam,Wayanad,Vythiri,DEMO-01-14,DEMO-01/184,2,550.2,0.055,Residential,11.5612427,76.0553628,1148.6,27.5,167.7,127.0,0.44,0.56,0.467,2252.1,300.4,246.3,0.121,0.314,44.4,MEDIUM,136,CONDITIONAL_REVIEW_REQUIRED,Monitor and apply mitigation,Synthetic parcel risk score from supplied demo dataset; not an official cadastral/hazard determination,SYNTHETIC_DEMO_NOT_OFFICIAL,SYNTHETIC_DEMO_POLYGON_NOT_OFFICIAL,DO_NOT_USE_AS_LEGAL_BOUNDARY,SYNTHETIC_DEMO_ONLY,NO,YES,NO
DEMO-01-0173,Achooranam,Wayanad,Vythiri,DEMO-01-09,DEMO-01/552,5,5470.5,0.547,Residential,11.5613376,76.0566027,1293.8,12.2,140.3,460.9,0.52,0.577,0.206,80.7,233.7,411.0,0.522,0.718,37.6,MEDIUM,67,CONDITIONAL_REVIEW_REQUIRED,Monitor and apply mitigation,Synthetic parcel risk score from supplied demo dataset; not an official cadastral/hazard determination,SYNTHETIC_DEMO_NOT_OFFICIAL,SYNTHETIC_DEMO_POLYGON_NOT_OFFICIAL,DO_NOT_USE_AS_LEGAL_BOUNDARY,SYNTHETIC_DEMO_ONLY,NO,YES,NO
DEMO-01-0174,Achooranam,Wayanad,Vythiri,DEMO-01-16,DEMO-01/515,2,905.8,0.0906,Residential,11.5614097,76.057482,1218.6,25.2,79.0,195.5,0.05,0.367,0.403,1812.1,897.8,1730.8,0.557,0.633,38.8,MEDIUM,81,CONDITIONAL_REVIEW_REQUIRED,Monitor and apply mitigation,Synthetic parcel risk score from supplied demo dataset; not an official cadastral/hazard determination,SYNTHETIC_DEMO_NOT_OFFICIAL,SYNTHETIC_DEMO_POLYGON_NOT_OFFICIAL,DO_NOT_USE_AS_LEGAL_BOUNDARY,SYNTHETIC_DEMO_ONLY,NO,YES,NO
DEMO-01-0175,Achooranam,Wayanad,Vythiri,DEMO-01-07,DEMO-01/439,7,6883.0,0.6883,Forest-fringe,11.5610986,76.0590792,1115.8,19.4,93.1,134.8,0.35,0.452,0.302,2268.5,227.2,576.9,0.555,0.403,34.3,MEDIUM,44,CONDITIONAL_REVIEW_REQUIRED,Monitor and apply mitigation,Synthetic parcel risk score from supplied demo dataset; not an official cadastral/hazard determination,SYNTHETIC_DEMO_NOT_OFFICIAL,SYNTHETIC_DEMO_POLYGON_NOT_OFFICIAL,DO_NOT_USE_AS_LEGAL_BOUNDARY,SYNTHETIC_DEMO_ONLY,NO,YES,NO
DEMO-01-0176,Achooranam,Wayanad,Vythiri,DEMO-01-10,DEMO-01/312,6,3257.2,0.3257,Agriculture,11.5626244,76.0310795,1216.4,30.0,140.5,335.8,0.0,0.214,0.672,1989.2,800.1,368.2,0.323,0.57,42.9,MEDIUM,121,CONDITIONAL_REVIEW_REQUIRED,Monitor and apply mitigation,Synthetic parcel risk score from supplied demo dataset; not an official cadastral/hazard determination,SYNTHETIC_DEMO_NOT_OFFICIAL,SYNTHETIC_DEMO_POLYGON_NOT_OFFICIAL,DO_NOT_USE_AS_LEGAL_BOUNDARY,SYNTHETIC_DEMO_ONLY,NO,YES,NO
DEMO-01-0177,Achooranam,Wayanad,Vythiri,DEMO-01-19,DEMO-01/982,3,4695.7,0.4696,Forest-fringe,11.5623521,76.0324647,1278.6,10.3,45.7,455.0,0.63,0.431,0.263,2346.4,199.9,375.1,0.477,0.754,26.6,MEDIUM,8,CONDITIONAL_REVIEW_REQUIRED,Monitor and apply mitigation,Synthetic parcel risk score from supplied demo dataset; not an official cadastral/hazard determination,SYNTHETIC_DEMO_NOT_OFFICIAL,SYNTHETIC_DEMO_POLYGON_NOT_OFFICIAL,DO_NOT_USE_AS_LEGAL_BOUNDARY,SYNTHETIC_DEMO_ONLY,NO,YES,NO
DEMO-01-0178,Achooranam,Wayanad,Vythiri,DEMO-01-04,DEMO-01/734,9,1179.6,0.118,Forest-fringe,11.5625664,76.0333231,1219.5,9.5,181.9,507.3,0.82,0.746,0.42,864.7,62.6,1557.9,0.454,0.569,50.7,HIGH,179,NOT_RECOMMENDED_UNDER_DEMO_MODEL,High caution / prioritize mitigation,Synthetic parcel risk score from supplied demo dataset; not an official cadastral/hazard determination,SYNTHETIC_DEMO_NOT_OFFICIAL,SYNTHETIC_DEMO_POLYGON_NOT_OFFICIAL,DO_NOT_USE_AS_LEGAL_BOUNDARY,SYNTHETIC_DEMO_ONLY,NO,YES,NO
DEMO-01-0179,Achooranam,Wayanad,Vythiri,DEMO-01-11,DEMO-01/837,2,4305.1,0.4305,Residential,11.5624455,76.0345175,1196.4,4.1,85.6,308.7,0.09,0.444,0.299,1553.9,638.3,1591.4,0.514,0.542,30.9,MEDIUM,21,CONDITIONAL_REVIEW_REQUIRED,Monitor and apply mitigation,Synthetic parcel risk score from supplied demo dataset; not an official cadastral/hazard determination,SYNTHETIC_DEMO_NOT_OFFICIAL,SYNTHETIC_DEMO_POLYGON_NOT_OFFICIAL,DO_NOT_USE_AS_LEGAL_BOUNDARY,SYNTHETIC_DEMO_ONLY,NO,YES,NO
DEMO-01-0180,Achooranam,Wayanad,Vythiri,DEMO-01-15,DEMO-01/758,1,5084.5,0.5084,Residential,11.5625847,76.03578,886.6,10.4,150.1,172.6,0.62,0.355,0.217,229.5,666.8,479.8,0.177,0.656,36.3,MEDIUM,54,CONDITIONAL_REVIEW_REQUIRED,Monitor and apply mitigation,Synthetic parcel risk score from supplied demo dataset; not an official cadastral/hazard determination,SYNTHETIC_DEMO_NOT_OFFICIAL,SYNTHETIC_DEMO_POLYGON_NOT_OFFICIAL,DO_NOT_USE_AS_LEGAL_BOUNDARY,SYNTHETIC_DEMO_ONLY,NO,YES,NO
DEMO-01-0181,Achooranam,Wayanad,Vythiri,DEMO-01-05,DEMO-01/62,4,3374.6,0.3375,Agriculture,11.5627526,76.0370571,717.1,32.0,89.2,573.5,0.45,0.632,0.747,834.2,722.8,1121.9,0.099,0.672,57.4,HIGH,223,NOT_RECOMMENDED_UNDER_DEMO_MODEL,High caution / prioritize mitigation,Synthetic parcel risk score from supplied demo dataset; not an official cadastral/hazard determination,SYNTHETIC_DEMO_NOT_OFFICIAL,SYNTHETIC_DEMO_POLYGON_NOT_OFFICIAL,DO_NOT_USE_AS_LEGAL_BOUNDARY,SYNTHETIC_DEMO_ONLY,NO,YES,NO
DEMO-01-0182,Achooranam,Wayanad,Vythiri,DEMO-01-20,DEMO-01/636,3,6043.6,0.6044,Plantation,11.5625239,76.0378965,1156.5,7.2,68.2,151.8,0.2,0.33,0.399,1959.6,816.6,1051.4,0.549,0.38,30.4,MEDIUM,18,CONDITIONAL_REVIEW_REQUIRED,Monitor and apply mitigation,Synthetic parcel risk score from supplied demo dataset; not an official cadastral/hazard determination,SYNTHETIC_DEMO_NOT_OFFICIAL,SYNTHETIC_DEMO_POLYGON_NOT_OFFICIAL,DO_NOT_USE_AS_LEGAL_BOUNDARY,SYNTHETIC_DEMO_ONLY,NO,YES,NO
DEMO-01-0183,Achooranam,Wayanad,Vythiri,DEMO-01-20,DEMO-01/689,5,681.4,0.0681,Agriculture,11.5625765,76.0391822,783.5,14.8,101.5,583.3,0.37,0.394,0.278,204.5,952.3,580.4,0.26,0.272,36.9,MEDIUM,58,CONDITIONAL_REVIEW_REQUIRED,Monitor and apply mitigation,Synthetic parcel risk score from supplied demo dataset; not an official cadastral/hazard determination,SYNTHETIC_DEMO_NOT_OFFICIAL,SYNTHETIC_DEMO_POLYGON_NOT_OFFICIAL,DO_NOT_USE_AS_LEGAL_BOUNDARY,SYNTHETIC_DEMO_ONLY,NO,YES,NO
DEMO-01-0184,Achooranam,Wayanad,Vythiri,DEMO-01-03,DEMO-01/413,3,7326.1,0.7326,Agriculture,11.5623936,76.0402917,863.8,25.0,158.8,584.5,0.03,0.023,0.501,346.1,802.5,1650.8,0.552,0.629,46.1,MEDIUM,152,CONDITIONAL_REVIEW_REQUIRED,Monitor and apply mitigation,Synthetic parcel risk score from supplied demo dataset; not an official cadastral/hazard determination,SYNTHETIC_DEMO_NOT_OFFICIAL,SYNTHETIC_DEMO_POLYGON_NOT_OFFICIAL,DO_NOT_USE_AS_LEGAL_BOUNDARY,SYNTHETIC_DEMO_ONLY,NO,YES,NO
DEMO-01-0185,Achooranam,Wayanad,Vythiri,DEMO-01-03,DEMO-01/737,8,3835.5,0.3836,Residential,11.5623223,76.0413365,1045.3,29.4,88.4,165.3,0.74,0.659,0.428,2493.1,465.6,376.7,0.425,0.514,44.3,MEDIUM,134,CONDITIONAL_REVIEW_REQUIRED,Monitor and apply mitigation,Synthetic parcel risk score from supplied demo dataset; not an official cadastral/hazard determination,SYNTHETIC_DEMO_NOT_OFFICIAL,SYNTHETIC_DEMO_POLYGON_NOT_OFFICIAL,DO_NOT_USE_AS_LEGAL_BOUNDARY,SYNTHETIC_DEMO_ONLY,NO,YES,NO
DEMO-01-0186,Achooranam,Wayanad,Vythiri,DEMO-01-16,DEMO-01/218,1,7316.0,0.7316,Mixed,11.5622903,76.0424775,722.5,9.4,213.2,302.1,0.12,0.444,0.388,2229.1,165.4,97.1,0.308,0.667,38.9,MEDIUM,82,CONDITIONAL_REVIEW_REQUIRED,Monitor and apply mitigation,Synthetic parcel risk score from supplied demo dataset; not an official cadastral/hazard determination,SYNTHETIC_DEMO_NOT_OFFICIAL,SYNTHETIC_DEMO_POLYGON_NOT_OFFICIAL,DO_NOT_USE_AS_LEGAL_BOUNDARY,SYNTHETIC_DEMO_ONLY,NO,YES,NO
DEMO-01-0187,Achooranam,Wayanad,Vythiri,DEMO-01-04,DEMO-01/540,1,7136.1,0.7136,Mixed,11.5626038,76.043729,992.3,34.9,55.6,520.8,0.37,0.415,0.663,1693.2,944.1,846.2,0.199,0.542,47.0,MEDIUM,159,CONDITIONAL_REVIEW_REQUIRED,Monitor and apply mitigation,Synthetic parcel risk score from supplied demo dataset; not an official cadastral/hazard determination,SYNTHETIC_DEMO_NOT_OFFICIAL,SYNTHETIC_DEMO_POLYGON_NOT_OFFICIAL,DO_NOT_USE_AS_LEGAL_BOUNDARY,SYNTHETIC_DEMO_ONLY,NO,YES,NO
DEMO-01-0188,Achooranam,Wayanad,Vythiri,DEMO-01-13,DEMO-01/854,4,4971.0,0.4971,Residential,11.5622333,76.0449455,1272.4,9.6,47.9,260.5,0.73,0.532,0.167,436.2,967.0,1224.3,0.306,0.848,31.7,MEDIUM,23,CONDITIONAL_REVIEW_REQUIRED,Monitor and apply mitigation,Synthetic parcel risk score from supplied demo dataset; not an official cadastral/hazard determination,SYNTHETIC_DEMO_NOT_OFFICIAL,SYNTHETIC_DEMO_POLYGON_NOT_OFFICIAL,DO_NOT_USE_AS_LEGAL_BOUNDARY,SYNTHETIC_DEMO_ONLY,NO,YES,NO
DEMO-01-0189,Achooranam,Wayanad,Vythiri,DEMO-01-19,DEMO-01/221,2,4301.4,0.4301,Agriculture,11.5625413,76.0461665,962.4,30.1,88.1,354.9,0.43,0.558,0.668,1722.0,521.1,1519.5,0.2,0.364,51.9,HIGH,191,NOT_RECOMMENDED_UNDER_DEMO_MODEL,High caution / prioritize mitigation,Synthetic parcel risk score from supplied demo dataset; not an official cadastral/hazard determination,SYNTHETIC_DEMO_NOT_OFFICIAL,SYNTHETIC_DEMO_POLYGON_NOT_OFFICIAL,DO_NOT_USE_AS_LEGAL_BOUNDARY,SYNTHETIC_DEMO_ONLY,NO,YES,NO
DEMO-01-0190,Achooranam,Wayanad,Vythiri,DEMO-01-07,DEMO-01/845,5,4875.7,0.4876,Residential,11.5623577,76.0474729,730.1,35.5,216.2,438.8,0.72,0.496,0.706,2417.3,1098.4,1202.6,0.519,0.702,63.7,HIGH,240,NOT_RECOMMENDED_UNDER_DEMO_MODEL,High caution / prioritize mitigation,Synthetic parcel risk score from supplied demo dataset; not an official cadastral/hazard determination,SYNTHETIC_DEMO_NOT_OFFICIAL,SYNTHETIC_DEMO_POLYGON_NOT_OFFICIAL,DO_NOT_USE_AS_LEGAL_BOUNDARY,SYNTHETIC_DEMO_ONLY,NO,YES,NO
DEMO-01-0191,Achooranam,Wayanad,Vythiri,DEMO-01-05,DEMO-01/198,1,1713.2,0.1713,Residential,11.5625065,76.0486588,831.8,27.8,177.6,228.0,0.56,0.529,0.507,1188.3,269.9,991.4,0.202,0.814,53.1,HIGH,198,NOT_RECOMMENDED_UNDER_DEMO_MODEL,High caution / prioritize mitigation,Synthetic parcel risk score from supplied demo dataset; not an official cadastral/hazard determination,SYNTHETIC_DEMO_NOT_OFFICIAL,SYNTHETIC_DEMO_POLYGON_NOT_OFFICIAL,DO_NOT_USE_AS_LEGAL_BOUNDARY,SYNTHETIC_DEMO_ONLY,NO,YES,NO
DEMO-01-0192,Achooranam,Wayanad,Vythiri,DEMO-01-09,DEMO-01/847,5,1556.7,0.1557,Forest-fringe,11.5623701,76.0494858,1273.1,36.6,115.5,379.8,0.38,0.257,0.705,419.7,401.7,954.4,0.646,0.803,53.2,HIGH,199,NOT_RECOMMENDED_UNDER_DEMO_MODEL,High caution / prioritize mitigation,Synthetic parcel risk score from supplied demo dataset; not an official cadastral/hazard determination,SYNTHETIC_DEMO_NOT_OFFICIAL,SYNTHETIC_DEMO_POLYGON_NOT_OFFICIAL,DO_NOT_USE_AS_LEGAL_BOUNDARY,SYNTHETIC_DEMO_ONLY,NO,YES,NO
DEMO-01-0193,Achooranam,Wayanad,Vythiri,DEMO-01-07,DEMO-01/304,9,6119.7,0.612,Residential,11.5624886,76.050833,1014.2,25.8,37.6,193.1,0.0,0.033,0.42,937.0,855.2,1198.9,0.159,0.58,31.7,MEDIUM,23,CONDITIONAL_REVIEW_REQUIRED,Monitor and apply mitigation,Synthetic parcel risk score from supplied demo dataset; not an official cadastral/hazard determination,SYNTHETIC_DEMO_NOT_OFFICIAL,SYNTHETIC_DEMO_POLYGON_NOT_OFFICIAL,DO_NOT_USE_AS_LEGAL_BOUNDARY,SYNTHETIC_DEMO_ONLY,NO,YES,NO
DEMO-01-0194,Achooranam,Wayanad,Vythiri,DEMO-01-17,DEMO-01/853,7,2555.7,0.2556,Mixed,11.5622119,76.051766,1297.1,15.4,63.8,596.2,0.26,0.112,0.34,271.7,838.1,1343.8,0.25,0.863,30.8,MEDIUM,20,CONDITIONAL_REVIEW_REQUIRED,Monitor and apply mitigation,Synthetic parcel risk score from supplied demo dataset; not an official cadastral/hazard determination,SYNTHETIC_DEMO_NOT_OFFICIAL,SYNTHETIC_DEMO_POLYGON_NOT_OFFICIAL,DO_NOT_USE_AS_LEGAL_BOUNDARY,SYNTHETIC_DEMO_ONLY,NO,YES,NO
DEMO-01-0195,Achooranam,Wayanad,Vythiri,DEMO-01-05,DEMO-01/57,2,3240.0,0.324,Mixed,11.5625176,76.0528479,925.6,32.2,187.8,382.9,0.41,0.382,0.519,1231.3,632.9,1531.7,0.489,0.668,54.9,HIGH,211,NOT_RECOMMENDED_UNDER_DEMO_MODEL,High caution / prioritize mitigation,Synthetic parcel risk score from supplied demo dataset; not an official cadastral/hazard determination,SYNTHETIC_DEMO_NOT_OFFICIAL,SYNTHETIC_DEMO_POLYGON_NOT_OFFICIAL,DO_NOT_USE_AS_LEGAL_BOUNDARY,SYNTHETIC_DEMO_ONLY,NO,YES,NO
DEMO-01-0196,Achooranam,Wayanad,Vythiri,DEMO-01-15,DEMO-01/437,7,922.9,0.0923,Forest-fringe,11.5625142,76.0539774,983.9,29.1,111.9,534.3,0.2,0.024,0.433,1809.3,324.0,1665.1,0.095,0.303,38.2,MEDIUM,75,CONDITIONAL_REVIEW_REQUIRED,Monitor and apply mitigation,Synthetic parcel risk score from supplied demo dataset; not an official cadastral/hazard determination,SYNTHETIC_DEMO_NOT_OFFICIAL,SYNTHETIC_DEMO_POLYGON_NOT_OFFICIAL,DO_NOT_USE_AS_LEGAL_BOUNDARY,SYNTHETIC_DEMO_ONLY,NO,YES,NO
DEMO-01-0197,Achooranam,Wayanad,Vythiri,DEMO-01-16,DEMO-01/822,9,5209.6,0.521,Residential,11.5627172,76.0555349,963.0,18.2,39.8,164.2,0.52,0.689,0.37,936.2,414.3,114.9,0.052,0.518,36.5,MEDIUM,55,CONDITIONAL_REVIEW_REQUIRED,Monitor and apply mitigation,Synthetic parcel risk score from supplied demo dataset; not an official cadastral/hazard determination,SYNTHETIC_DEMO_NOT_OFFICIAL,SYNTHETIC_DEMO_POLYGON_NOT_OFFICIAL,DO_NOT_USE_AS_LEGAL_BOUNDARY,SYNTHETIC_DEMO_ONLY,NO,YES,NO
DEMO-01-0198,Achooranam,Wayanad,Vythiri,DEMO-01-02,DEMO-01/182,6,1110.8,0.1111,Agriculture,11.5624508,76.0562778,894.9,27.0,204.3,112.9,1.04,0.758,0.551,547.3,964.4,1401.6,0.634,0.866,65.5,HIGH,245,NOT_RECOMMENDED_UNDER_DEMO_MODEL,High caution / prioritize mitigation,Synthetic parcel risk score from supplied demo dataset; not an official cadastral/hazard determination,SYNTHETIC_DEMO_NOT_OFFICIAL,SYNTHETIC_DEMO_POLYGON_NOT_OFFICIAL,DO_NOT_USE_AS_LEGAL_BOUNDARY,SYNTHETIC_DEMO_ONLY,NO,YES,NO
DEMO-01-0199,Achooranam,Wayanad,Vythiri,DEMO-01-13,DEMO-01/243,7,5875.1,0.5875,Forest-fringe,11.562277,76.0578817,848.8,25.2,48.6,519.2,0.36,0.153,0.413,2206.9,155.8,1171.8,0.103,0.681,33.8,MEDIUM,35,CONDITIONAL_REVIEW_REQUIRED,Monitor and apply mitigation,Synthetic parcel risk score from supplied demo dataset; not an official cadastral/hazard determination,SYNTHETIC_DEMO_NOT_OFFICIAL,SYNTHETIC_DEMO_POLYGON_NOT_OFFICIAL,DO_NOT_USE_AS_LEGAL_BOUNDARY,SYNTHETIC_DEMO_ONLY,NO,YES,NO
DEMO-01-0200,Achooranam,Wayanad,Vythiri,DEMO-01-03,DEMO-01/481,1,4739.2,0.4739,Residential,11.5622775,76.0589001,1156.1,22.7,141.9,291.1,0.3,0.129,0.401,2440.5,882.5,116.8,0.616,0.307,34.3,MEDIUM,44,CONDITIONAL_REVIEW_REQUIRED,Monitor and apply mitigation,Synthetic parcel risk score from supplied demo dataset; not an official cadastral/hazard determination,SYNTHETIC_DEMO_NOT_OFFICIAL,SYNTHETIC_DEMO_POLYGON_NOT_OFFICIAL,DO_NOT_USE_AS_LEGAL_BOUNDARY,SYNTHETIC_DEMO_ONLY,NO,YES,NO
DEMO-01-0201,Achooranam,Wayanad,Vythiri,DEMO-01-12,DEMO-01/982,3,2726.6,0.2727,Forest-fringe,11.5635914,76.0310924,991.1,34.9,218.8,241.9,0.59,0.788,0.638,195.4,716.2,1492.3,0.584,0.894,69.2,HIGH,248,NOT_RECOMMENDED_UNDER_DEMO_MODEL,High caution / prioritize mitigation,Synthetic parcel risk score from supplied demo dataset; not an official cadastral/hazard determination,SYNTHETIC_DEMO_NOT_OFFICIAL,SYNTHETIC_DEMO_POLYGON_NOT_OFFICIAL,DO_NOT_USE_AS_LEGAL_BOUNDARY,SYNTHETIC_DEMO_ONLY,NO,YES,NO
DEMO-01-0202,Achooranam,Wayanad,Vythiri,DEMO-01-06,DEMO-01/460,3,3723.7,0.3724,Mixed,11.5638141,76.0321847,1030.4,6.3,38.6,545.6,0.3,0.216,0.219,891.1,608.0,665.0,0.22,0.692,23.1,LOW,1,CANDIDATE_FOR_FURTHER_ASSESSMENT,Normal monitoring,Synthetic parcel risk score from supplied demo dataset; not an official cadastral/hazard determination,SYNTHETIC_DEMO_NOT_OFFICIAL,SYNTHETIC_DEMO_POLYGON_NOT_OFFICIAL,DO_NOT_USE_AS_LEGAL_BOUNDARY,SYNTHETIC_DEMO_ONLY,NO,YES,NO
DEMO-01-0203,Achooranam,Wayanad,Vythiri,DEMO-01-06,DEMO-01/513,2,4095.8,0.4096,Mixed,11.5636811,76.0336488,728.6,30.7,182.9,168.2,1.39,0.799,0.541,2402.0,673.6,1607.0,0.347,0.332,64.4,HIGH,242,NOT_RECOMMENDED_UNDER_DEMO_MODEL,High caution / prioritize mitigation,Synthetic parcel risk score from supplied demo dataset; not an official cadastral/hazard determination,SYNTHETIC_DEMO_NOT_OFFICIAL,SYNTHETIC_DEMO_POLYGON_NOT_OFFICIAL,DO_NOT_USE_AS_LEGAL_BOUNDARY,SYNTHETIC_DEMO_ONLY,NO,YES,NO
DEMO-01-0204,Achooranam,Wayanad,Vythiri,DEMO-01-12,DEMO-01/785,1,7707.5,0.7708,Plantation,11.5635324,76.0345762,1290.9,37.4,143.2,428.3,0.49,0.233,0.638,2351.2,1153.3,1425.7,0.279,0.323,49.6,MEDIUM,172,CONDITIONAL_REVIEW_REQUIRED,Monitor and apply mitigation,Synthetic parcel risk score from supplied demo dataset; not an official cadastral/hazard determination,SYNTHETIC_DEMO_NOT_OFFICIAL,SYNTHETIC_DEMO_POLYGON_NOT_OFFICIAL,DO_NOT_USE_AS_LEGAL_BOUNDARY,SYNTHETIC_DEMO_ONLY,NO,YES,NO
DEMO-01-0205,Achooranam,Wayanad,Vythiri,DEMO-01-15,DEMO-01/231,8,2400.3,0.24,Forest-fringe,11.563512,76.0360337,927.1,36.9,169.9,568.5,0.8,0.748,0.681,604.3,232.2,1193.8,0.409,0.577,66.5,HIGH,247,NOT_RECOMMENDED_UNDER_DEMO_MODEL,High caution / prioritize mitigation,Synthetic parcel risk score from supplied demo dataset; not an official cadastral/hazard determination,SYNTHETIC_DEMO_NOT_OFFICIAL,SYNTHETIC_DEMO_POLYGON_NOT_OFFICIAL,DO_NOT_USE_AS_LEGAL_BOUNDARY,SYNTHETIC_DEMO_ONLY,NO,YES,NO
DEMO-01-0206,Achooranam,Wayanad,Vythiri,DEMO-01-13,DEMO-01/180,6,1135.2,0.1135,Mixed,11.5638837,76.0366809,915.9,6.8,76.6,532.2,0.13,0.437,0.387,2399.0,74.0,1022.4,0.054,0.684,29.9,MEDIUM,16,CONDITIONAL_REVIEW_REQUIRED,Monitor and apply mitigation,Synthetic parcel risk score from supplied demo dataset; not an official cadastral/hazard determination,SYNTHETIC_DEMO_NOT_OFFICIAL,SYNTHETIC_DEMO_POLYGON_NOT_OFFICIAL,DO_NOT_USE_AS_LEGAL_BOUNDARY,SYNTHETIC_DEMO_ONLY,NO,YES,NO
DEMO-01-0207,Achooranam,Wayanad,Vythiri,DEMO-01-12,DEMO-01/776,5,7844.1,0.7844,Residential,11.563635,76.0383498,1011.9,10.7,212.8,142.7,0.62,0.544,0.391,2336.8,1107.4,200.1,0.244,0.806,41.5,MEDIUM,116,CONDITIONAL_REVIEW_REQUIRED,Monitor and apply mitigation,Synthetic parcel risk score from supplied demo dataset; not an official cadastral/hazard determination,SYNTHETIC_DEMO_NOT_OFFICIAL,SYNTHETIC_DEMO_POLYGON_NOT_OFFICIAL,DO_NOT_USE_AS_LEGAL_BOUNDARY,SYNTHETIC_DEMO_ONLY,NO,YES,NO
DEMO-01-0208,Achooranam,Wayanad,Vythiri,DEMO-01-07,DEMO-01/91,9,2143.1,0.2143,Agriculture,11.5635668,76.0391582,1044.9,5.0,123.8,577.7,0.64,0.564,0.364,878.0,691.1,1687.4,0.145,0.398,40.8,MEDIUM,104,CONDITIONAL_REVIEW_REQUIRED,Monitor and apply mitigation,Synthetic parcel risk score from supplied demo dataset; not an official cadastral/hazard determination,SYNTHETIC_DEMO_NOT_OFFICIAL,SYNTHETIC_DEMO_POLYGON_NOT_OFFICIAL,DO_NOT_USE_AS_LEGAL_BOUNDARY,SYNTHETIC_DEMO_ONLY,NO,YES,NO
DEMO-01-0209,Achooranam,Wayanad,Vythiri,DEMO-01-15,DEMO-01/371,9,3820.5,0.382,Forest-fringe,11.5635743,76.0404014,1150.9,14.0,219.3,506.8,0.74,0.538,0.24,409.9,83.3,652.7,0.175,0.267,43.9,MEDIUM,130,CONDITIONAL_REVIEW_REQUIRED,Monitor and apply mitigation,Synthetic parcel risk score from supplied demo dataset; not an official cadastral/hazard determination,SYNTHETIC_DEMO_NOT_OFFICIAL,SYNTHETIC_DEMO_POLYGON_NOT_OFFICIAL,DO_NOT_USE_AS_LEGAL_BOUNDARY,SYNTHETIC_DEMO_ONLY,NO,YES,NO
DEMO-01-0210,Achooranam,Wayanad,Vythiri,DEMO-01-04,DEMO-01/876,4,5581.8,0.5582,Plantation,11.5639319,76.0414746,1262.3,6.2,75.1,114.9,0.28,0.54,0.191,1473.5,541.6,1424.6,0.488,0.451,29.8,MEDIUM,15,CONDITIONAL_REVIEW_REQUIRED,Monitor and apply mitigation,Synthetic parcel risk score from supplied demo dataset; not an official cadastral/hazard determination,SYNTHETIC_DEMO_NOT_OFFICIAL,SYNTHETIC_DEMO_POLYGON_NOT_OFFICIAL,DO_NOT_USE_AS_LEGAL_BOUNDARY,SYNTHETIC_DEMO_ONLY,NO,YES,NO
DEMO-01-0211,Achooranam,Wayanad,Vythiri,DEMO-01-01,DEMO-01/850,9,5067.3,0.5067,Residential,11.5636778,76.0428657,979.6,36.0,219.6,496.5,0.0,0.075,0.682,202.7,1044.9,1632.8,0.26,0.691,56.6,HIGH,220,NOT_RECOMMENDED_UNDER_DEMO_MODEL,High caution / prioritize mitigation,Synthetic parcel risk score from supplied demo dataset; not an official cadastral/hazard determination,SYNTHETIC_DEMO_NOT_OFFICIAL,SYNTHETIC_DEMO_POLYGON_NOT_OFFICIAL,DO_NOT_USE_AS_LEGAL_BOUNDARY,SYNTHETIC_DEMO_ONLY,NO,YES,NO
DEMO-01-0212,Achooranam,Wayanad,Vythiri,DEMO-01-02,DEMO-01/500,2,7970.3,0.797,Mixed,11.5636503,76.0437369,764.6,10.8,87.3,298.3,0.91,0.686,0.305,2399.7,304.1,1628.0,0.445,0.582,42.2,MEDIUM,119,CONDITIONAL_REVIEW_REQUIRED,Monitor and apply mitigation,Synthetic parcel risk score from supplied demo dataset; not an official cadastral/hazard determination,SYNTHETIC_DEMO_NOT_OFFICIAL,SYNTHETIC_DEMO_POLYGON_NOT_OFFICIAL,DO_NOT_USE_AS_LEGAL_BOUNDARY,SYNTHETIC_DEMO_ONLY,NO,YES,NO
DEMO-01-0213,Achooranam,Wayanad,Vythiri,DEMO-01-04,DEMO-01/939,3,1871.5,0.1872,Residential,11.5634756,76.0449544,974.9,33.6,143.3,526.0,0.51,0.402,0.715,943.9,714.4,1297.5,0.355,0.69,57.4,HIGH,223,NOT_RECOMMENDED_UNDER_DEMO_MODEL,High caution / prioritize mitigation,Synthetic parcel risk score from supplied demo dataset; not an official cadastral/hazard determination,SYNTHETIC_DEMO_NOT_OFFICIAL,SYNTHETIC_DEMO_POLYGON_NOT_OFFICIAL,DO_NOT_USE_AS_LEGAL_BOUNDARY,SYNTHETIC_DEMO_ONLY,NO,YES,NO
DEMO-01-0214,Achooranam,Wayanad,Vythiri,DEMO-01-18,DEMO-01/637,5,5690.7,0.5691,Forest-fringe,11.5637092,76.0463432,1082.6,27.9,65.2,148.2,0.3,0.313,0.664,912.2,598.6,855.3,0.467,0.684,45.7,MEDIUM,146,CONDITIONAL_REVIEW_REQUIRED,Monitor and apply mitigation,Synthetic parcel risk score from supplied demo dataset; not an official cadastral/hazard determination,SYNTHETIC_DEMO_NOT_OFFICIAL,SYNTHETIC_DEMO_POLYGON_NOT_OFFICIAL,DO_NOT_USE_AS_LEGAL_BOUNDARY,SYNTHETIC_DEMO_ONLY,NO,YES,NO
DEMO-01-0215,Achooranam,Wayanad,Vythiri,DEMO-01-08,DEMO-01/807,1,6236.1,0.6236,Agriculture,11.5635337,76.0470875,1108.8,5.9,123.9,206.6,0.23,0.311,0.362,154.5,315.3,314.3,0.594,0.669,34.2,MEDIUM,42,CONDITIONAL_REVIEW_REQUIRED,Monitor and apply mitigation,Synthetic parcel risk score from supplied demo dataset; not an official cadastral/hazard determination,SYNTHETIC_DEMO_NOT_OFFICIAL,SYNTHETIC_DEMO_POLYGON_NOT_OFFICIAL,DO_NOT_USE_AS_LEGAL_BOUNDARY,SYNTHETIC_DEMO_ONLY,NO,YES,NO
DEMO-01-0216,Achooranam,Wayanad,Vythiri,DEMO-01-11,DEMO-01/479,5,4519.4,0.4519,Forest-fringe,11.5639135,76.0483072,1156.9,19.9,63.8,384.1,0.16,0.027,0.291,262.2,797.3,789.8,0.259,0.532,28.6,MEDIUM,9,CONDITIONAL_REVIEW_REQUIRED,Monitor and apply mitigation,Synthetic parcel risk score from supplied demo dataset; not an official cadastral/hazard determination,SYNTHETIC_DEMO_NOT_OFFICIAL,SYNTHETIC_DEMO_POLYGON_NOT_OFFICIAL,DO_NOT_USE_AS_LEGAL_BOUNDARY,SYNTHETIC_DEMO_ONLY,NO,YES,NO
DEMO-01-0217,Achooranam,Wayanad,Vythiri,DEMO-01-15,DEMO-01/813,5,2840.1,0.284,Forest-fringe,11.563724,76.0496362,764.7,14.8,199.0,585.5,0.5,0.284,0.492,1046.7,620.0,412.2,0.424,0.667,45.9,MEDIUM,149,CONDITIONAL_REVIEW_REQUIRED,Monitor and apply mitigation,Synthetic parcel risk score from supplied demo dataset; not an official cadastral/hazard determination,SYNTHETIC_DEMO_NOT_OFFICIAL,SYNTHETIC_DEMO_POLYGON_NOT_OFFICIAL,DO_NOT_USE_AS_LEGAL_BOUNDARY,SYNTHETIC_DEMO_ONLY,NO,YES,NO
DEMO-01-0218,Achooranam,Wayanad,Vythiri,DEMO-01-13,DEMO-01/268,9,2318.5,0.2318,Plantation,11.5640044,76.050854,1100.5,11.9,109.3,217.8,0.85,0.646,0.402,2266.8,296.8,1135.3,0.12,0.637,40.6,MEDIUM,100,CONDITIONAL_REVIEW_REQUIRED,Monitor and apply mitigation,Synthetic parcel risk score from supplied demo dataset; not an official cadastral/hazard determination,SYNTHETIC_DEMO_NOT_OFFICIAL,SYNTHETIC_DEMO_POLYGON_NOT_OFFICIAL,DO_NOT_USE_AS_LEGAL_BOUNDARY,SYNTHETIC_DEMO_ONLY,NO,YES,NO
DEMO-01-0219,Achooranam,Wayanad,Vythiri,DEMO-01-04,DEMO-01/577,9,5846.5,0.5846,Residential,11.5636446,76.051989,840.9,37.3,156.0,449.8,0.83,0.774,0.81,78.7,392.3,1134.9,0.206,0.617,70.1,HIGH,250,NOT_RECOMMENDED_UNDER_DEMO_MODEL,High caution / prioritize mitigation,Synthetic parcel risk score from supplied demo dataset; not an official cadastral/hazard determination,SYNTHETIC_DEMO_NOT_OFFICIAL,SYNTHETIC_DEMO_POLYGON_NOT_OFFICIAL,DO_NOT_USE_AS_LEGAL_BOUNDARY,SYNTHETIC_DEMO_ONLY,NO,YES,NO
DEMO-01-0220,Achooranam,Wayanad,Vythiri,DEMO-01-07,DEMO-01/955,4,7464.6,0.7465,Forest-fringe,11.563789,76.0532197,1007.0,30.1,187.8,462.4,0.11,0.198,0.539,76.0,64.0,1722.3,0.511,0.309,53.0,HIGH,197,NOT_RECOMMENDED_UNDER_DEMO_MODEL,High caution / prioritize mitigation,Synthetic parcel risk score from supplied demo dataset; not an official cadastral/hazard determination,SYNTHETIC_DEMO_NOT_OFFICIAL,SYNTHETIC_DEMO_POLYGON_NOT_OFFICIAL,DO_NOT_USE_AS_LEGAL_BOUNDARY,SYNTHETIC_DEMO_ONLY,NO,YES,NO
DEMO-01-0221,Achooranam,Wayanad,Vythiri,DEMO-01-15,DEMO-01/4,8,2964.7,0.2965,Mixed,11.5635491,76.0539466,1171.5,10.5,184.8,292.5,0.44,0.569,0.191,574.3,292.8,1559.2,0.11,0.66,40.2,MEDIUM,96,CONDITIONAL_REVIEW_REQUIRED,Monitor and apply mitigation,Synthetic parcel risk score from supplied demo dataset; not an official cadastral/hazard determination,SYNTHETIC_DEMO_NOT_OFFICIAL,SYNTHETIC_DEMO_POLYGON_NOT_OFFICIAL,DO_NOT_USE_AS_LEGAL_BOUNDARY,SYNTHETIC_DEMO_ONLY,NO,YES,NO
DEMO-01-0222,Achooranam,Wayanad,Vythiri,DEMO-01-09,DEMO-01/592,8,4285.2,0.4285,Residential,11.5638056,76.0554878,1237.4,25.8,123.2,206.6,0.09,0.131,0.646,1074.1,1072.4,393.4,0.051,0.879,39.7,MEDIUM,90,CONDITIONAL_REVIEW_REQUIRED,Monitor and apply mitigation,Synthetic parcel risk score from supplied demo dataset; not an official cadastral/hazard determination,SYNTHETIC_DEMO_NOT_OFFICIAL,SYNTHETIC_DEMO_POLYGON_NOT_OFFICIAL,DO_NOT_USE_AS_LEGAL_BOUNDARY,SYNTHETIC_DEMO_ONLY,NO,YES,NO
DEMO-01-0223,Achooranam,Wayanad,Vythiri,DEMO-01-17,DEMO-01/340,1,4625.0,0.4625,Agriculture,11.5635999,76.0567223,1254.2,31.3,173.0,395.0,0.71,0.721,0.656,1544.2,609.1,1454.4,0.647,0.551,61.3,HIGH,236,NOT_RECOMMENDED_UNDER_DEMO_MODEL,High caution / prioritize mitigation,Synthetic parcel risk score from supplied demo dataset; not an official cadastral/hazard determination,SYNTHETIC_DEMO_NOT_OFFICIAL,SYNTHETIC_DEMO_POLYGON_NOT_OFFICIAL,DO_NOT_USE_AS_LEGAL_BOUNDARY,SYNTHETIC_DEMO_ONLY,NO,YES,NO
DEMO-01-0224,Achooranam,Wayanad,Vythiri,DEMO-01-20,DEMO-01/927,3,4315.0,0.4315,Residential,11.563767,76.0576229,1001.4,27.2,124.3,251.0,0.1,0.538,0.441,36.8,1029.9,463.2,0.055,0.732,44.6,MEDIUM,137,CONDITIONAL_REVIEW_REQUIRED,Monitor and apply mitigation,Synthetic parcel risk score from supplied demo dataset; not an official cadastral/hazard determination,SYNTHETIC_DEMO_NOT_OFFICIAL,SYNTHETIC_DEMO_POLYGON_NOT_OFFICIAL,DO_NOT_USE_AS_LEGAL_BOUNDARY,SYNTHETIC_DEMO_ONLY,NO,YES,NO
DEMO-01-0225,Achooranam,Wayanad,Vythiri,DEMO-01-19,DEMO-01/370,9,2707.0,0.2707,Forest-fringe,11.5636051,76.0586116,908.4,20.2,74.8,255.0,0.39,0.321,0.577,1408.8,196.3,846.1,0.223,0.874,41.1,MEDIUM,110,CONDITIONAL_REVIEW_REQUIRED,Monitor and apply mitigation,Synthetic parcel risk score from supplied demo dataset; not an official cadastral/hazard determination,SYNTHETIC_DEMO_NOT_OFFICIAL,SYNTHETIC_DEMO_POLYGON_NOT_OFFICIAL,DO_NOT_USE_AS_LEGAL_BOUNDARY,SYNTHETIC_DEMO_ONLY,NO,YES,NO
DEMO-01-0226,Achooranam,Wayanad,Vythiri,DEMO-01-19,DEMO-01/420,1,706.6,0.0707,Forest-fringe,11.5649926,76.031133,1169.3,35.8,152.2,148.2,0.73,0.396,0.75,947.2,936.5,1626.8,0.33,0.635,60.4,HIGH,235,NOT_RECOMMENDED_UNDER_DEMO_MODEL,High caution / prioritize mitigation,Synthetic parcel risk score from supplied demo dataset; not an official cadastral/hazard determination,SYNTHETIC_DEMO_NOT_OFFICIAL,SYNTHETIC_DEMO_POLYGON_NOT_OFFICIAL,DO_NOT_USE_AS_LEGAL_BOUNDARY,SYNTHETIC_DEMO_ONLY,NO,YES,NO
DEMO-01-0227,Achooranam,Wayanad,Vythiri,DEMO-01-15,DEMO-01/964,4,4855.3,0.4855,Agriculture,11.5650166,76.032393,847.2,34.3,183.3,484.3,0.18,0.105,0.775,451.2,662.2,282.2,0.39,0.258,54.4,HIGH,207,NOT_RECOMMENDED_UNDER_DEMO_MODEL,High caution / prioritize mitigation,Synthetic parcel risk score from supplied demo dataset; not an official cadastral/hazard determination,SYNTHETIC_DEMO_NOT_OFFICIAL,SYNTHETIC_DEMO_POLYGON_NOT_OFFICIAL,DO_NOT_USE_AS_LEGAL_BOUNDARY,SYNTHETIC_DEMO_ONLY,NO,YES,NO
DEMO-01-0228,Achooranam,Wayanad,Vythiri,DEMO-01-19,DEMO-01/18,1,949.5,0.095,Forest-fringe,11.5650375,76.0337306,1268.9,11.6,60.5,237.1,0.65,0.764,0.298,648.9,98.5,900.8,0.315,0.636,37.8,MEDIUM,70,CONDITIONAL_REVIEW_REQUIRED,Monitor and apply mitigation,Synthetic parcel risk score from supplied demo dataset; not an official cadastral/hazard determination,SYNTHETIC_DEMO_NOT_OFFICIAL,SYNTHETIC_DEMO_POLYGON_NOT_OFFICIAL,DO_NOT_USE_AS_LEGAL_BOUNDARY,SYNTHETIC_DEMO_ONLY,NO,YES,NO
DEMO-01-0229,Achooranam,Wayanad,Vythiri,DEMO-01-03,DEMO-01/790,5,2943.1,0.2943,Agriculture,11.5648207,76.0348257,1131.5,11.3,190.3,159.0,0.71,0.74,0.199,1089.3,970.5,1492.4,0.583,0.732,46.0,MEDIUM,150,CONDITIONAL_REVIEW_REQUIRED,Monitor and apply mitigation,Synthetic parcel risk score from supplied demo dataset; not an official cadastral/hazard determination,SYNTHETIC_DEMO_NOT_OFFICIAL,SYNTHETIC_DEMO_POLYGON_NOT_OFFICIAL,DO_NOT_USE_AS_LEGAL_BOUNDARY,SYNTHETIC_DEMO_ONLY,NO,YES,NO
DEMO-01-0230,Achooranam,Wayanad,Vythiri,DEMO-01-04,DEMO-01/252,6,3486.9,0.3487,Residential,11.5651066,76.0359572,798.0,27.8,92.2,130.8,0.86,0.63,0.665,2165.2,1027.8,700.0,0.212,0.443,52.4,HIGH,194,NOT_RECOMMENDED_UNDER_DEMO_MODEL,High caution / prioritize mitigation,Synthetic parcel risk score from supplied demo dataset; not an official cadastral/hazard determination,SYNTHETIC_DEMO_NOT_OFFICIAL,SYNTHETIC_DEMO_POLYGON_NOT_OFFICIAL,DO_NOT_USE_AS_LEGAL_BOUNDARY,SYNTHETIC_DEMO_ONLY,NO,YES,NO
DEMO-01-0231,Achooranam,Wayanad,Vythiri,DEMO-01-14,DEMO-01/984,9,4622.0,0.4622,Plantation,11.5647611,76.0369054,921.8,7.0,200.4,514.5,0.14,0.088,0.338,1554.5,774.3,1433.2,0.094,0.551,34.5,MEDIUM,46,CONDITIONAL_REVIEW_REQUIRED,Monitor and apply mitigation,Synthetic parcel risk score from supplied demo dataset; not an official cadastral/hazard determination,SYNTHETIC_DEMO_NOT_OFFICIAL,SYNTHETIC_DEMO_POLYGON_NOT_OFFICIAL,DO_NOT_USE_AS_LEGAL_BOUNDARY,SYNTHETIC_DEMO_ONLY,NO,YES,NO
DEMO-01-0232,Achooranam,Wayanad,Vythiri,DEMO-01-05,DEMO-01/426,4,4682.1,0.4682,Residential,11.5649517,76.0382806,838.8,24.9,62.9,564.9,0.92,0.694,0.418,1066.5,1021.3,305.4,0.284,0.518,45.8,MEDIUM,147,CONDITIONAL_REVIEW_REQUIRED,Monitor and apply mitigation,Synthetic parcel risk score from supplied demo dataset; not an official cadastral/hazard determination,SYNTHETIC_DEMO_NOT_OFFICIAL,SYNTHETIC_DEMO_POLYGON_NOT_OFFICIAL,DO_NOT_USE_AS_LEGAL_BOUNDARY,SYNTHETIC_DEMO_ONLY,NO,YES,NO
DEMO-01-0233,Achooranam,Wayanad,Vythiri,DEMO-01-17,DEMO-01/126,1,5217.6,0.5218,Forest-fringe,11.5649179,76.0390195,748.0,25.9,46.3,497.1,0.9,0.799,0.469,960.5,1070.8,1638.0,0.64,0.343,54.2,HIGH,205,NOT_RECOMMENDED_UNDER_DEMO_MODEL,High caution / prioritize mitigation,Synthetic parcel risk score from supplied demo dataset; not an official cadastral/hazard determination,SYNTHETIC_DEMO_NOT_OFFICIAL,SYNTHETIC_DEMO_POLYGON_NOT_OFFICIAL,DO_NOT_USE_AS_LEGAL_BOUNDARY,SYNTHETIC_DEMO_ONLY,NO,YES,NO
DEMO-01-0234,Achooranam,Wayanad,Vythiri,DEMO-01-20,DEMO-01/358,7,739.1,0.0739,Plantation,11.5647929,76.0405067,953.9,31.0,113.8,311.8,0.62,0.774,0.633,1025.0,342.1,1189.2,0.445,0.268,58.5,HIGH,229,NOT_RECOMMENDED_UNDER_DEMO_MODEL,High caution / prioritize mitigation,Synthetic parcel risk score from supplied demo dataset; not an official cadastral/hazard determination,SYNTHETIC_DEMO_NOT_OFFICIAL,SYNTHETIC_DEMO_POLYGON_NOT_OFFICIAL,DO_NOT_USE_AS_LEGAL_BOUNDARY,SYNTHETIC_DEMO_ONLY,NO,YES,NO
DEMO-01-0235,Achooranam,Wayanad,Vythiri,DEMO-01-12,DEMO-01/371,9,6732.5,0.6732,Mixed,11.5649126,76.0414842,1140.5,30.4,172.0,345.6,0.67,0.642,0.601,1831.3,379.1,770.2,0.114,0.685,53.9,HIGH,204,NOT_RECOMMENDED_UNDER_DEMO_MODEL,High caution / prioritize mitigation,Synthetic parcel risk score from supplied demo dataset; not an official cadastral/hazard determination,SYNTHETIC_DEMO_NOT_OFFICIAL,SYNTHETIC_DEMO_POLYGON_NOT_OFFICIAL,DO_NOT_USE_AS_LEGAL_BOUNDARY,SYNTHETIC_DEMO_ONLY,NO,YES,NO
DEMO-01-0236,Achooranam,Wayanad,Vythiri,DEMO-01-09,DEMO-01/117,9,1253.3,0.1253,Mixed,11.5648614,76.0426636,1174.9,17.4,160.2,292.8,0.1,0.026,0.442,866.3,264.1,926.6,0.546,0.784,37.3,MEDIUM,63,CONDITIONAL_REVIEW_REQUIRED,Monitor and apply mitigation,Synthetic parcel risk score from supplied demo dataset; not an official cadastral/hazard determination,SYNTHETIC_DEMO_NOT_OFFICIAL,SYNTHETIC_DEMO_POLYGON_NOT_OFFICIAL,DO_NOT_USE_AS_LEGAL_BOUNDARY,SYNTHETIC_DEMO_ONLY,NO,YES,NO
DEMO-01-0237,Achooranam,Wayanad,Vythiri,DEMO-01-10,DEMO-01/651,5,5749.7,0.575,Residential,11.5652419,76.0438977,1282.7,18.8,73.8,226.0,0.74,0.431,0.299,2385.5,1035.3,974.5,0.639,0.376,35.1,MEDIUM,48,CONDITIONAL_REVIEW_REQUIRED,Monitor and apply mitigation,Synthetic parcel risk score from supplied demo dataset; not an official cadastral/hazard determination,SYNTHETIC_DEMO_NOT_OFFICIAL,SYNTHETIC_DEMO_POLYGON_NOT_OFFICIAL,DO_NOT_USE_AS_LEGAL_BOUNDARY,SYNTHETIC_DEMO_ONLY,NO,YES,NO
DEMO-01-0238,Achooranam,Wayanad,Vythiri,DEMO-01-01,DEMO-01/128,8,3164.9,0.3165,Mixed,11.5651991,76.0450305,818.6,29.2,210.0,373.4,0.0,0.091,0.512,2424.7,568.1,470.0,0.56,0.732,44.1,MEDIUM,133,CONDITIONAL_REVIEW_REQUIRED,Monitor and apply mitigation,Synthetic parcel risk score from supplied demo dataset; not an official cadastral/hazard determination,SYNTHETIC_DEMO_NOT_OFFICIAL,SYNTHETIC_DEMO_POLYGON_NOT_OFFICIAL,DO_NOT_USE_AS_LEGAL_BOUNDARY,SYNTHETIC_DEMO_ONLY,NO,YES,NO
DEMO-01-0239,Achooranam,Wayanad,Vythiri,DEMO-01-03,DEMO-01/100,4,1763.9,0.1764,Residential,11.5651095,76.046231,885.3,28.7,51.5,215.5,0.1,0.316,0.679,1651.2,335.1,1162.7,0.527,0.576,45.4,MEDIUM,144,CONDITIONAL_REVIEW_REQUIRED,Monitor and apply mitigation,Synthetic parcel risk score from supplied demo dataset; not an official cadastral/hazard determination,SYNTHETIC_DEMO_NOT_OFFICIAL,SYNTHETIC_DEMO_POLYGON_NOT_OFFICIAL,DO_NOT_USE_AS_LEGAL_BOUNDARY,SYNTHETIC_DEMO_ONLY,NO,YES,NO
DEMO-01-0240,Achooranam,Wayanad,Vythiri,DEMO-01-11,DEMO-01/674,5,2570.9,0.2571,Residential,11.5650258,76.0473424,1001.4,33.3,169.8,589.4,0.0,0.128,0.718,529.8,864.1,696.8,0.351,0.272,51.1,HIGH,184,NOT_RECOMMENDED_UNDER_DEMO_MODEL,High caution / prioritize mitigation,Synthetic parcel risk score from supplied demo dataset; not an official cadastral/hazard determination,SYNTHETIC_DEMO_NOT_OFFICIAL,SYNTHETIC_DEMO_POLYGON_NOT_OFFICIAL,DO_NOT_USE_AS_LEGAL_BOUNDARY,SYNTHETIC_DEMO_ONLY,NO,YES,NO
DEMO-01-0241,Achooranam,Wayanad,Vythiri,DEMO-01-06,DEMO-01/229,1,814.9,0.0815,Residential,11.5648298,76.0486949,1052.4,35.3,207.3,588.0,0.0,0.063,0.548,442.2,578.3,162.5,0.298,0.629,46.9,MEDIUM,156,CONDITIONAL_REVIEW_REQUIRED,Monitor and apply mitigation,Synthetic parcel risk score from supplied demo dataset; not an official cadastral/hazard determination,SYNTHETIC_DEMO_NOT_OFFICIAL,SYNTHETIC_DEMO_POLYGON_NOT_OFFICIAL,DO_NOT_USE_AS_LEGAL_BOUNDARY,SYNTHETIC_DEMO_ONLY,NO,YES,NO
DEMO-01-0242,Achooranam,Wayanad,Vythiri,DEMO-01-06,DEMO-01/778,1,2765.5,0.2766,Mixed,11.5648309,76.0495159,1262.2,18.6,164.7,438.3,0.53,0.679,0.379,1787.6,894.4,635.2,0.554,0.873,44.6,MEDIUM,137,CONDITIONAL_REVIEW_REQUIRED,Monitor and apply mitigation,Synthetic parcel risk score from supplied demo dataset; not an official cadastral/hazard determination,SYNTHETIC_DEMO_NOT_OFFICIAL,SYNTHETIC_DEMO_POLYGON_NOT_OFFICIAL,DO_NOT_USE_AS_LEGAL_BOUNDARY,SYNTHETIC_DEMO_ONLY,NO,YES,NO
DEMO-01-0243,Achooranam,Wayanad,Vythiri,DEMO-01-09,DEMO-01/328,8,905.1,0.0905,Agriculture,11.565216,76.0510171,930.4,25.7,118.8,245.9,0.94,0.829,0.644,369.6,1090.7,1518.8,0.365,0.696,62.0,HIGH,239,NOT_RECOMMENDED_UNDER_DEMO_MODEL,High caution / prioritize mitigation,Synthetic parcel risk score from supplied demo dataset; not an official cadastral/hazard determination,SYNTHETIC_DEMO_NOT_OFFICIAL,SYNTHETIC_DEMO_POLYGON_NOT_OFFICIAL,DO_NOT_USE_AS_LEGAL_BOUNDARY,SYNTHETIC_DEMO_ONLY,NO,YES,NO
DEMO-01-0244,Achooranam,Wayanad,Vythiri,DEMO-01-04,DEMO-01/571,2,4598.6,0.4599,Mixed,11.5649524,76.0519865,1093.7,14.9,173.1,541.9,0.3,0.206,0.239,1887.8,286.8,879.1,0.528,0.595,34.0,MEDIUM,38,CONDITIONAL_REVIEW_REQUIRED,Monitor and apply mitigation,Synthetic parcel risk score from supplied demo dataset; not an official cadastral/hazard determination,SYNTHETIC_DEMO_NOT_OFFICIAL,SYNTHETIC_DEMO_POLYGON_NOT_OFFICIAL,DO_NOT_USE_AS_LEGAL_BOUNDARY,SYNTHETIC_DEMO_ONLY,NO,YES,NO
DEMO-01-0245,Achooranam,Wayanad,Vythiri,DEMO-01-20,DEMO-01/844,7,3313.8,0.3314,Plantation,11.5648246,76.0532804,855.4,19.5,133.9,472.8,0.56,0.337,0.304,2154.5,836.2,1583.4,0.287,0.782,40.1,MEDIUM,95,CONDITIONAL_REVIEW_REQUIRED,Monitor and apply mitigation,Synthetic parcel risk score from supplied demo dataset; not an official cadastral/hazard determination,SYNTHETIC_DEMO_NOT_OFFICIAL,SYNTHETIC_DEMO_POLYGON_NOT_OFFICIAL,DO_NOT_USE_AS_LEGAL_BOUNDARY,SYNTHETIC_DEMO_ONLY,NO,YES,NO
DEMO-01-0246,Achooranam,Wayanad,Vythiri,DEMO-01-12,DEMO-01/306,7,2421.6,0.2422,Plantation,11.5651589,76.0541384,710.3,35.6,71.9,540.4,0.23,0.273,0.793,2021.1,221.8,1099.0,0.449,0.314,51.7,HIGH,189,NOT_RECOMMENDED_UNDER_DEMO_MODEL,High caution / prioritize mitigation,Synthetic parcel risk score from supplied demo dataset; not an official cadastral/hazard determination,SYNTHETIC_DEMO_NOT_OFFICIAL,SYNTHETIC_DEMO_POLYGON_NOT_OFFICIAL,DO_NOT_USE_AS_LEGAL_BOUNDARY,SYNTHETIC_DEMO_ONLY,NO,YES,NO
DEMO-01-0247,Achooranam,Wayanad,Vythiri,DEMO-01-03,DEMO-01/680,3,3272.8,0.3273,Agriculture,11.5650613,76.0554526,1055.9,16.8,70.1,310.2,0.76,0.284,0.39,864.3,726.3,1456.0,0.037,0.723,37.8,MEDIUM,70,CONDITIONAL_REVIEW_REQUIRED,Monitor and apply mitigation,Synthetic parcel risk score from supplied demo dataset; not an official cadastral/hazard determination,SYNTHETIC_DEMO_NOT_OFFICIAL,SYNTHETIC_DEMO_POLYGON_NOT_OFFICIAL,DO_NOT_USE_AS_LEGAL_BOUNDARY,SYNTHETIC_DEMO_ONLY,NO,YES,NO
DEMO-01-0248,Achooranam,Wayanad,Vythiri,DEMO-01-01,DEMO-01/718,5,5221.2,0.5221,Plantation,11.5650598,76.0567303,974.5,12.1,69.5,347.0,0.65,0.386,0.401,1145.9,438.4,1238.2,0.049,0.623,36.6,MEDIUM,56,CONDITIONAL_REVIEW_REQUIRED,Monitor and apply mitigation,Synthetic parcel risk score from supplied demo dataset; not an official cadastral/hazard determination,SYNTHETIC_DEMO_NOT_OFFICIAL,SYNTHETIC_DEMO_POLYGON_NOT_OFFICIAL,DO_NOT_USE_AS_LEGAL_BOUNDARY,SYNTHETIC_DEMO_ONLY,NO,YES,NO
DEMO-01-0249,Achooranam,Wayanad,Vythiri,DEMO-01-14,DEMO-01/312,4,7993.8,0.7994,Mixed,11.5652194,76.0577968,1160.5,27.8,202.1,161.6,0.43,0.114,0.58,47.6,594.5,89.8,0.389,0.71,48.3,MEDIUM,164,CONDITIONAL_REVIEW_REQUIRED,Monitor and apply mitigation,Synthetic parcel risk score from supplied demo dataset; not an official cadastral/hazard determination,SYNTHETIC_DEMO_NOT_OFFICIAL,SYNTHETIC_DEMO_POLYGON_NOT_OFFICIAL,DO_NOT_USE_AS_LEGAL_BOUNDARY,SYNTHETIC_DEMO_ONLY,NO,YES,NO
DEMO-01-0250,Achooranam,Wayanad,Vythiri,DEMO-01-12,DEMO-01/683,9,673.2,0.0673,Agriculture,11.5651405,76.0589731,743.4,10.0,145.9,145.2,0.79,0.743,0.34,104.9,931.1,858.1,0.026,0.268,46.9,MEDIUM,156,CONDITIONAL_REVIEW_REQUIRED,Monitor and apply mitigation,Synthetic parcel risk score from supplied demo dataset; not an official cadastral/hazard determination,SYNTHETIC_DEMO_NOT_OFFICIAL,SYNTHETIC_DEMO_POLYGON_NOT_OFFICIAL,DO_NOT_USE_AS_LEGAL_BOUNDARY,SYNTHETIC_DEMO_ONLY,NO,YES,NO
DEMO-02-0001,Kuppadithara,Wayanad,Vythiri,DEMO-02-14,DEMO-02/959,3,5196.1,0.5196,Forest-fringe,11.6285847,76.0060675,1041.7,9.9,150.2,253.6,0.38,0.254,0.313,1663.5,727.2,744.4,0.109,0.543,32.4,MEDIUM,37,CONDITIONAL_REVIEW_REQUIRED,Monitor and apply mitigation,Synthetic parcel risk score from supplied demo dataset; not an official cadastral/hazard determination,SYNTHETIC_DEMO_NOT_OFFICIAL,SYNTHETIC_DEMO_POLYGON_NOT_OFFICIAL,DO_NOT_USE_AS_LEGAL_BOUNDARY,SYNTHETIC_DEMO_ONLY,NO,YES,NO
DEMO-02-0002,Kuppadithara,Wayanad,Vythiri,DEMO-02-18,DEMO-02/318,3,7534.3,0.7534,Agriculture,11.6288085,76.0072033,1028.0,4.6,203.4,142.7,0.37,0.081,0.081,2074.5,691.4,136.3,0.525,0.612,24.9,LOW,6,CANDIDATE_FOR_FURTHER_ASSESSMENT,Normal monitoring,Synthetic parcel risk score from supplied demo dataset; not an official cadastral/hazard determination,SYNTHETIC_DEMO_NOT_OFFICIAL,SYNTHETIC_DEMO_POLYGON_NOT_OFFICIAL,DO_NOT_USE_AS_LEGAL_BOUNDARY,SYNTHETIC_DEMO_ONLY,NO,YES,NO
DEMO-02-0003,Kuppadithara,Wayanad,Vythiri,DEMO-02-14,DEMO-02/597,4,4420.0,0.442,Forest-fringe,11.6288789,76.0085434,909.4,15.3,154.4,216.1,0.24,0.021,0.438,892.4,1014.0,1604.8,0.079,0.516,38.5,MEDIUM,94,CONDITIONAL_REVIEW_REQUIRED,Monitor and apply mitigation,Synthetic parcel risk score from supplied demo dataset; not an official cadastral/hazard determination,SYNTHETIC_DEMO_NOT_OFFICIAL,SYNTHETIC_DEMO_POLYGON_NOT_OFFICIAL,DO_NOT_USE_AS_LEGAL_BOUNDARY,SYNTHETIC_DEMO_ONLY,NO,YES,NO
DEMO-02-0004,Kuppadithara,Wayanad,Vythiri,DEMO-02-16,DEMO-02/940,3,4479.7,0.448,Mixed,11.6286512,76.0094863,839.3,7.9,62.9,194.5,1.02,0.832,0.387,1478.0,687.1,1731.3,0.592,0.707,46.8,MEDIUM,201,CONDITIONAL_REVIEW_REQUIRED,Monitor and apply mitigation,Synthetic parcel risk score from supplied demo dataset; not an official cadastral/hazard determination,SYNTHETIC_DEMO_NOT_OFFICIAL,SYNTHETIC_DEMO_POLYGON_NOT_OFFICIAL,DO_NOT_USE_AS_LEGAL_BOUNDARY,SYNTHETIC_DEMO_ONLY,NO,YES,NO
DEMO-02-0005,Kuppadithara,Wayanad,Vythiri,DEMO-02-10,DEMO-02/482,6,2809.6,0.281,Forest-fringe,11.6285488,76.0107678,953.1,10.5,210.0,291.9,0.0,0.135,0.227,1232.9,275.8,765.2,0.48,0.428,33.5,MEDIUM,46,CONDITIONAL_REVIEW_REQUIRED,Monitor and apply mitigation,Synthetic parcel risk score from supplied demo dataset; not an official cadastral/hazard determination,SYNTHETIC_DEMO_NOT_OFFICIAL,SYNTHETIC_DEMO_POLYGON_NOT_OFFICIAL,DO_NOT_USE_AS_LEGAL_BOUNDARY,SYNTHETIC_DEMO_ONLY,NO,YES,NO
DEMO-02-0006,Kuppadithara,Wayanad,Vythiri,DEMO-02-20,DEMO-02/259,4,3657.6,0.3658,Residential,11.6286778,76.0118372,740.3,13.2,82.6,349.6,0.34,0.398,0.409,1114.8,124.4,824.2,0.403,0.383,38.2,MEDIUM,92,CONDITIONAL_REVIEW_REQUIRED,Monitor and apply mitigation,Synthetic parcel risk score from supplied demo dataset; not an official cadastral/hazard determination,SYNTHETIC_DEMO_NOT_OFFICIAL,SYNTHETIC_DEMO_POLYGON_NOT_OFFICIAL,DO_NOT_USE_AS_LEGAL_BOUNDARY,SYNTHETIC_DEMO_ONLY,NO,YES,NO
DEMO-02-0007,Kuppadithara,Wayanad,Vythiri,DEMO-02-20,DEMO-02/132,5,2583.2,0.2583,Mixed,11.6285004,76.0132406,677.9,13.9,139.0,120.2,0.0,0.04,0.255,216.4,1132.4,931.4,0.065,0.515,32.1,MEDIUM,34,CONDITIONAL_REVIEW_REQUIRED,Monitor and apply mitigation,Synthetic parcel risk score from supplied demo dataset; not an official cadastral/hazard determination,SYNTHETIC_DEMO_NOT_OFFICIAL,SYNTHETIC_DEMO_POLYGON_NOT_OFFICIAL,DO_NOT_USE_AS_LEGAL_BOUNDARY,SYNTHETIC_DEMO_ONLY,NO,YES,NO
DEMO-02-0008,Kuppadithara,Wayanad,Vythiri,DEMO-02-18,DEMO-02/747,4,1754.3,0.1754,Residential,11.6288215,76.0143065,890.2,10.7,133.8,146.7,0.37,0.25,0.215,2309.5,783.0,1199.5,0.377,0.256,31.4,MEDIUM,28,CONDITIONAL_REVIEW_REQUIRED,Monitor and apply mitigation,Synthetic parcel risk score from supplied demo dataset; not an official cadastral/hazard determination,SYNTHETIC_DEMO_NOT_OFFICIAL,SYNTHETIC_DEMO_POLYGON_NOT_OFFICIAL,DO_NOT_USE_AS_LEGAL_BOUNDARY,SYNTHETIC_DEMO_ONLY,NO,YES,NO
DEMO-02-0009,Kuppadithara,Wayanad,Vythiri,DEMO-02-02,DEMO-02/251,7,1692.0,0.1692,Mixed,11.6287332,76.0152599,887.3,17.6,74.3,558.1,0.16,0.189,0.427,2274.6,750.7,782.8,0.137,0.621,31.2,MEDIUM,26,CONDITIONAL_REVIEW_REQUIRED,Monitor and apply mitigation,Synthetic parcel risk score from supplied demo dataset; not an official cadastral/hazard determination,SYNTHETIC_DEMO_NOT_OFFICIAL,SYNTHETIC_DEMO_POLYGON_NOT_OFFICIAL,DO_NOT_USE_AS_LEGAL_BOUNDARY,SYNTHETIC_DEMO_ONLY,NO,YES,NO
DEMO-02-0010,Kuppadithara,Wayanad,Vythiri,DEMO-02-08,DEMO-02/806,3,5401.6,0.5402,Agriculture,11.6290002,76.0163334,857.6,2.3,177.6,372.0,0.44,0.653,0.251,2097.6,36.7,165.5,0.399,0.41,35.6,MEDIUM,61,CONDITIONAL_REVIEW_REQUIRED,Monitor and apply mitigation,Synthetic parcel risk score from supplied demo dataset; not an official cadastral/hazard determination,SYNTHETIC_DEMO_NOT_OFFICIAL,SYNTHETIC_DEMO_POLYGON_NOT_OFFICIAL,DO_NOT_USE_AS_LEGAL_BOUNDARY,SYNTHETIC_DEMO_ONLY,NO,YES,NO
DEMO-02-0011,Kuppadithara,Wayanad,Vythiri,DEMO-02-01,DEMO-02/509,1,1442.1,0.1442,Mixed,11.6288654,76.0176666,764.8,20.7,133.6,607.7,0.58,0.461,0.394,2330.0,495.1,308.6,0.045,0.415,39.8,MEDIUM,112,CONDITIONAL_REVIEW_REQUIRED,Monitor and apply mitigation,Synthetic parcel risk score from supplied demo dataset; not an official cadastral/hazard determination,SYNTHETIC_DEMO_NOT_OFFICIAL,SYNTHETIC_DEMO_POLYGON_NOT_OFFICIAL,DO_NOT_USE_AS_LEGAL_BOUNDARY,SYNTHETIC_DEMO_ONLY,NO,YES,NO
DEMO-02-0012,Kuppadithara,Wayanad,Vythiri,DEMO-02-15,DEMO-02/98,2,4802.0,0.4802,Residential,11.628707,76.018566,676.5,15.4,111.2,520.7,0.7,0.63,0.521,1375.1,109.1,1144.9,0.19,0.888,48.6,MEDIUM,213,CONDITIONAL_REVIEW_REQUIRED,Monitor and apply mitigation,Synthetic parcel risk score from supplied demo dataset; not an official cadastral/hazard determination,SYNTHETIC_DEMO_NOT_OFFICIAL,SYNTHETIC_DEMO_POLYGON_NOT_OFFICIAL,DO_NOT_USE_AS_LEGAL_BOUNDARY,SYNTHETIC_DEMO_ONLY,NO,YES,NO
DEMO-02-0013,Kuppadithara,Wayanad,Vythiri,DEMO-02-05,DEMO-02/460,1,2457.7,0.2458,Agriculture,11.6290241,76.0202675,974.1,17.0,57.3,361.4,0.26,0.442,0.254,2393.2,989.4,1081.9,0.534,0.511,31.6,MEDIUM,30,CONDITIONAL_REVIEW_REQUIRED,Monitor and apply mitigation,Synthetic parcel risk score from supplied demo dataset; not an official cadastral/hazard determination,SYNTHETIC_DEMO_NOT_OFFICIAL,SYNTHETIC_DEMO_POLYGON_NOT_OFFICIAL,DO_NOT_USE_AS_LEGAL_BOUNDARY,SYNTHETIC_DEMO_ONLY,NO,YES,NO
DEMO-02-0014,Kuppadithara,Wayanad,Vythiri,DEMO-02-17,DEMO-02/553,2,2877.6,0.2878,Forest-fringe,11.6286844,76.0209754,886.9,20.1,84.3,330.8,0.58,0.097,0.505,1022.5,990.7,911.5,0.49,0.894,40.1,MEDIUM,116,CONDITIONAL_REVIEW_REQUIRED,Monitor and apply mitigation,Synthetic parcel risk score from supplied demo dataset; not an official cadastral/hazard determination,SYNTHETIC_DEMO_NOT_OFFICIAL,SYNTHETIC_DEMO_POLYGON_NOT_OFFICIAL,DO_NOT_USE_AS_LEGAL_BOUNDARY,SYNTHETIC_DEMO_ONLY,NO,YES,NO
DEMO-02-0015,Kuppadithara,Wayanad,Vythiri,DEMO-02-16,DEMO-02/327,8,675.2,0.0675,Agriculture,11.6289511,76.0223889,1039.5,18.2,72.0,553.4,0.98,0.633,0.482,807.4,1065.8,875.1,0.159,0.622,45.7,MEDIUM,189,CONDITIONAL_REVIEW_REQUIRED,Monitor and apply mitigation,Synthetic parcel risk score from supplied demo dataset; not an official cadastral/hazard determination,SYNTHETIC_DEMO_NOT_OFFICIAL,SYNTHETIC_DEMO_POLYGON_NOT_OFFICIAL,DO_NOT_USE_AS_LEGAL_BOUNDARY,SYNTHETIC_DEMO_ONLY,NO,YES,NO
DEMO-02-0016,Kuppadithara,Wayanad,Vythiri,DEMO-02-05,DEMO-02/107,4,2885.9,0.2886,Agriculture,11.6286398,76.0236723,1005.2,23.5,77.3,537.9,0.3,0.739,0.341,1788.5,524.9,1584.5,0.623,0.727,44.4,MEDIUM,172,CONDITIONAL_REVIEW_REQUIRED,Monitor and apply mitigation,Synthetic parcel risk score from supplied demo dataset; not an official cadastral/hazard determination,SYNTHETIC_DEMO_NOT_OFFICIAL,SYNTHETIC_DEMO_POLYGON_NOT_OFFICIAL,DO_NOT_USE_AS_LEGAL_BOUNDARY,SYNTHETIC_DEMO_ONLY,NO,YES,NO
DEMO-02-0017,Kuppadithara,Wayanad,Vythiri,DEMO-02-01,DEMO-02/571,4,4836.6,0.4837,Residential,11.6288927,76.0245915,995.9,2.0,147.8,609.1,0.11,0.06,0.261,53.5,457.1,87.7,0.024,0.583,25.3,MEDIUM,9,CONDITIONAL_REVIEW_REQUIRED,Monitor and apply mitigation,Synthetic parcel risk score from supplied demo dataset; not an official cadastral/hazard determination,SYNTHETIC_DEMO_NOT_OFFICIAL,SYNTHETIC_DEMO_POLYGON_NOT_OFFICIAL,DO_NOT_USE_AS_LEGAL_BOUNDARY,SYNTHETIC_DEMO_ONLY,NO,YES,NO
DEMO-02-0018,Kuppadithara,Wayanad,Vythiri,DEMO-02-11,DEMO-02/352,7,7779.6,0.778,Residential,11.6288012,76.025614,949.2,13.7,38.1,468.0,0.29,0.585,0.437,675.2,887.1,1166.2,0.269,0.667,38.7,MEDIUM,96,CONDITIONAL_REVIEW_REQUIRED,Monitor and apply mitigation,Synthetic parcel risk score from supplied demo dataset; not an official cadastral/hazard determination,SYNTHETIC_DEMO_NOT_OFFICIAL,SYNTHETIC_DEMO_POLYGON_NOT_OFFICIAL,DO_NOT_USE_AS_LEGAL_BOUNDARY,SYNTHETIC_DEMO_ONLY,NO,YES,NO
DEMO-02-0019,Kuppadithara,Wayanad,Vythiri,DEMO-02-09,DEMO-02/417,7,5955.8,0.5956,Agriculture,11.6285408,76.0268411,792.6,3.8,106.2,491.2,0.91,0.474,0.344,400.0,776.9,1153.6,0.359,0.688,41.0,MEDIUM,124,CONDITIONAL_REVIEW_REQUIRED,Monitor and apply mitigation,Synthetic parcel risk score from supplied demo dataset; not an official cadastral/hazard determination,SYNTHETIC_DEMO_NOT_OFFICIAL,SYNTHETIC_DEMO_POLYGON_NOT_OFFICIAL,DO_NOT_USE_AS_LEGAL_BOUNDARY,SYNTHETIC_DEMO_ONLY,NO,YES,NO
DEMO-02-0020,Kuppadithara,Wayanad,Vythiri,DEMO-02-01,DEMO-02/449,5,4571.9,0.4572,Agriculture,11.6287039,76.0283071,814.1,24.1,118.1,265.2,0.73,0.565,0.463,1378.7,555.3,977.2,0.622,0.776,50.3,HIGH,225,NOT_RECOMMENDED_UNDER_DEMO_MODEL,High caution / prioritize mitigation,Synthetic parcel risk score from supplied demo dataset; not an official cadastral/hazard determination,SYNTHETIC_DEMO_NOT_OFFICIAL,SYNTHETIC_DEMO_POLYGON_NOT_OFFICIAL,DO_NOT_USE_AS_LEGAL_BOUNDARY,SYNTHETIC_DEMO_ONLY,NO,YES,NO
DEMO-02-0021,Kuppadithara,Wayanad,Vythiri,DEMO-02-08,DEMO-02/755,7,3204.8,0.3205,Forest-fringe,11.6286664,76.0291547,692.3,22.3,53.5,387.1,1.24,0.835,0.355,2074.4,761.8,579.9,0.417,0.35,46.9,MEDIUM,203,CONDITIONAL_REVIEW_REQUIRED,Monitor and apply mitigation,Synthetic parcel risk score from supplied demo dataset; not an official cadastral/hazard determination,SYNTHETIC_DEMO_NOT_OFFICIAL,SYNTHETIC_DEMO_POLYGON_NOT_OFFICIAL,DO_NOT_USE_AS_LEGAL_BOUNDARY,SYNTHETIC_DEMO_ONLY,NO,YES,NO
DEMO-02-0022,Kuppadithara,Wayanad,Vythiri,DEMO-02-13,DEMO-02/583,9,4212.9,0.4213,Mixed,11.6290023,76.0305262,862.2,18.3,163.2,566.5,0.21,0.275,0.533,712.4,673.2,418.3,0.476,0.318,44.5,MEDIUM,174,CONDITIONAL_REVIEW_REQUIRED,Monitor and apply mitigation,Synthetic parcel risk score from supplied demo dataset; not an official cadastral/hazard determination,SYNTHETIC_DEMO_NOT_OFFICIAL,SYNTHETIC_DEMO_POLYGON_NOT_OFFICIAL,DO_NOT_USE_AS_LEGAL_BOUNDARY,SYNTHETIC_DEMO_ONLY,NO,YES,NO
DEMO-02-0023,Kuppadithara,Wayanad,Vythiri,DEMO-02-17,DEMO-02/605,4,6488.3,0.6488,Agriculture,11.6287364,76.0315727,742.6,10.8,132.0,495.6,0.38,0.355,0.437,1600.5,254.9,1658.2,0.093,0.323,40.9,MEDIUM,122,CONDITIONAL_REVIEW_REQUIRED,Monitor and apply mitigation,Synthetic parcel risk score from supplied demo dataset; not an official cadastral/hazard determination,SYNTHETIC_DEMO_NOT_OFFICIAL,SYNTHETIC_DEMO_POLYGON_NOT_OFFICIAL,DO_NOT_USE_AS_LEGAL_BOUNDARY,SYNTHETIC_DEMO_ONLY,NO,YES,NO
DEMO-02-0024,Kuppadithara,Wayanad,Vythiri,DEMO-02-02,DEMO-02/553,5,936.8,0.0937,Residential,11.6286628,76.0327385,1024.0,19.0,131.1,619.8,0.6,0.627,0.333,2339.2,1159.2,1795.7,0.322,0.294,44.1,MEDIUM,167,CONDITIONAL_REVIEW_REQUIRED,Monitor and apply mitigation,Synthetic parcel risk score from supplied demo dataset; not an official cadastral/hazard determination,SYNTHETIC_DEMO_NOT_OFFICIAL,SYNTHETIC_DEMO_POLYGON_NOT_OFFICIAL,DO_NOT_USE_AS_LEGAL_BOUNDARY,SYNTHETIC_DEMO_ONLY,NO,YES,NO
DEMO-02-0025,Kuppadithara,Wayanad,Vythiri,DEMO-02-11,DEMO-02/616,1,3237.0,0.3237,Mixed,11.6288967,76.0337709,715.6,20.6,72.9,215.3,0.23,0.571,0.392,1564.5,867.4,932.5,0.554,0.867,41.7,MEDIUM,134,CONDITIONAL_REVIEW_REQUIRED,Monitor and apply mitigation,Synthetic parcel risk score from supplied demo dataset; not an official cadastral/hazard determination,SYNTHETIC_DEMO_NOT_OFFICIAL,SYNTHETIC_DEMO_POLYGON_NOT_OFFICIAL,DO_NOT_USE_AS_LEGAL_BOUNDARY,SYNTHETIC_DEMO_ONLY,NO,YES,NO
DEMO-02-0026,Kuppadithara,Wayanad,Vythiri,DEMO-02-15,DEMO-02/865,5,1034.9,0.1035,Plantation,11.6300982,76.006035,968.7,16.9,190.6,359.0,0.91,0.713,0.474,1151.3,955.3,308.2,0.362,0.479,51.8,HIGH,231,NOT_RECOMMENDED_UNDER_DEMO_MODEL,High caution / prioritize mitigation,Synthetic parcel risk score from supplied demo dataset; not an official cadastral/hazard determination,SYNTHETIC_DEMO_NOT_OFFICIAL,SYNTHETIC_DEMO_POLYGON_NOT_OFFICIAL,DO_NOT_USE_AS_LEGAL_BOUNDARY,SYNTHETIC_DEMO_ONLY,NO,YES,NO
DEMO-02-0027,Kuppadithara,Wayanad,Vythiri,DEMO-02-18,DEMO-02/106,2,6254.0,0.6254,Forest-fringe,11.6297226,76.0074072,686.3,6.4,106.3,165.1,0.0,0.101,0.168,2428.3,882.8,1727.5,0.346,0.278,25.5,MEDIUM,10,CONDITIONAL_REVIEW_REQUIRED,Monitor and apply mitigation,Synthetic parcel risk score from supplied demo dataset; not an official cadastral/hazard determination,SYNTHETIC_DEMO_NOT_OFFICIAL,SYNTHETIC_DEMO_POLYGON_NOT_OFFICIAL,DO_NOT_USE_AS_LEGAL_BOUNDARY,SYNTHETIC_DEMO_ONLY,NO,YES,NO
DEMO-02-0028,Kuppadithara,Wayanad,Vythiri,DEMO-02-15,DEMO-02/9,8,3142.2,0.3142,Forest-fringe,11.6298092,76.0084961,769.2,17.1,156.9,111.8,0.21,0.224,0.348,2098.8,665.9,807.4,0.066,0.514,35.6,MEDIUM,61,CONDITIONAL_REVIEW_REQUIRED,Monitor and apply mitigation,Synthetic parcel risk score from supplied demo dataset; not an official cadastral/hazard determination,SYNTHETIC_DEMO_NOT_OFFICIAL,SYNTHETIC_DEMO_POLYGON_NOT_OFFICIAL,DO_NOT_USE_AS_LEGAL_BOUNDARY,SYNTHETIC_DEMO_ONLY,NO,YES,NO
DEMO-02-0029,Kuppadithara,Wayanad,Vythiri,DEMO-02-20,DEMO-02/46,3,5602.5,0.5602,Agriculture,11.6297728,76.0095034,712.6,10.9,165.8,518.5,0.74,0.64,0.235,317.0,909.7,443.4,0.462,0.272,44.5,MEDIUM,174,CONDITIONAL_REVIEW_REQUIRED,Monitor and apply mitigation,Synthetic parcel risk score from supplied demo dataset; not an official cadastral/hazard determination,SYNTHETIC_DEMO_NOT_OFFICIAL,SYNTHETIC_DEMO_POLYGON_NOT_OFFICIAL,DO_NOT_USE_AS_LEGAL_BOUNDARY,SYNTHETIC_DEMO_ONLY,NO,YES,NO
DEMO-02-0030,Kuppadithara,Wayanad,Vythiri,DEMO-02-09,DEMO-02/55,5,4861.5,0.4862,Residential,11.6298331,76.0106676,751.7,3.9,172.7,413.3,0.7,0.397,0.183,1770.6,288.4,1212.4,0.171,0.303,35.6,MEDIUM,61,CONDITIONAL_REVIEW_REQUIRED,Monitor and apply mitigation,Synthetic parcel risk score from supplied demo dataset; not an official cadastral/hazard determination,SYNTHETIC_DEMO_NOT_OFFICIAL,SYNTHETIC_DEMO_POLYGON_NOT_OFFICIAL,DO_NOT_USE_AS_LEGAL_BOUNDARY,SYNTHETIC_DEMO_ONLY,NO,YES,NO
DEMO-02-0031,Kuppadithara,Wayanad,Vythiri,DEMO-02-03,DEMO-02/804,3,4070.2,0.407,Plantation,11.6297533,76.0121726,1040.9,21.3,217.7,393.0,1.22,0.842,0.481,448.1,51.8,109.4,0.545,0.444,59.8,HIGH,248,NOT_RECOMMENDED_UNDER_DEMO_MODEL,High caution / prioritize mitigation,Synthetic parcel risk score from supplied demo dataset; not an official cadastral/hazard determination,SYNTHETIC_DEMO_NOT_OFFICIAL,SYNTHETIC_DEMO_POLYGON_NOT_OFFICIAL,DO_NOT_USE_AS_LEGAL_BOUNDARY,SYNTHETIC_DEMO_ONLY,NO,YES,NO
DEMO-02-0032,Kuppadithara,Wayanad,Vythiri,DEMO-02-09,DEMO-02/991,2,3601.7,0.3602,Plantation,11.6298713,76.0129813,869.2,17.8,144.5,609.4,0.54,0.791,0.552,1629.9,894.9,479.1,0.279,0.553,50.1,HIGH,224,NOT_RECOMMENDED_UNDER_DEMO_MODEL,High caution / prioritize mitigation,Synthetic parcel risk score from supplied demo dataset; not an official cadastral/hazard determination,SYNTHETIC_DEMO_NOT_OFFICIAL,SYNTHETIC_DEMO_POLYGON_NOT_OFFICIAL,DO_NOT_USE_AS_LEGAL_BOUNDARY,SYNTHETIC_DEMO_ONLY,NO,YES,NO
DEMO-02-0033,Kuppadithara,Wayanad,Vythiri,DEMO-02-08,DEMO-02/104,5,5070.4,0.507,Agriculture,11.6298871,76.0144243,988.1,18.2,111.5,293.0,0.52,0.113,0.295,686.8,706.4,452.0,0.61,0.534,34.9,MEDIUM,56,CONDITIONAL_REVIEW_REQUIRED,Monitor and apply mitigation,Synthetic parcel risk score from supplied demo dataset; not an official cadastral/hazard determination,SYNTHETIC_DEMO_NOT_OFFICIAL,SYNTHETIC_DEMO_POLYGON_NOT_OFFICIAL,DO_NOT_USE_AS_LEGAL_BOUNDARY,SYNTHETIC_DEMO_ONLY,NO,YES,NO
DEMO-02-0034,Kuppadithara,Wayanad,Vythiri,DEMO-02-02,DEMO-02/221,3,7256.1,0.7256,Residential,11.6302322,76.0151799,984.9,9.2,204.6,404.8,0.95,0.631,0.394,44.4,336.4,917.3,0.491,0.886,51.7,HIGH,230,NOT_RECOMMENDED_UNDER_DEMO_MODEL,High caution / prioritize mitigation,Synthetic parcel risk score from supplied demo dataset; not an official cadastral/hazard determination,SYNTHETIC_DEMO_NOT_OFFICIAL,SYNTHETIC_DEMO_POLYGON_NOT_OFFICIAL,DO_NOT_USE_AS_LEGAL_BOUNDARY,SYNTHETIC_DEMO_ONLY,NO,YES,NO
DEMO-02-0035,Kuppadithara,Wayanad,Vythiri,DEMO-02-02,DEMO-02/178,7,6504.4,0.6504,Agriculture,11.630224,76.0166549,731.8,17.4,170.0,286.3,0.11,0.354,0.528,1562.3,348.0,313.3,0.445,0.312,43.7,MEDIUM,163,CONDITIONAL_REVIEW_REQUIRED,Monitor and apply mitigation,Synthetic parcel risk score from supplied demo dataset; not an official cadastral/hazard determination,SYNTHETIC_DEMO_NOT_OFFICIAL,SYNTHETIC_DEMO_POLYGON_NOT_OFFICIAL,DO_NOT_USE_AS_LEGAL_BOUNDARY,SYNTHETIC_DEMO_ONLY,NO,YES,NO
DEMO-02-0036,Kuppadithara,Wayanad,Vythiri,DEMO-02-06,DEMO-02/351,5,4177.0,0.4177,Forest-fringe,11.6300805,76.017942,758.4,22.8,105.9,144.4,0.12,0.474,0.415,2441.6,251.0,467.6,0.088,0.747,37.5,MEDIUM,83,CONDITIONAL_REVIEW_REQUIRED,Monitor and apply mitigation,Synthetic parcel risk score from supplied demo dataset; not an official cadastral/hazard determination,SYNTHETIC_DEMO_NOT_OFFICIAL,SYNTHETIC_DEMO_POLYGON_NOT_OFFICIAL,DO_NOT_USE_AS_LEGAL_BOUNDARY,SYNTHETIC_DEMO_ONLY,NO,YES,NO
DEMO-02-0037,Kuppadithara,Wayanad,Vythiri,DEMO-02-19,DEMO-02/215,7,1688.2,0.1688,Residential,11.6299709,76.0188986,1044.6,2.4,165.2,300.8,1.07,0.558,0.283,2068.0,164.5,424.2,0.321,0.481,37.3,MEDIUM,79,CONDITIONAL_REVIEW_REQUIRED,Monitor and apply mitigation,Synthetic parcel risk score from supplied demo dataset; not an official cadastral/hazard determination,SYNTHETIC_DEMO_NOT_OFFICIAL,SYNTHETIC_DEMO_POLYGON_NOT_OFFICIAL,DO_NOT_USE_AS_LEGAL_BOUNDARY,SYNTHETIC_DEMO_ONLY,NO,YES,NO
DEMO-02-0038,Kuppadithara,Wayanad,Vythiri,DEMO-02-18,DEMO-02/362,5,7812.9,0.7813,Agriculture,11.6297901,76.0197781,676.2,15.3,90.2,135.4,0.49,0.726,0.466,1400.6,641.7,1270.8,0.42,0.584,47.4,MEDIUM,209,CONDITIONAL_REVIEW_REQUIRED,Monitor and apply mitigation,Synthetic parcel risk score from supplied demo dataset; not an official cadastral/hazard determination,SYNTHETIC_DEMO_NOT_OFFICIAL,SYNTHETIC_DEMO_POLYGON_NOT_OFFICIAL,DO_NOT_USE_AS_LEGAL_BOUNDARY,SYNTHETIC_DEMO_ONLY,NO,YES,NO
DEMO-02-0039,Kuppadithara,Wayanad,Vythiri,DEMO-02-11,DEMO-02/608,8,6094.7,0.6095,Residential,11.6302082,76.0212443,714.7,12.0,162.3,409.2,0.4,0.326,0.47,796.3,834.5,618.1,0.615,0.69,44.6,MEDIUM,179,CONDITIONAL_REVIEW_REQUIRED,Monitor and apply mitigation,Synthetic parcel risk score from supplied demo dataset; not an official cadastral/hazard determination,SYNTHETIC_DEMO_NOT_OFFICIAL,SYNTHETIC_DEMO_POLYGON_NOT_OFFICIAL,DO_NOT_USE_AS_LEGAL_BOUNDARY,SYNTHETIC_DEMO_ONLY,NO,YES,NO
DEMO-02-0040,Kuppadithara,Wayanad,Vythiri,DEMO-02-02,DEMO-02/589,8,5952.4,0.5952,Agriculture,11.6302252,76.0222637,740.6,5.6,165.9,345.9,0.93,0.799,0.167,1290.5,1128.0,1292.9,0.411,0.399,44.6,MEDIUM,179,CONDITIONAL_REVIEW_REQUIRED,Monitor and apply mitigation,Synthetic parcel risk score from supplied demo dataset; not an official cadastral/hazard determination,SYNTHETIC_DEMO_NOT_OFFICIAL,SYNTHETIC_DEMO_POLYGON_NOT_OFFICIAL,DO_NOT_USE_AS_LEGAL_BOUNDARY,SYNTHETIC_DEMO_ONLY,NO,YES,NO
DEMO-02-0041,Kuppadithara,Wayanad,Vythiri,DEMO-02-20,DEMO-02/631,4,1200.2,0.12,Plantation,11.6300946,76.0235338,744.3,18.9,52.8,302.1,0.83,0.748,0.493,1857.3,715.4,1464.7,0.499,0.722,48.9,MEDIUM,216,CONDITIONAL_REVIEW_REQUIRED,Monitor and apply mitigation,Synthetic parcel risk score from supplied demo dataset; not an official cadastral/hazard determination,SYNTHETIC_DEMO_NOT_OFFICIAL,SYNTHETIC_DEMO_POLYGON_NOT_OFFICIAL,DO_NOT_USE_AS_LEGAL_BOUNDARY,SYNTHETIC_DEMO_ONLY,NO,YES,NO
DEMO-02-0042,Kuppadithara,Wayanad,Vythiri,DEMO-02-08,DEMO-02/900,3,5988.8,0.5989,Residential,11.6298406,76.0243844,901.3,9.1,154.3,348.8,0.13,0.198,0.229,878.6,737.2,1457.3,0.503,0.446,34.5,MEDIUM,54,CONDITIONAL_REVIEW_REQUIRED,Monitor and apply mitigation,Synthetic parcel risk score from supplied demo dataset; not an official cadastral/hazard determination,SYNTHETIC_DEMO_NOT_OFFICIAL,SYNTHETIC_DEMO_POLYGON_NOT_OFFICIAL,DO_NOT_USE_AS_LEGAL_BOUNDARY,SYNTHETIC_DEMO_ONLY,NO,YES,NO
DEMO-02-0043,Kuppadithara,Wayanad,Vythiri,DEMO-02-10,DEMO-02/513,1,571.9,0.0572,Agriculture,11.6300722,76.0255013,1024.0,19.7,197.5,273.4,0.69,0.642,0.577,494.7,1012.6,1536.8,0.518,0.571,58.9,HIGH,247,NOT_RECOMMENDED_UNDER_DEMO_MODEL,High caution / prioritize mitigation,Synthetic parcel risk score from supplied demo dataset; not an official cadastral/hazard determination,SYNTHETIC_DEMO_NOT_OFFICIAL,SYNTHETIC_DEMO_POLYGON_NOT_OFFICIAL,DO_NOT_USE_AS_LEGAL_BOUNDARY,SYNTHETIC_DEMO_ONLY,NO,YES,NO
DEMO-02-0044,Kuppadithara,Wayanad,Vythiri,DEMO-02-13,DEMO-02/288,9,4015.2,0.4015,Residential,11.6300019,76.026736,849.6,11.7,189.6,574.3,0.59,0.274,0.464,1213.4,1007.7,1603.0,0.054,0.536,45.1,MEDIUM,184,CONDITIONAL_REVIEW_REQUIRED,Monitor and apply mitigation,Synthetic parcel risk score from supplied demo dataset; not an official cadastral/hazard determination,SYNTHETIC_DEMO_NOT_OFFICIAL,SYNTHETIC_DEMO_POLYGON_NOT_OFFICIAL,DO_NOT_USE_AS_LEGAL_BOUNDARY,SYNTHETIC_DEMO_ONLY,NO,YES,NO
DEMO-02-0045,Kuppadithara,Wayanad,Vythiri,DEMO-02-16,DEMO-02/411,5,4169.6,0.417,Agriculture,11.6300667,76.0278195,1000.2,10.9,48.9,128.1,0.66,0.645,0.158,1809.1,400.8,1016.5,0.058,0.445,30.3,MEDIUM,22,CONDITIONAL_REVIEW_REQUIRED,Monitor and apply mitigation,Synthetic parcel risk score from supplied demo dataset; not an official cadastral/hazard determination,SYNTHETIC_DEMO_NOT_OFFICIAL,SYNTHETIC_DEMO_POLYGON_NOT_OFFICIAL,DO_NOT_USE_AS_LEGAL_BOUNDARY,SYNTHETIC_DEMO_ONLY,NO,YES,NO
DEMO-02-0046,Kuppadithara,Wayanad,Vythiri,DEMO-02-02,DEMO-02/735,6,6406.0,0.6406,Forest-fringe,11.6300136,76.0289998,1034.5,8.8,91.5,541.0,0.86,0.826,0.155,1776.9,90.5,747.4,0.293,0.696,35.8,MEDIUM,64,CONDITIONAL_REVIEW_REQUIRED,Monitor and apply mitigation,Synthetic parcel risk score from supplied demo dataset; not an official cadastral/hazard determination,SYNTHETIC_DEMO_NOT_OFFICIAL,SYNTHETIC_DEMO_POLYGON_NOT_OFFICIAL,DO_NOT_USE_AS_LEGAL_BOUNDARY,SYNTHETIC_DEMO_ONLY,NO,YES,NO
DEMO-02-0047,Kuppadithara,Wayanad,Vythiri,DEMO-02-03,DEMO-02/612,5,6114.9,0.6115,Plantation,11.6302476,76.0305914,1002.9,9.2,88.4,412.2,0.66,0.624,0.235,2148.3,573.5,175.6,0.523,0.381,32.6,MEDIUM,39,CONDITIONAL_REVIEW_REQUIRED,Monitor and apply mitigation,Synthetic parcel risk score from supplied demo dataset; not an official cadastral/hazard determination,SYNTHETIC_DEMO_NOT_OFFICIAL,SYNTHETIC_DEMO_POLYGON_NOT_OFFICIAL,DO_NOT_USE_AS_LEGAL_BOUNDARY,SYNTHETIC_DEMO_ONLY,NO,YES,NO
DEMO-02-0048,Kuppadithara,Wayanad,Vythiri,DEMO-02-20,DEMO-02/671,7,5869.9,0.587,Agriculture,11.6298822,76.031313,870.0,23.2,165.1,166.6,0.0,0.241,0.476,2402.2,1052.3,1299.6,0.542,0.519,42.8,MEDIUM,147,CONDITIONAL_REVIEW_REQUIRED,Monitor and apply mitigation,Synthetic parcel risk score from supplied demo dataset; not an official cadastral/hazard determination,SYNTHETIC_DEMO_NOT_OFFICIAL,SYNTHETIC_DEMO_POLYGON_NOT_OFFICIAL,DO_NOT_USE_AS_LEGAL_BOUNDARY,SYNTHETIC_DEMO_ONLY,NO,YES,NO
DEMO-02-0049,Kuppadithara,Wayanad,Vythiri,DEMO-02-20,DEMO-02/359,2,1320.0,0.132,Forest-fringe,11.6302056,76.0328249,907.6,14.9,133.0,435.0,0.56,0.688,0.349,1752.2,635.3,1729.2,0.072,0.691,44.5,MEDIUM,174,CONDITIONAL_REVIEW_REQUIRED,Monitor and apply mitigation,Synthetic parcel risk score from supplied demo dataset; not an official cadastral/hazard determination,SYNTHETIC_DEMO_NOT_OFFICIAL,SYNTHETIC_DEMO_POLYGON_NOT_OFFICIAL,DO_NOT_USE_AS_LEGAL_BOUNDARY,SYNTHETIC_DEMO_ONLY,NO,YES,NO
DEMO-02-0050,Kuppadithara,Wayanad,Vythiri,DEMO-02-05,DEMO-02/407,4,4124.4,0.4124,Forest-fringe,11.6299179,76.0337266,678.4,8.2,211.9,347.0,0.09,0.161,0.277,2385.3,392.6,355.4,0.197,0.892,31.8,MEDIUM,32,CONDITIONAL_REVIEW_REQUIRED,Monitor and apply mitigation,Synthetic parcel risk score from supplied demo dataset; not an official cadastral/hazard determination,SYNTHETIC_DEMO_NOT_OFFICIAL,SYNTHETIC_DEMO_POLYGON_NOT_OFFICIAL,DO_NOT_USE_AS_LEGAL_BOUNDARY,SYNTHETIC_DEMO_ONLY,NO,YES,NO
DEMO-02-0051,Kuppadithara,Wayanad,Vythiri,DEMO-02-08,DEMO-02/176,4,3367.5,0.3368,Mixed,11.6312311,76.00613,767.4,9.1,63.3,165.1,0.39,0.633,0.319,784.6,486.2,131.4,0.212,0.564,34.4,MEDIUM,53,CONDITIONAL_REVIEW_REQUIRED,Monitor and apply mitigation,Synthetic parcel risk score from supplied demo dataset; not an official cadastral/hazard determination,SYNTHETIC_DEMO_NOT_OFFICIAL,SYNTHETIC_DEMO_POLYGON_NOT_OFFICIAL,DO_NOT_USE_AS_LEGAL_BOUNDARY,SYNTHETIC_DEMO_ONLY,NO,YES,NO
DEMO-02-0052,Kuppadithara,Wayanad,Vythiri,DEMO-02-02,DEMO-02/693,8,6887.1,0.6887,Residential,11.6313823,76.007388,844.5,22.9,81.3,249.5,0.2,0.331,0.358,1707.5,706.2,653.5,0.371,0.534,35.9,MEDIUM,67,CONDITIONAL_REVIEW_REQUIRED,Monitor and apply mitigation,Synthetic parcel risk score from supplied demo dataset; not an official cadastral/hazard determination,SYNTHETIC_DEMO_NOT_OFFICIAL,SYNTHETIC_DEMO_POLYGON_NOT_OFFICIAL,DO_NOT_USE_AS_LEGAL_BOUNDARY,SYNTHETIC_DEMO_ONLY,NO,YES,NO
DEMO-02-0053,Kuppadithara,Wayanad,Vythiri,DEMO-02-06,DEMO-02/843,7,5466.8,0.5467,Mixed,11.6312609,76.008482,1013.1,13.6,36.3,323.7,0.0,0.031,0.375,1194.9,194.6,308.2,0.521,0.537,24.8,LOW,5,CANDIDATE_FOR_FURTHER_ASSESSMENT,Normal monitoring,Synthetic parcel risk score from supplied demo dataset; not an official cadastral/hazard determination,SYNTHETIC_DEMO_NOT_OFFICIAL,SYNTHETIC_DEMO_POLYGON_NOT_OFFICIAL,DO_NOT_USE_AS_LEGAL_BOUNDARY,SYNTHETIC_DEMO_ONLY,NO,YES,NO
DEMO-02-0054,Kuppadithara,Wayanad,Vythiri,DEMO-02-08,DEMO-02/496,5,1630.4,0.163,Plantation,11.631292,76.0094117,775.1,20.6,213.0,352.8,0.87,0.81,0.38,2286.2,479.0,1155.4,0.36,0.502,54.7,HIGH,240,NOT_RECOMMENDED_UNDER_DEMO_MODEL,High caution / prioritize mitigation,Synthetic parcel risk score from supplied demo dataset; not an official cadastral/hazard determination,SYNTHETIC_DEMO_NOT_OFFICIAL,SYNTHETIC_DEMO_POLYGON_NOT_OFFICIAL,DO_NOT_USE_AS_LEGAL_BOUNDARY,SYNTHETIC_DEMO_ONLY,NO,YES,NO
DEMO-02-0055,Kuppadithara,Wayanad,Vythiri,DEMO-02-10,DEMO-02/903,3,2112.4,0.2112,Residential,11.6311418,76.0106318,874.4,13.7,195.9,595.1,0.81,0.597,0.338,1470.6,333.1,1625.4,0.241,0.414,48.9,MEDIUM,216,CONDITIONAL_REVIEW_REQUIRED,Monitor and apply mitigation,Synthetic parcel risk score from supplied demo dataset; not an official cadastral/hazard determination,SYNTHETIC_DEMO_NOT_OFFICIAL,SYNTHETIC_DEMO_POLYGON_NOT_OFFICIAL,DO_NOT_USE_AS_LEGAL_BOUNDARY,SYNTHETIC_DEMO_ONLY,NO,YES,NO
DEMO-02-0056,Kuppadithara,Wayanad,Vythiri,DEMO-02-04,DEMO-02/27,5,1351.7,0.1352,Plantation,11.6311823,76.011965,814.9,2.9,143.9,123.9,0.43,0.819,0.204,304.6,1149.0,551.7,0.125,0.519,38.7,MEDIUM,96,CONDITIONAL_REVIEW_REQUIRED,Monitor and apply mitigation,Synthetic parcel risk score from supplied demo dataset; not an official cadastral/hazard determination,SYNTHETIC_DEMO_NOT_OFFICIAL,SYNTHETIC_DEMO_POLYGON_NOT_OFFICIAL,DO_NOT_USE_AS_LEGAL_BOUNDARY,SYNTHETIC_DEMO_ONLY,NO,YES,NO
DEMO-02-0057,Kuppadithara,Wayanad,Vythiri,DEMO-02-13,DEMO-02/682,1,7533.4,0.7533,Agriculture,11.6313282,76.0129528,761.1,21.6,57.6,268.2,0.22,0.142,0.367,2242.2,327.9,538.2,0.059,0.873,29.4,MEDIUM,20,CONDITIONAL_REVIEW_REQUIRED,Monitor and apply mitigation,Synthetic parcel risk score from supplied demo dataset; not an official cadastral/hazard determination,SYNTHETIC_DEMO_NOT_OFFICIAL,SYNTHETIC_DEMO_POLYGON_NOT_OFFICIAL,DO_NOT_USE_AS_LEGAL_BOUNDARY,SYNTHETIC_DEMO_ONLY,NO,YES,NO
DEMO-02-0058,Kuppadithara,Wayanad,Vythiri,DEMO-02-10,DEMO-02/876,5,5249.9,0.525,Agriculture,11.6311655,76.0142946,881.9,17.6,119.8,114.0,0.63,0.617,0.508,1230.3,1146.0,483.9,0.375,0.77,46.7,MEDIUM,200,CONDITIONAL_REVIEW_REQUIRED,Monitor and apply mitigation,Synthetic parcel risk score from supplied demo dataset; not an official cadastral/hazard determination,SYNTHETIC_DEMO_NOT_OFFICIAL,SYNTHETIC_DEMO_POLYGON_NOT_OFFICIAL,DO_NOT_USE_AS_LEGAL_BOUNDARY,SYNTHETIC_DEMO_ONLY,NO,YES,NO
DEMO-02-0059,Kuppadithara,Wayanad,Vythiri,DEMO-02-07,DEMO-02/435,7,4720.8,0.4721,Plantation,11.6312683,76.0155082,660.6,3.1,43.6,450.8,0.4,0.152,0.108,298.9,1025.1,1330.4,0.482,0.562,25.9,MEDIUM,12,CONDITIONAL_REVIEW_REQUIRED,Monitor and apply mitigation,Synthetic parcel risk score from supplied demo dataset; not an official cadastral/hazard determination,SYNTHETIC_DEMO_NOT_OFFICIAL,SYNTHETIC_DEMO_POLYGON_NOT_OFFICIAL,DO_NOT_USE_AS_LEGAL_BOUNDARY,SYNTHETIC_DEMO_ONLY,NO,YES,NO
DEMO-02-0060,Kuppadithara,Wayanad,Vythiri,DEMO-02-03,DEMO-02/464,9,3911.9,0.3912,Mixed,11.6313229,76.0167169,804.9,19.3,195.0,609.7,0.68,0.329,0.438,1026.2,686.7,205.4,0.024,0.658,44.8,MEDIUM,181,CONDITIONAL_REVIEW_REQUIRED,Monitor and apply mitigation,Synthetic parcel risk score from supplied demo dataset; not an official cadastral/hazard determination,SYNTHETIC_DEMO_NOT_OFFICIAL,SYNTHETIC_DEMO_POLYGON_NOT_OFFICIAL,DO_NOT_USE_AS_LEGAL_BOUNDARY,SYNTHETIC_DEMO_ONLY,NO,YES,NO
DEMO-02-0061,Kuppadithara,Wayanad,Vythiri,DEMO-02-12,DEMO-02/808,4,5506.9,0.5507,Agriculture,11.6310471,76.0176421,920.5,19.6,142.3,268.2,0.01,0.077,0.51,1895.1,1041.9,541.6,0.384,0.674,36.5,MEDIUM,71,CONDITIONAL_REVIEW_REQUIRED,Monitor and apply mitigation,Synthetic parcel risk score from supplied demo dataset; not an official cadastral/hazard determination,SYNTHETIC_DEMO_NOT_OFFICIAL,SYNTHETIC_DEMO_POLYGON_NOT_OFFICIAL,DO_NOT_USE_AS_LEGAL_BOUNDARY,SYNTHETIC_DEMO_ONLY,NO,YES,NO
DEMO-02-0062,Kuppadithara,Wayanad,Vythiri,DEMO-02-10,DEMO-02/485,5,6929.4,0.6929,Residential,11.6311029,76.019108,914.6,23.8,95.2,580.6,0.43,0.4,0.441,2376.0,105.3,1334.0,0.13,0.506,40.5,MEDIUM,120,CONDITIONAL_REVIEW_REQUIRED,Monitor and apply mitigation,Synthetic parcel risk score from supplied demo dataset; not an official cadastral/hazard determination,SYNTHETIC_DEMO_NOT_OFFICIAL,SYNTHETIC_DEMO_POLYGON_NOT_OFFICIAL,DO_NOT_USE_AS_LEGAL_BOUNDARY,SYNTHETIC_DEMO_ONLY,NO,YES,NO
DEMO-02-0063,Kuppadithara,Wayanad,Vythiri,DEMO-02-19,DEMO-02/273,9,6921.3,0.6921,Mixed,11.6312753,76.0198359,751.9,16.4,202.5,485.7,0.93,0.476,0.322,1450.4,142.0,1300.8,0.388,0.781,49.3,MEDIUM,219,CONDITIONAL_REVIEW_REQUIRED,Monitor and apply mitigation,Synthetic parcel risk score from supplied demo dataset; not an official cadastral/hazard determination,SYNTHETIC_DEMO_NOT_OFFICIAL,SYNTHETIC_DEMO_POLYGON_NOT_OFFICIAL,DO_NOT_USE_AS_LEGAL_BOUNDARY,SYNTHETIC_DEMO_ONLY,NO,YES,NO
DEMO-02-0064,Kuppadithara,Wayanad,Vythiri,DEMO-02-03,DEMO-02/174,6,6120.4,0.612,Mixed,11.631087,76.0213002,679.7,16.1,111.3,168.4,0.79,0.34,0.439,606.0,371.4,1441.2,0.03,0.877,45.0,MEDIUM,182,CONDITIONAL_REVIEW_REQUIRED,Monitor and apply mitigation,Synthetic parcel risk score from supplied demo dataset; not an official cadastral/hazard determination,SYNTHETIC_DEMO_NOT_OFFICIAL,SYNTHETIC_DEMO_POLYGON_NOT_OFFICIAL,DO_NOT_USE_AS_LEGAL_BOUNDARY,SYNTHETIC_DEMO_ONLY,NO,YES,NO
DEMO-02-0065,Kuppadithara,Wayanad,Vythiri,DEMO-02-19,DEMO-02/238,1,7089.3,0.7089,Forest-fringe,11.6313913,76.0223476,820.7,24.2,103.3,487.5,0.36,0.125,0.641,1104.2,417.2,654.2,0.068,0.519,42.8,MEDIUM,147,CONDITIONAL_REVIEW_REQUIRED,Monitor and apply mitigation,Synthetic parcel risk score from supplied demo dataset; not an official cadastral/hazard determination,SYNTHETIC_DEMO_NOT_OFFICIAL,SYNTHETIC_DEMO_POLYGON_NOT_OFFICIAL,DO_NOT_USE_AS_LEGAL_BOUNDARY,SYNTHETIC_DEMO_ONLY,NO,YES,NO
DEMO-02-0066,Kuppadithara,Wayanad,Vythiri,DEMO-02-09,DEMO-02/220,2,5108.5,0.5108,Mixed,11.6313003,76.0233068,1025.7,16.5,158.4,190.3,0.83,0.729,0.499,715.6,386.5,796.4,0.554,0.55,53.0,HIGH,237,NOT_RECOMMENDED_UNDER_DEMO_MODEL,High caution / prioritize mitigation,Synthetic parcel risk score from supplied demo dataset; not an official cadastral/hazard determination,SYNTHETIC_DEMO_NOT_OFFICIAL,SYNTHETIC_DEMO_POLYGON_NOT_OFFICIAL,DO_NOT_USE_AS_LEGAL_BOUNDARY,SYNTHETIC_DEMO_ONLY,NO,YES,NO
DEMO-02-0067,Kuppadithara,Wayanad,Vythiri,DEMO-02-05,DEMO-02/830,4,2926.3,0.2926,Mixed,11.6314134,76.0245106,835.9,11.1,129.8,561.1,0.83,0.783,0.169,2067.2,577.5,1482.9,0.284,0.629,41.3,MEDIUM,129,CONDITIONAL_REVIEW_REQUIRED,Monitor and apply mitigation,Synthetic parcel risk score from supplied demo dataset; not an official cadastral/hazard determination,SYNTHETIC_DEMO_NOT_OFFICIAL,SYNTHETIC_DEMO_POLYGON_NOT_OFFICIAL,DO_NOT_USE_AS_LEGAL_BOUNDARY,SYNTHETIC_DEMO_ONLY,NO,YES,NO
DEMO-02-0068,Kuppadithara,Wayanad,Vythiri,DEMO-02-17,DEMO-02/266,6,5159.6,0.516,Forest-fringe,11.6310211,76.0257484,663.3,6.7,167.8,181.4,0.26,0.325,0.376,2045.2,664.7,1117.2,0.609,0.733,39.3,MEDIUM,106,CONDITIONAL_REVIEW_REQUIRED,Monitor and apply mitigation,Synthetic parcel risk score from supplied demo dataset; not an official cadastral/hazard determination,SYNTHETIC_DEMO_NOT_OFFICIAL,SYNTHETIC_DEMO_POLYGON_NOT_OFFICIAL,DO_NOT_USE_AS_LEGAL_BOUNDARY,SYNTHETIC_DEMO_ONLY,NO,YES,NO
DEMO-02-0069,Kuppadithara,Wayanad,Vythiri,DEMO-02-07,DEMO-02/718,5,2805.1,0.2805,Agriculture,11.6314799,76.027054,667.6,17.6,181.7,395.7,0.9,0.831,0.526,1552.6,645.9,785.4,0.595,0.667,58.0,HIGH,245,NOT_RECOMMENDED_UNDER_DEMO_MODEL,High caution / prioritize mitigation,Synthetic parcel risk score from supplied demo dataset; not an official cadastral/hazard determination,SYNTHETIC_DEMO_NOT_OFFICIAL,SYNTHETIC_DEMO_POLYGON_NOT_OFFICIAL,DO_NOT_USE_AS_LEGAL_BOUNDARY,SYNTHETIC_DEMO_ONLY,NO,YES,NO
DEMO-02-0070,Kuppadithara,Wayanad,Vythiri,DEMO-02-05,DEMO-02/70,8,3929.1,0.3929,Forest-fringe,11.6312734,76.0281888,707.5,19.0,72.3,179.0,0.5,0.415,0.323,1379.5,1160.9,1548.7,0.393,0.398,40.3,MEDIUM,117,CONDITIONAL_REVIEW_REQUIRED,Monitor and apply mitigation,Synthetic parcel risk score from supplied demo dataset; not an official cadastral/hazard determination,SYNTHETIC_DEMO_NOT_OFFICIAL,SYNTHETIC_DEMO_POLYGON_NOT_OFFICIAL,DO_NOT_USE_AS_LEGAL_BOUNDARY,SYNTHETIC_DEMO_ONLY,NO,YES,NO
DEMO-02-0071,Kuppadithara,Wayanad,Vythiri,DEMO-02-11,DEMO-02/735,5,4155.0,0.4155,Agriculture,11.6311291,76.0290379,669.8,17.8,203.4,341.8,0.5,0.669,0.339,1975.5,813.3,1631.9,0.531,0.851,51.6,HIGH,229,NOT_RECOMMENDED_UNDER_DEMO_MODEL,High caution / prioritize mitigation,Synthetic parcel risk score from supplied demo dataset; not an official cadastral/hazard determination,SYNTHETIC_DEMO_NOT_OFFICIAL,SYNTHETIC_DEMO_POLYGON_NOT_OFFICIAL,DO_NOT_USE_AS_LEGAL_BOUNDARY,SYNTHETIC_DEMO_ONLY,NO,YES,NO
DEMO-02-0072,Kuppadithara,Wayanad,Vythiri,DEMO-02-05,DEMO-02/764,4,1559.8,0.156,Agriculture,11.6313404,76.0301216,1002.1,2.3,196.4,242.5,0.57,0.701,0.294,797.6,951.4,772.1,0.2,0.566,41.9,MEDIUM,138,CONDITIONAL_REVIEW_REQUIRED,Monitor and apply mitigation,Synthetic parcel risk score from supplied demo dataset; not an official cadastral/hazard determination,SYNTHETIC_DEMO_NOT_OFFICIAL,SYNTHETIC_DEMO_POLYGON_NOT_OFFICIAL,DO_NOT_USE_AS_LEGAL_BOUNDARY,SYNTHETIC_DEMO_ONLY,NO,YES,NO
DEMO-02-0073,Kuppadithara,Wayanad,Vythiri,DEMO-02-09,DEMO-02/435,7,1836.9,0.1837,Forest-fringe,11.6313485,76.0312631,764.5,3.5,89.0,169.8,0.54,0.289,0.249,2397.9,386.3,169.8,0.498,0.293,26.7,MEDIUM,14,CONDITIONAL_REVIEW_REQUIRED,Monitor and apply mitigation,Synthetic parcel risk score from supplied demo dataset; not an official cadastral/hazard determination,SYNTHETIC_DEMO_NOT_OFFICIAL,SYNTHETIC_DEMO_POLYGON_NOT_OFFICIAL,DO_NOT_USE_AS_LEGAL_BOUNDARY,SYNTHETIC_DEMO_ONLY,NO,YES,NO
DEMO-02-0074,Kuppadithara,Wayanad,Vythiri,DEMO-02-02,DEMO-02/915,6,3153.7,0.3154,Forest-fringe,11.6312004,76.0328328,687.2,3.5,78.6,502.7,0.53,0.233,0.062,1611.5,841.4,1744.4,0.428,0.618,27.1,MEDIUM,16,CONDITIONAL_REVIEW_REQUIRED,Monitor and apply mitigation,Synthetic parcel risk score from supplied demo dataset; not an official cadastral/hazard determination,SYNTHETIC_DEMO_NOT_OFFICIAL,SYNTHETIC_DEMO_POLYGON_NOT_OFFICIAL,DO_NOT_USE_AS_LEGAL_BOUNDARY,SYNTHETIC_DEMO_ONLY,NO,YES,NO
DEMO-02-0075,Kuppadithara,Wayanad,Vythiri,DEMO-02-10,DEMO-02/458,6,6592.6,0.6593,Plantation,11.6309973,76.0337713,1029.2,4.1,37.4,593.3,0.46,0.682,0.122,1082.0,534.7,1564.5,0.465,0.456,30.7,MEDIUM,25,CONDITIONAL_REVIEW_REQUIRED,Monitor and apply mitigation,Synthetic parcel risk score from supplied demo dataset; not an official cadastral/hazard determination,SYNTHETIC_DEMO_NOT_OFFICIAL,SYNTHETIC_DEMO_POLYGON_NOT_OFFICIAL,DO_NOT_USE_AS_LEGAL_BOUNDARY,SYNTHETIC_DEMO_ONLY,NO,YES,NO
DEMO-02-0076,Kuppadithara,Wayanad,Vythiri,DEMO-02-11,DEMO-02/151,6,6494.5,0.6494,Agriculture,11.6325219,76.0063617,890.6,9.3,119.8,470.2,0.01,0.276,0.179,400.3,215.7,159.8,0.022,0.425,26.6,MEDIUM,13,CONDITIONAL_REVIEW_REQUIRED,Monitor and apply mitigation,Synthetic parcel risk score from supplied demo dataset; not an official cadastral/hazard determination,SYNTHETIC_DEMO_NOT_OFFICIAL,SYNTHETIC_DEMO_POLYGON_NOT_OFFICIAL,DO_NOT_USE_AS_LEGAL_BOUNDARY,SYNTHETIC_DEMO_ONLY,NO,YES,NO
DEMO-02-0077,Kuppadithara,Wayanad,Vythiri,DEMO-02-09,DEMO-02/25,5,4204.3,0.4204,Forest-fringe,11.6326707,76.0072628,812.8,10.3,38.6,443.8,0.54,0.55,0.377,879.4,1146.6,938.4,0.267,0.558,36.8,MEDIUM,75,CONDITIONAL_REVIEW_REQUIRED,Monitor and apply mitigation,Synthetic parcel risk score from supplied demo dataset; not an official cadastral/hazard determination,SYNTHETIC_DEMO_NOT_OFFICIAL,SYNTHETIC_DEMO_POLYGON_NOT_OFFICIAL,DO_NOT_USE_AS_LEGAL_BOUNDARY,SYNTHETIC_DEMO_ONLY,NO,YES,NO
DEMO-02-0078,Kuppadithara,Wayanad,Vythiri,DEMO-02-09,DEMO-02/208,7,5806.5,0.5806,Forest-fringe,11.6325833,76.0085192,984.7,22.1,74.7,386.2,0.55,0.538,0.333,1386.6,538.8,267.6,0.528,0.4,38.7,MEDIUM,96,CONDITIONAL_REVIEW_REQUIRED,Monitor and apply mitigation,Synthetic parcel risk score from supplied demo dataset; not an official cadastral/hazard determination,SYNTHETIC_DEMO_NOT_OFFICIAL,SYNTHETIC_DEMO_POLYGON_NOT_OFFICIAL,DO_NOT_USE_AS_LEGAL_BOUNDARY,SYNTHETIC_DEMO_ONLY,NO,YES,NO
DEMO-02-0079,Kuppadithara,Wayanad,Vythiri,DEMO-02-18,DEMO-02/87,6,1551.7,0.1552,Forest-fringe,11.6323663,76.009744,928.8,14.7,195.6,267.2,0.34,0.349,0.33,1854.3,989.0,1414.1,0.406,0.296,42.0,MEDIUM,140,CONDITIONAL_REVIEW_REQUIRED,Monitor and apply mitigation,Synthetic parcel risk score from supplied demo dataset; not an official cadastral/hazard determination,SYNTHETIC_DEMO_NOT_OFFICIAL,SYNTHETIC_DEMO_POLYGON_NOT_OFFICIAL,DO_NOT_USE_AS_LEGAL_BOUNDARY,SYNTHETIC_DEMO_ONLY,NO,YES,NO
DEMO-02-0080,Kuppadithara,Wayanad,Vythiri,DEMO-02-19,DEMO-02/352,2,4107.6,0.4108,Agriculture,11.6322644,76.0109128,1044.0,4.3,213.0,286.3,0.76,0.686,0.186,735.5,267.7,1214.5,0.285,0.619,43.3,MEDIUM,158,CONDITIONAL_REVIEW_REQUIRED,Monitor and apply mitigation,Synthetic parcel risk score from supplied demo dataset; not an official cadastral/hazard determination,SYNTHETIC_DEMO_NOT_OFFICIAL,SYNTHETIC_DEMO_POLYGON_NOT_OFFICIAL,DO_NOT_USE_AS_LEGAL_BOUNDARY,SYNTHETIC_DEMO_ONLY,NO,YES,NO
DEMO-02-0081,Kuppadithara,Wayanad,Vythiri,DEMO-02-15,DEMO-02/762,2,5252.0,0.5252,Forest-fringe,11.6323352,76.0118336,688.4,19.0,73.3,310.1,0.34,0.511,0.381,1329.9,956.8,1122.5,0.07,0.495,39.7,MEDIUM,110,CONDITIONAL_REVIEW_REQUIRED,Monitor and apply mitigation,Synthetic parcel risk score from supplied demo dataset; not an official cadastral/hazard determination,SYNTHETIC_DEMO_NOT_OFFICIAL,SYNTHETIC_DEMO_POLYGON_NOT_OFFICIAL,DO_NOT_USE_AS_LEGAL_BOUNDARY,SYNTHETIC_DEMO_ONLY,NO,YES,NO
DEMO-02-0082,Kuppadithara,Wayanad,Vythiri,DEMO-02-16,DEMO-02/439,8,5288.9,0.5289,Mixed,11.6327218,76.0131742,947.1,18.9,104.7,600.8,0.38,0.504,0.57,1772.3,963.1,492.3,0.578,0.532,44.3,MEDIUM,170,CONDITIONAL_REVIEW_REQUIRED,Monitor and apply mitigation,Synthetic parcel risk score from supplied demo dataset; not an official cadastral/hazard determination,SYNTHETIC_DEMO_NOT_OFFICIAL,SYNTHETIC_DEMO_POLYGON_NOT_OFFICIAL,DO_NOT_USE_AS_LEGAL_BOUNDARY,SYNTHETIC_DEMO_ONLY,NO,YES,NO
DEMO-02-0083,Kuppadithara,Wayanad,Vythiri,DEMO-02-07,DEMO-02/606,4,3036.6,0.3037,Mixed,11.6325953,76.0143371,940.9,22.3,38.6,176.0,1.03,0.427,0.488,1328.5,1036.8,364.9,0.612,0.869,42.7,MEDIUM,145,CONDITIONAL_REVIEW_REQUIRED,Monitor and apply mitigation,Synthetic parcel risk score from supplied demo dataset; not an official cadastral/hazard determination,SYNTHETIC_DEMO_NOT_OFFICIAL,SYNTHETIC_DEMO_POLYGON_NOT_OFFICIAL,DO_NOT_USE_AS_LEGAL_BOUNDARY,SYNTHETIC_DEMO_ONLY,NO,YES,NO
DEMO-02-0084,Kuppadithara,Wayanad,Vythiri,DEMO-02-14,DEMO-02/297,2,1683.4,0.1683,Forest-fringe,11.6326679,76.0155377,712.7,15.7,198.7,595.4,0.32,0.208,0.51,1313.6,338.3,89.7,0.064,0.88,41.8,MEDIUM,137,CONDITIONAL_REVIEW_REQUIRED,Monitor and apply mitigation,Synthetic parcel risk score from supplied demo dataset; not an official cadastral/hazard determination,SYNTHETIC_DEMO_NOT_OFFICIAL,SYNTHETIC_DEMO_POLYGON_NOT_OFFICIAL,DO_NOT_USE_AS_LEGAL_BOUNDARY,SYNTHETIC_DEMO_ONLY,NO,YES,NO
DEMO-02-0085,Kuppadithara,Wayanad,Vythiri,DEMO-02-16,DEMO-02/613,6,3736.5,0.3736,Mixed,11.6326892,76.0167025,840.6,14.1,104.7,545.3,0.2,0.391,0.368,1008.2,1123.3,1678.8,0.579,0.629,40.9,MEDIUM,122,CONDITIONAL_REVIEW_REQUIRED,Monitor and apply mitigation,Synthetic parcel risk score from supplied demo dataset; not an official cadastral/hazard determination,SYNTHETIC_DEMO_NOT_OFFICIAL,SYNTHETIC_DEMO_POLYGON_NOT_OFFICIAL,DO_NOT_USE_AS_LEGAL_BOUNDARY,SYNTHETIC_DEMO_ONLY,NO,YES,NO
DEMO-02-0086,Kuppadithara,Wayanad,Vythiri,DEMO-02-20,DEMO-02/262,3,2380.8,0.2381,Residential,11.6325753,76.0174742,1048.1,12.8,46.3,492.9,0.67,0.696,0.272,1790.6,214.4,939.9,0.204,0.519,34.6,MEDIUM,55,CONDITIONAL_REVIEW_REQUIRED,Monitor and apply mitigation,Synthetic parcel risk score from supplied demo dataset; not an official cadastral/hazard determination,SYNTHETIC_DEMO_NOT_OFFICIAL,SYNTHETIC_DEMO_POLYGON_NOT_OFFICIAL,DO_NOT_USE_AS_LEGAL_BOUNDARY,SYNTHETIC_DEMO_ONLY,NO,YES,NO
DEMO-02-0087,Kuppadithara,Wayanad,Vythiri,DEMO-02-11,DEMO-02/114,2,6843.9,0.6844,Mixed,11.6325011,76.0188714,881.1,19.8,64.0,421.7,0.0,0.138,0.388,1801.4,677.4,1271.6,0.153,0.405,31.3,MEDIUM,27,CONDITIONAL_REVIEW_REQUIRED,Monitor and apply mitigation,Synthetic parcel risk score from supplied demo dataset; not an official cadastral/hazard determination,SYNTHETIC_DEMO_NOT_OFFICIAL,SYNTHETIC_DEMO_POLYGON_NOT_OFFICIAL,DO_NOT_USE_AS_LEGAL_BOUNDARY,SYNTHETIC_DEMO_ONLY,NO,YES,NO
DEMO-02-0088,Kuppadithara,Wayanad,Vythiri,DEMO-02-16,DEMO-02/256,2,2499.8,0.25,Plantation,11.6323934,76.0198096,889.4,4.7,77.2,444.8,0.71,0.788,0.124,1802.6,594.4,523.4,0.561,0.819,32.8,MEDIUM,41,CONDITIONAL_REVIEW_REQUIRED,Monitor and apply mitigation,Synthetic parcel risk score from supplied demo dataset; not an official cadastral/hazard determination,SYNTHETIC_DEMO_NOT_OFFICIAL,SYNTHETIC_DEMO_POLYGON_NOT_OFFICIAL,DO_NOT_USE_AS_LEGAL_BOUNDARY,SYNTHETIC_DEMO_ONLY,NO,YES,NO
DEMO-02-0089,Kuppadithara,Wayanad,Vythiri,DEMO-02-11,DEMO-02/566,9,5953.7,0.5954,Mixed,11.6327096,76.0211468,981.9,18.8,144.5,512.6,0.22,0.359,0.512,2409.2,389.9,1210.6,0.172,0.801,41.2,MEDIUM,125,CONDITIONAL_REVIEW_REQUIRED,Monitor and apply mitigation,Synthetic parcel risk score from supplied demo dataset; not an official cadastral/hazard determination,SYNTHETIC_DEMO_NOT_OFFICIAL,SYNTHETIC_DEMO_POLYGON_NOT_OFFICIAL,DO_NOT_USE_AS_LEGAL_BOUNDARY,SYNTHETIC_DEMO_ONLY,NO,YES,NO
DEMO-02-0090,Kuppadithara,Wayanad,Vythiri,DEMO-02-20,DEMO-02/179,1,3997.7,0.3998,Forest-fringe,11.6325846,76.0223027,755.2,12.9,179.2,207.0,1.12,0.821,0.43,1644.9,429.6,1161.4,0.217,0.664,53.7,HIGH,238,NOT_RECOMMENDED_UNDER_DEMO_MODEL,High caution / prioritize mitigation,Synthetic parcel risk score from supplied demo dataset; not an official cadastral/hazard determination,SYNTHETIC_DEMO_NOT_OFFICIAL,SYNTHETIC_DEMO_POLYGON_NOT_OFFICIAL,DO_NOT_USE_AS_LEGAL_BOUNDARY,SYNTHETIC_DEMO_ONLY,NO,YES,NO
DEMO-02-0091,Kuppadithara,Wayanad,Vythiri,DEMO-02-18,DEMO-02/735,4,5127.6,0.5128,Agriculture,11.632431,76.0234145,971.9,17.3,90.4,370.0,0.65,0.499,0.456,1258.9,226.4,1286.7,0.068,0.861,42.5,MEDIUM,144,CONDITIONAL_REVIEW_REQUIRED,Monitor and apply mitigation,Synthetic parcel risk score from supplied demo dataset; not an official cadastral/hazard determination,SYNTHETIC_DEMO_NOT_OFFICIAL,SYNTHETIC_DEMO_POLYGON_NOT_OFFICIAL,DO_NOT_USE_AS_LEGAL_BOUNDARY,SYNTHETIC_DEMO_ONLY,NO,YES,NO
DEMO-02-0092,Kuppadithara,Wayanad,Vythiri,DEMO-02-20,DEMO-02/599,5,7458.5,0.7458,Mixed,11.6323758,76.0244264,771.9,23.6,37.9,318.9,0.64,0.619,0.428,701.5,89.6,1752.5,0.236,0.641,46.9,MEDIUM,203,CONDITIONAL_REVIEW_REQUIRED,Monitor and apply mitigation,Synthetic parcel risk score from supplied demo dataset; not an official cadastral/hazard determination,SYNTHETIC_DEMO_NOT_OFFICIAL,SYNTHETIC_DEMO_POLYGON_NOT_OFFICIAL,DO_NOT_USE_AS_LEGAL_BOUNDARY,SYNTHETIC_DEMO_ONLY,NO,YES,NO
DEMO-02-0093,Kuppadithara,Wayanad,Vythiri,DEMO-02-13,DEMO-02/599,6,514.6,0.0515,Forest-fringe,11.632718,76.0255449,854.2,9.9,55.9,594.8,0.3,0.258,0.403,654.8,140.7,660.7,0.078,0.687,31.4,MEDIUM,28,CONDITIONAL_REVIEW_REQUIRED,Monitor and apply mitigation,Synthetic parcel risk score from supplied demo dataset; not an official cadastral/hazard determination,SYNTHETIC_DEMO_NOT_OFFICIAL,SYNTHETIC_DEMO_POLYGON_NOT_OFFICIAL,DO_NOT_USE_AS_LEGAL_BOUNDARY,SYNTHETIC_DEMO_ONLY,NO,YES,NO
DEMO-02-0094,Kuppadithara,Wayanad,Vythiri,DEMO-02-05,DEMO-02/542,8,3140.2,0.314,Mixed,11.6327386,76.0270408,766.4,17.8,86.5,179.4,0.41,0.465,0.517,2181.4,1154.3,1612.0,0.293,0.428,43.6,MEDIUM,162,CONDITIONAL_REVIEW_REQUIRED,Monitor and apply mitigation,Synthetic parcel risk score from supplied demo dataset; not an official cadastral/hazard determination,SYNTHETIC_DEMO_NOT_OFFICIAL,SYNTHETIC_DEMO_POLYGON_NOT_OFFICIAL,DO_NOT_USE_AS_LEGAL_BOUNDARY,SYNTHETIC_DEMO_ONLY,NO,YES,NO
DEMO-02-0095,Kuppadithara,Wayanad,Vythiri,DEMO-02-11,DEMO-02/22,9,5376.0,0.5376,Mixed,11.6327321,76.0282368,846.4,11.2,176.8,531.2,0.91,0.834,0.229,1078.0,405.5,722.2,0.1,0.736,45.6,MEDIUM,188,CONDITIONAL_REVIEW_REQUIRED,Monitor and apply mitigation,Synthetic parcel risk score from supplied demo dataset; not an official cadastral/hazard determination,SYNTHETIC_DEMO_NOT_OFFICIAL,SYNTHETIC_DEMO_POLYGON_NOT_OFFICIAL,DO_NOT_USE_AS_LEGAL_BOUNDARY,SYNTHETIC_DEMO_ONLY,NO,YES,NO
DEMO-02-0096,Kuppadithara,Wayanad,Vythiri,DEMO-02-16,DEMO-02/422,8,5994.3,0.5994,Forest-fringe,11.632196,76.0292868,869.9,8.4,53.5,505.8,0.0,0.061,0.293,1223.5,452.5,1168.0,0.045,0.467,23.8,LOW,4,CANDIDATE_FOR_FURTHER_ASSESSMENT,Normal monitoring,Synthetic parcel risk score from supplied demo dataset; not an official cadastral/hazard determination,SYNTHETIC_DEMO_NOT_OFFICIAL,SYNTHETIC_DEMO_POLYGON_NOT_OFFICIAL,DO_NOT_USE_AS_LEGAL_BOUNDARY,SYNTHETIC_DEMO_ONLY,NO,YES,NO
DEMO-02-0097,Kuppadithara,Wayanad,Vythiri,DEMO-02-15,DEMO-02/338,8,7387.0,0.7387,Residential,11.6327031,76.030361,778.0,8.8,118.3,328.3,0.44,0.842,0.195,1828.6,1149.3,1588.9,0.468,0.641,41.2,MEDIUM,125,CONDITIONAL_REVIEW_REQUIRED,Monitor and apply mitigation,Synthetic parcel risk score from supplied demo dataset; not an official cadastral/hazard determination,SYNTHETIC_DEMO_NOT_OFFICIAL,SYNTHETIC_DEMO_POLYGON_NOT_OFFICIAL,DO_NOT_USE_AS_LEGAL_BOUNDARY,SYNTHETIC_DEMO_ONLY,NO,YES,NO
DEMO-02-0098,Kuppadithara,Wayanad,Vythiri,DEMO-02-04,DEMO-02/173,1,5447.4,0.5447,Agriculture,11.6324072,76.0313828,655.7,23.6,146.8,227.0,0.89,0.492,0.597,2328.3,65.5,285.2,0.396,0.616,51.0,HIGH,227,NOT_RECOMMENDED_UNDER_DEMO_MODEL,High caution / prioritize mitigation,Synthetic parcel risk score from supplied demo dataset; not an official cadastral/hazard determination,SYNTHETIC_DEMO_NOT_OFFICIAL,SYNTHETIC_DEMO_POLYGON_NOT_OFFICIAL,DO_NOT_USE_AS_LEGAL_BOUNDARY,SYNTHETIC_DEMO_ONLY,NO,YES,NO
DEMO-02-0099,Kuppadithara,Wayanad,Vythiri,DEMO-02-12,DEMO-02/426,3,7251.5,0.7252,Agriculture,11.632534,76.0326094,907.3,20.2,210.3,463.1,0.45,0.187,0.366,1122.1,151.8,970.6,0.571,0.583,45.0,MEDIUM,182,CONDITIONAL_REVIEW_REQUIRED,Monitor and apply mitigation,Synthetic parcel risk score from supplied demo dataset; not an official cadastral/hazard determination,SYNTHETIC_DEMO_NOT_OFFICIAL,SYNTHETIC_DEMO_POLYGON_NOT_OFFICIAL,DO_NOT_USE_AS_LEGAL_BOUNDARY,SYNTHETIC_DEMO_ONLY,NO,YES,NO
DEMO-02-0100,Kuppadithara,Wayanad,Vythiri,DEMO-02-18,DEMO-02/380,5,5072.3,0.5072,Agriculture,11.632556,76.0338613,812.4,21.3,128.6,484.9,0.41,0.46,0.541,177.2,833.2,1305.9,0.035,0.893,49.4,MEDIUM,220,CONDITIONAL_REVIEW_REQUIRED,Monitor and apply mitigation,Synthetic parcel risk score from supplied demo dataset; not an official cadastral/hazard determination,SYNTHETIC_DEMO_NOT_OFFICIAL,SYNTHETIC_DEMO_POLYGON_NOT_OFFICIAL,DO_NOT_USE_AS_LEGAL_BOUNDARY,SYNTHETIC_DEMO_ONLY,NO,YES,NO
DEMO-02-0101,Kuppadithara,Wayanad,Vythiri,DEMO-02-10,DEMO-02/568,6,1537.3,0.1537,Forest-fringe,11.6335477,76.0061815,1049.8,15.6,109.4,303.1,0.68,0.63,0.346,1580.7,584.1,487.9,0.333,0.667,39.9,MEDIUM,114,CONDITIONAL_REVIEW_REQUIRED,Monitor and apply mitigation,Synthetic parcel risk score from supplied demo dataset; not an official cadastral/hazard determination,SYNTHETIC_DEMO_NOT_OFFICIAL,SYNTHETIC_DEMO_POLYGON_NOT_OFFICIAL,DO_NOT_USE_AS_LEGAL_BOUNDARY,SYNTHETIC_DEMO_ONLY,NO,YES,NO
DEMO-02-0102,Kuppadithara,Wayanad,Vythiri,DEMO-02-17,DEMO-02/395,5,5399.5,0.54,Agriculture,11.6338995,76.0073842,833.4,20.8,116.8,330.0,0.45,0.765,0.548,1090.7,328.4,1453.2,0.102,0.466,52.0,HIGH,234,NOT_RECOMMENDED_UNDER_DEMO_MODEL,High caution / prioritize mitigation,Synthetic parcel risk score from supplied demo dataset; not an official cadastral/hazard determination,SYNTHETIC_DEMO_NOT_OFFICIAL,SYNTHETIC_DEMO_POLYGON_NOT_OFFICIAL,DO_NOT_USE_AS_LEGAL_BOUNDARY,SYNTHETIC_DEMO_ONLY,NO,YES,NO
DEMO-02-0103,Kuppadithara,Wayanad,Vythiri,DEMO-02-04,DEMO-02/172,8,889.5,0.089,Plantation,11.6338176,76.0086744,745.1,24.8,130.0,186.6,0.06,0.022,0.481,705.4,619.8,731.9,0.566,0.816,41.2,MEDIUM,125,CONDITIONAL_REVIEW_REQUIRED,Monitor and apply mitigation,Synthetic parcel risk score from supplied demo dataset; not an official cadastral/hazard determination,SYNTHETIC_DEMO_NOT_OFFICIAL,SYNTHETIC_DEMO_POLYGON_NOT_OFFICIAL,DO_NOT_USE_AS_LEGAL_BOUNDARY,SYNTHETIC_DEMO_ONLY,NO,YES,NO
DEMO-02-0104,Kuppadithara,Wayanad,Vythiri,DEMO-02-02,DEMO-02/805,4,5312.4,0.5312,Forest-fringe,11.6339548,76.009799,908.4,12.1,184.6,575.0,0.65,0.517,0.416,2276.7,204.2,1383.9,0.617,0.884,46.8,MEDIUM,201,CONDITIONAL_REVIEW_REQUIRED,Monitor and apply mitigation,Synthetic parcel risk score from supplied demo dataset; not an official cadastral/hazard determination,SYNTHETIC_DEMO_NOT_OFFICIAL,SYNTHETIC_DEMO_POLYGON_NOT_OFFICIAL,DO_NOT_USE_AS_LEGAL_BOUNDARY,SYNTHETIC_DEMO_ONLY,NO,YES,NO
DEMO-02-0105,Kuppadithara,Wayanad,Vythiri,DEMO-02-19,DEMO-02/460,8,2257.7,0.2258,Residential,11.6336703,76.0110392,768.8,6.4,113.6,242.5,0.69,0.709,0.224,1268.6,314.9,996.3,0.413,0.42,39.5,MEDIUM,107,CONDITIONAL_REVIEW_REQUIRED,Monitor and apply mitigation,Synthetic parcel risk score from supplied demo dataset; not an official cadastral/hazard determination,SYNTHETIC_DEMO_NOT_OFFICIAL,SYNTHETIC_DEMO_POLYGON_NOT_OFFICIAL,DO_NOT_USE_AS_LEGAL_BOUNDARY,SYNTHETIC_DEMO_ONLY,NO,YES,NO
DEMO-02-0106,Kuppadithara,Wayanad,Vythiri,DEMO-02-07,DEMO-02/825,3,5304.3,0.5304,Mixed,11.633656,76.0120479,781.8,7.9,58.3,310.0,0.01,0.038,0.329,179.3,987.8,1039.3,0.492,0.809,28.8,MEDIUM,18,CONDITIONAL_REVIEW_REQUIRED,Monitor and apply mitigation,Synthetic parcel risk score from supplied demo dataset; not an official cadastral/hazard determination,SYNTHETIC_DEMO_NOT_OFFICIAL,SYNTHETIC_DEMO_POLYGON_NOT_OFFICIAL,DO_NOT_USE_AS_LEGAL_BOUNDARY,SYNTHETIC_DEMO_ONLY,NO,YES,NO
DEMO-02-0107,Kuppadithara,Wayanad,Vythiri,DEMO-02-01,DEMO-02/473,7,7891.8,0.7892,Mixed,11.6337883,76.0132562,652.3,12.5,185.3,466.3,0.46,0.418,0.202,320.8,1079.0,1692.8,0.215,0.402,43.8,MEDIUM,165,CONDITIONAL_REVIEW_REQUIRED,Monitor and apply mitigation,Synthetic parcel risk score from supplied demo dataset; not an official cadastral/hazard determination,SYNTHETIC_DEMO_NOT_OFFICIAL,SYNTHETIC_DEMO_POLYGON_NOT_OFFICIAL,DO_NOT_USE_AS_LEGAL_BOUNDARY,SYNTHETIC_DEMO_ONLY,NO,YES,NO
DEMO-02-0108,Kuppadithara,Wayanad,Vythiri,DEMO-02-06,DEMO-02/401,6,901.7,0.0902,Plantation,11.633731,76.014492,713.9,6.0,202.2,516.2,0.5,0.149,0.276,885.1,1094.9,290.5,0.237,0.268,35.4,MEDIUM,60,CONDITIONAL_REVIEW_REQUIRED,Monitor and apply mitigation,Synthetic parcel risk score from supplied demo dataset; not an official cadastral/hazard determination,SYNTHETIC_DEMO_NOT_OFFICIAL,SYNTHETIC_DEMO_POLYGON_NOT_OFFICIAL,DO_NOT_USE_AS_LEGAL_BOUNDARY,SYNTHETIC_DEMO_ONLY,NO,YES,NO
DEMO-02-0109,Kuppadithara,Wayanad,Vythiri,DEMO-02-16,DEMO-02/394,9,3558.2,0.3558,Agriculture,11.633783,76.0152372,913.9,22.0,124.7,537.8,0.65,0.453,0.326,57.6,385.4,874.8,0.204,0.75,44.4,MEDIUM,172,CONDITIONAL_REVIEW_REQUIRED,Monitor and apply mitigation,Synthetic parcel risk score from supplied demo dataset; not an official cadastral/hazard determination,SYNTHETIC_DEMO_NOT_OFFICIAL,SYNTHETIC_DEMO_POLYGON_NOT_OFFICIAL,DO_NOT_USE_AS_LEGAL_BOUNDARY,SYNTHETIC_DEMO_ONLY,NO,YES,NO
DEMO-02-0110,Kuppadithara,Wayanad,Vythiri,DEMO-02-13,DEMO-02/905,3,1273.3,0.1273,Residential,11.6339452,76.0167143,932.8,7.8,187.8,400.0,1.25,0.789,0.169,1881.2,831.2,1749.3,0.078,0.668,45.8,MEDIUM,190,CONDITIONAL_REVIEW_REQUIRED,Monitor and apply mitigation,Synthetic parcel risk score from supplied demo dataset; not an official cadastral/hazard determination,SYNTHETIC_DEMO_NOT_OFFICIAL,SYNTHETIC_DEMO_POLYGON_NOT_OFFICIAL,DO_NOT_USE_AS_LEGAL_BOUNDARY,SYNTHETIC_DEMO_ONLY,NO,YES,NO
DEMO-02-0111,Kuppadithara,Wayanad,Vythiri,DEMO-02-14,DEMO-02/222,6,3552.1,0.3552,Agriculture,11.6338695,76.0176426,860.0,8.2,193.5,252.8,0.16,0.275,0.288,1104.9,657.7,1766.7,0.25,0.518,38.9,MEDIUM,100,CONDITIONAL_REVIEW_REQUIRED,Monitor and apply mitigation,Synthetic parcel risk score from supplied demo dataset; not an official cadastral/hazard determination,SYNTHETIC_DEMO_NOT_OFFICIAL,SYNTHETIC_DEMO_POLYGON_NOT_OFFICIAL,DO_NOT_USE_AS_LEGAL_BOUNDARY,SYNTHETIC_DEMO_ONLY,NO,YES,NO
DEMO-02-0112,Kuppadithara,Wayanad,Vythiri,DEMO-02-10,DEMO-02/992,5,4771.6,0.4772,Plantation,11.6337754,76.0189438,835.7,8.7,127.7,597.9,0.57,0.734,0.155,239.1,417.2,1647.8,0.185,0.452,41.7,MEDIUM,134,CONDITIONAL_REVIEW_REQUIRED,Monitor and apply mitigation,Synthetic parcel risk score from supplied demo dataset; not an official cadastral/hazard determination,SYNTHETIC_DEMO_NOT_OFFICIAL,SYNTHETIC_DEMO_POLYGON_NOT_OFFICIAL,DO_NOT_USE_AS_LEGAL_BOUNDARY,SYNTHETIC_DEMO_ONLY,NO,YES,NO
DEMO-02-0113,Kuppadithara,Wayanad,Vythiri,DEMO-02-18,DEMO-02/251,5,7309.5,0.731,Agriculture,11.6337404,76.0199397,703.5,21.3,71.5,575.8,0.21,0.575,0.523,596.6,188.6,1636.1,0.18,0.649,47.5,MEDIUM,210,CONDITIONAL_REVIEW_REQUIRED,Monitor and apply mitigation,Synthetic parcel risk score from supplied demo dataset; not an official cadastral/hazard determination,SYNTHETIC_DEMO_NOT_OFFICIAL,SYNTHETIC_DEMO_POLYGON_NOT_OFFICIAL,DO_NOT_USE_AS_LEGAL_BOUNDARY,SYNTHETIC_DEMO_ONLY,NO,YES,NO
DEMO-02-0114,Kuppadithara,Wayanad,Vythiri,DEMO-02-14,DEMO-02/565,7,2824.9,0.2825,Plantation,11.6339898,76.0212285,659.3,18.4,66.2,356.1,0.0,0.1,0.561,701.7,175.0,1745.2,0.284,0.369,40.3,MEDIUM,117,CONDITIONAL_REVIEW_REQUIRED,Monitor and apply mitigation,Synthetic parcel risk score from supplied demo dataset; not an official cadastral/hazard determination,SYNTHETIC_DEMO_NOT_OFFICIAL,SYNTHETIC_DEMO_POLYGON_NOT_OFFICIAL,DO_NOT_USE_AS_LEGAL_BOUNDARY,SYNTHETIC_DEMO_ONLY,NO,YES,NO
DEMO-02-0115,Kuppadithara,Wayanad,Vythiri,DEMO-02-08,DEMO-02/35,9,6643.8,0.6644,Forest-fringe,11.6337716,76.0221066,898.7,9.1,193.1,530.2,0.15,0.694,0.419,1955.7,1148.7,539.0,0.42,0.32,43.2,MEDIUM,154,CONDITIONAL_REVIEW_REQUIRED,Monitor and apply mitigation,Synthetic parcel risk score from supplied demo dataset; not an official cadastral/hazard determination,SYNTHETIC_DEMO_NOT_OFFICIAL,SYNTHETIC_DEMO_POLYGON_NOT_OFFICIAL,DO_NOT_USE_AS_LEGAL_BOUNDARY,SYNTHETIC_DEMO_ONLY,NO,YES,NO
DEMO-02-0116,Kuppadithara,Wayanad,Vythiri,DEMO-02-07,DEMO-02/107,3,4692.7,0.4693,Mixed,11.6339324,76.023214,741.3,11.5,180.6,278.5,0.38,0.301,0.198,879.2,585.8,969.3,0.429,0.569,38.1,MEDIUM,91,CONDITIONAL_REVIEW_REQUIRED,Monitor and apply mitigation,Synthetic parcel risk score from supplied demo dataset; not an official cadastral/hazard determination,SYNTHETIC_DEMO_NOT_OFFICIAL,SYNTHETIC_DEMO_POLYGON_NOT_OFFICIAL,DO_NOT_USE_AS_LEGAL_BOUNDARY,SYNTHETIC_DEMO_ONLY,NO,YES,NO
DEMO-02-0117,Kuppadithara,Wayanad,Vythiri,DEMO-02-13,DEMO-02/293,2,808.6,0.0809,Agriculture,11.6339432,76.0243939,870.7,15.0,92.3,434.4,0.74,0.795,0.427,498.6,443.7,1318.4,0.295,0.726,49.0,MEDIUM,218,CONDITIONAL_REVIEW_REQUIRED,Monitor and apply mitigation,Synthetic parcel risk score from supplied demo dataset; not an official cadastral/hazard determination,SYNTHETIC_DEMO_NOT_OFFICIAL,SYNTHETIC_DEMO_POLYGON_NOT_OFFICIAL,DO_NOT_USE_AS_LEGAL_BOUNDARY,SYNTHETIC_DEMO_ONLY,NO,YES,NO
DEMO-02-0118,Kuppadithara,Wayanad,Vythiri,DEMO-02-09,DEMO-02/833,6,7105.8,0.7106,Forest-fringe,11.6337786,76.0258219,956.3,20.5,136.4,333.6,0.63,0.617,0.341,620.6,517.3,1082.7,0.323,0.899,46.9,MEDIUM,203,CONDITIONAL_REVIEW_REQUIRED,Monitor and apply mitigation,Synthetic parcel risk score from supplied demo dataset; not an official cadastral/hazard determination,SYNTHETIC_DEMO_NOT_OFFICIAL,SYNTHETIC_DEMO_POLYGON_NOT_OFFICIAL,DO_NOT_USE_AS_LEGAL_BOUNDARY,SYNTHETIC_DEMO_ONLY,NO,YES,NO
DEMO-02-0119,Kuppadithara,Wayanad,Vythiri,DEMO-02-11,DEMO-02/95,6,7270.0,0.727,Forest-fringe,11.6337827,76.0267737,759.0,3.8,83.3,336.5,0.71,0.54,0.178,2163.0,52.2,1708.8,0.451,0.88,34.1,MEDIUM,52,CONDITIONAL_REVIEW_REQUIRED,Monitor and apply mitigation,Synthetic parcel risk score from supplied demo dataset; not an official cadastral/hazard determination,SYNTHETIC_DEMO_NOT_OFFICIAL,SYNTHETIC_DEMO_POLYGON_NOT_OFFICIAL,DO_NOT_USE_AS_LEGAL_BOUNDARY,SYNTHETIC_DEMO_ONLY,NO,YES,NO
DEMO-02-0120,Kuppadithara,Wayanad,Vythiri,DEMO-02-07,DEMO-02/509,4,5332.4,0.5332,Agriculture,11.6334634,76.0278149,688.9,12.2,122.8,428.5,0.12,0.079,0.22,941.8,546.2,1508.6,0.636,0.811,33.7,MEDIUM,48,CONDITIONAL_REVIEW_REQUIRED,Monitor and apply mitigation,Synthetic parcel risk score from supplied demo dataset; not an official cadastral/hazard determination,SYNTHETIC_DEMO_NOT_OFFICIAL,SYNTHETIC_DEMO_POLYGON_NOT_OFFICIAL,DO_NOT_USE_AS_LEGAL_BOUNDARY,SYNTHETIC_DEMO_ONLY,NO,YES,NO
DEMO-02-0121,Kuppadithara,Wayanad,Vythiri,DEMO-02-20,DEMO-02/89,2,6649.6,0.665,Plantation,11.6334837,76.028902,721.1,19.1,83.5,121.8,0.39,0.422,0.566,838.7,1129.3,844.2,0.524,0.564,46.0,MEDIUM,192,CONDITIONAL_REVIEW_REQUIRED,Monitor and apply mitigation,Synthetic parcel risk score from supplied demo dataset; not an official cadastral/hazard determination,SYNTHETIC_DEMO_NOT_OFFICIAL,SYNTHETIC_DEMO_POLYGON_NOT_OFFICIAL,DO_NOT_USE_AS_LEGAL_BOUNDARY,SYNTHETIC_DEMO_ONLY,NO,YES,NO
DEMO-02-0122,Kuppadithara,Wayanad,Vythiri,DEMO-02-07,DEMO-02/40,4,1003.2,0.1003,Mixed,11.6338435,76.0306206,687.8,17.0,83.2,511.8,0.84,0.456,0.504,652.1,1117.6,627.2,0.499,0.52,46.6,MEDIUM,197,CONDITIONAL_REVIEW_REQUIRED,Monitor and apply mitigation,Synthetic parcel risk score from supplied demo dataset; not an official cadastral/hazard determination,SYNTHETIC_DEMO_NOT_OFFICIAL,SYNTHETIC_DEMO_POLYGON_NOT_OFFICIAL,DO_NOT_USE_AS_LEGAL_BOUNDARY,SYNTHETIC_DEMO_ONLY,NO,YES,NO
DEMO-02-0123,Kuppadithara,Wayanad,Vythiri,DEMO-02-04,DEMO-02/827,9,4168.0,0.4168,Forest-fringe,11.63393,76.0312614,981.0,4.8,207.8,125.6,0.01,0.565,0.312,1140.7,1067.6,1783.0,0.59,0.525,43.1,MEDIUM,151,CONDITIONAL_REVIEW_REQUIRED,Monitor and apply mitigation,Synthetic parcel risk score from supplied demo dataset; not an official cadastral/hazard determination,SYNTHETIC_DEMO_NOT_OFFICIAL,SYNTHETIC_DEMO_POLYGON_NOT_OFFICIAL,DO_NOT_USE_AS_LEGAL_BOUNDARY,SYNTHETIC_DEMO_ONLY,NO,YES,NO
DEMO-02-0124,Kuppadithara,Wayanad,Vythiri,DEMO-02-02,DEMO-02/971,7,2150.2,0.215,Agriculture,11.6338797,76.0324067,930.2,18.6,124.2,547.5,0.56,0.37,0.471,1807.5,274.1,854.9,0.457,0.522,42.7,MEDIUM,145,CONDITIONAL_REVIEW_REQUIRED,Monitor and apply mitigation,Synthetic parcel risk score from supplied demo dataset; not an official cadastral/hazard determination,SYNTHETIC_DEMO_NOT_OFFICIAL,SYNTHETIC_DEMO_POLYGON_NOT_OFFICIAL,DO_NOT_USE_AS_LEGAL_BOUNDARY,SYNTHETIC_DEMO_ONLY,NO,YES,NO
DEMO-02-0125,Kuppadithara,Wayanad,Vythiri,DEMO-02-07,DEMO-02/209,4,5485.3,0.5485,Agriculture,11.633634,76.0336661,746.4,6.7,79.2,298.9,0.75,0.564,0.282,1129.6,1062.9,1424.9,0.141,0.852,37.8,MEDIUM,88,CONDITIONAL_REVIEW_REQUIRED,Monitor and apply mitigation,Synthetic parcel risk score from supplied demo dataset; not an official cadastral/hazard determination,SYNTHETIC_DEMO_NOT_OFFICIAL,SYNTHETIC_DEMO_POLYGON_NOT_OFFICIAL,DO_NOT_USE_AS_LEGAL_BOUNDARY,SYNTHETIC_DEMO_ONLY,NO,YES,NO
DEMO-02-0126,Kuppadithara,Wayanad,Vythiri,DEMO-02-03,DEMO-02/257,7,4260.8,0.4261,Forest-fringe,11.6349902,76.0062418,833.4,10.7,180.9,262.5,0.6,0.672,0.303,1005.3,890.6,1697.8,0.047,0.72,46.5,MEDIUM,195,CONDITIONAL_REVIEW_REQUIRED,Monitor and apply mitigation,Synthetic parcel risk score from supplied demo dataset; not an official cadastral/hazard determination,SYNTHETIC_DEMO_NOT_OFFICIAL,SYNTHETIC_DEMO_POLYGON_NOT_OFFICIAL,DO_NOT_USE_AS_LEGAL_BOUNDARY,SYNTHETIC_DEMO_ONLY,NO,YES,NO
DEMO-02-0127,Kuppadithara,Wayanad,Vythiri,DEMO-02-19,DEMO-02/623,4,3633.7,0.3634,Plantation,11.6350076,76.0071895,1009.5,3.2,109.6,508.8,0.29,0.367,0.166,2414.7,723.3,1170.6,0.237,0.266,25.7,MEDIUM,11,CONDITIONAL_REVIEW_REQUIRED,Monitor and apply mitigation,Synthetic parcel risk score from supplied demo dataset; not an official cadastral/hazard determination,SYNTHETIC_DEMO_NOT_OFFICIAL,SYNTHETIC_DEMO_POLYGON_NOT_OFFICIAL,DO_NOT_USE_AS_LEGAL_BOUNDARY,SYNTHETIC_DEMO_ONLY,NO,YES,NO
DEMO-02-0128,Kuppadithara,Wayanad,Vythiri,DEMO-02-04,DEMO-02/439,1,7812.2,0.7812,Mixed,11.6350593,76.0085981,1024.6,14.5,193.8,453.8,0.03,0.41,0.215,590.1,281.1,479.9,0.22,0.455,36.3,MEDIUM,69,CONDITIONAL_REVIEW_REQUIRED,Monitor and apply mitigation,Synthetic parcel risk score from supplied demo dataset; not an official cadastral/hazard determination,SYNTHETIC_DEMO_NOT_OFFICIAL,SYNTHETIC_DEMO_POLYGON_NOT_OFFICIAL,DO_NOT_USE_AS_LEGAL_BOUNDARY,SYNTHETIC_DEMO_ONLY,NO,YES,NO
DEMO-02-0129,Kuppadithara,Wayanad,Vythiri,DEMO-02-06,DEMO-02/285,9,615.5,0.0616,Mixed,11.6350892,76.0095104,655.1,12.0,112.7,219.0,0.5,0.59,0.295,1100.6,67.8,266.1,0.385,0.322,39.1,MEDIUM,103,CONDITIONAL_REVIEW_REQUIRED,Monitor and apply mitigation,Synthetic parcel risk score from supplied demo dataset; not an official cadastral/hazard determination,SYNTHETIC_DEMO_NOT_OFFICIAL,SYNTHETIC_DEMO_POLYGON_NOT_OFFICIAL,DO_NOT_USE_AS_LEGAL_BOUNDARY,SYNTHETIC_DEMO_ONLY,NO,YES,NO
DEMO-02-0130,Kuppadithara,Wayanad,Vythiri,DEMO-02-17,DEMO-02/506,6,7334.7,0.7335,Residential,11.6352093,76.0106139,948.3,7.7,176.3,464.1,0.7,0.52,0.196,665.4,69.4,1133.9,0.158,0.615,39.8,MEDIUM,112,CONDITIONAL_REVIEW_REQUIRED,Monitor and apply mitigation,Synthetic parcel risk score from supplied demo dataset; not an official cadastral/hazard determination,SYNTHETIC_DEMO_NOT_OFFICIAL,SYNTHETIC_DEMO_POLYGON_NOT_OFFICIAL,DO_NOT_USE_AS_LEGAL_BOUNDARY,SYNTHETIC_DEMO_ONLY,NO,YES,NO
DEMO-02-0131,Kuppadithara,Wayanad,Vythiri,DEMO-02-09,DEMO-02/88,7,2878.9,0.2879,Mixed,11.6352024,76.0121286,800.4,6.4,77.5,248.3,0.29,0.135,0.213,1698.3,181.8,761.0,0.032,0.507,23.4,LOW,3,CANDIDATE_FOR_FURTHER_ASSESSMENT,Normal monitoring,Synthetic parcel risk score from supplied demo dataset; not an official cadastral/hazard determination,SYNTHETIC_DEMO_NOT_OFFICIAL,SYNTHETIC_DEMO_POLYGON_NOT_OFFICIAL,DO_NOT_USE_AS_LEGAL_BOUNDARY,SYNTHETIC_DEMO_ONLY,NO,YES,NO
DEMO-02-0132,Kuppadithara,Wayanad,Vythiri,DEMO-02-06,DEMO-02/153,9,7077.0,0.7077,Forest-fringe,11.6350035,76.0131978,784.3,11.1,39.9,217.6,0.3,0.069,0.205,665.0,26.6,984.9,0.18,0.292,25.2,MEDIUM,8,CONDITIONAL_REVIEW_REQUIRED,Monitor and apply mitigation,Synthetic parcel risk score from supplied demo dataset; not an official cadastral/hazard determination,SYNTHETIC_DEMO_NOT_OFFICIAL,SYNTHETIC_DEMO_POLYGON_NOT_OFFICIAL,DO_NOT_USE_AS_LEGAL_BOUNDARY,SYNTHETIC_DEMO_ONLY,NO,YES,NO
DEMO-02-0133,Kuppadithara,Wayanad,Vythiri,DEMO-02-16,DEMO-02/768,8,6081.8,0.6082,Forest-fringe,11.6351402,76.0145043,975.8,20.6,50.6,370.8,0.76,0.48,0.508,2144.1,467.6,619.3,0.554,0.787,41.2,MEDIUM,125,CONDITIONAL_REVIEW_REQUIRED,Monitor and apply mitigation,Synthetic parcel risk score from supplied demo dataset; not an official cadastral/hazard determination,SYNTHETIC_DEMO_NOT_OFFICIAL,SYNTHETIC_DEMO_POLYGON_NOT_OFFICIAL,DO_NOT_USE_AS_LEGAL_BOUNDARY,SYNTHETIC_DEMO_ONLY,NO,YES,NO
DEMO-02-0134,Kuppadithara,Wayanad,Vythiri,DEMO-02-06,DEMO-02/200,5,4072.6,0.4073,Residential,11.6350418,76.0155224,688.0,2.0,57.9,357.7,0.54,0.515,0.114,1180.7,1143.3,1191.9,0.22,0.87,28.8,MEDIUM,18,CONDITIONAL_REVIEW_REQUIRED,Monitor and apply mitigation,Synthetic parcel risk score from supplied demo dataset; not an official cadastral/hazard determination,SYNTHETIC_DEMO_NOT_OFFICIAL,SYNTHETIC_DEMO_POLYGON_NOT_OFFICIAL,DO_NOT_USE_AS_LEGAL_BOUNDARY,SYNTHETIC_DEMO_ONLY,NO,YES,NO
DEMO-02-0135,Kuppadithara,Wayanad,Vythiri,DEMO-02-07,DEMO-02/436,3,2974.9,0.2975,Plantation,11.6349997,76.0167217,770.1,15.2,161.5,544.6,1.0,0.835,0.316,708.4,501.4,1724.3,0.524,0.461,54.9,HIGH,242,NOT_RECOMMENDED_UNDER_DEMO_MODEL,High caution / prioritize mitigation,Synthetic parcel risk score from supplied demo dataset; not an official cadastral/hazard determination,SYNTHETIC_DEMO_NOT_OFFICIAL,SYNTHETIC_DEMO_POLYGON_NOT_OFFICIAL,DO_NOT_USE_AS_LEGAL_BOUNDARY,SYNTHETIC_DEMO_ONLY,NO,YES,NO
DEMO-02-0136,Kuppadithara,Wayanad,Vythiri,DEMO-02-06,DEMO-02/221,7,4168.1,0.4168,Mixed,11.6349514,76.0176591,986.5,4.2,87.9,126.5,0.29,0.169,0.264,261.7,393.3,1781.3,0.159,0.291,30.4,MEDIUM,24,CONDITIONAL_REVIEW_REQUIRED,Monitor and apply mitigation,Synthetic parcel risk score from supplied demo dataset; not an official cadastral/hazard determination,SYNTHETIC_DEMO_NOT_OFFICIAL,SYNTHETIC_DEMO_POLYGON_NOT_OFFICIAL,DO_NOT_USE_AS_LEGAL_BOUNDARY,SYNTHETIC_DEMO_ONLY,NO,YES,NO
DEMO-02-0137,Kuppadithara,Wayanad,Vythiri,DEMO-02-14,DEMO-02/525,1,4906.4,0.4906,Residential,11.6352812,76.0190306,836.0,12.3,43.4,547.2,0.52,0.843,0.476,792.1,311.5,477.9,0.343,0.816,43.1,MEDIUM,151,CONDITIONAL_REVIEW_REQUIRED,Monitor and apply mitigation,Synthetic parcel risk score from supplied demo dataset; not an official cadastral/hazard determination,SYNTHETIC_DEMO_NOT_OFFICIAL,SYNTHETIC_DEMO_POLYGON_NOT_OFFICIAL,DO_NOT_USE_AS_LEGAL_BOUNDARY,SYNTHETIC_DEMO_ONLY,NO,YES,NO
DEMO-02-0138,Kuppadithara,Wayanad,Vythiri,DEMO-02-08,DEMO-02/67,1,505.2,0.0505,Forest-fringe,11.6350618,76.0198352,994.8,21.5,133.3,234.9,0.17,0.232,0.376,1230.7,672.8,1268.2,0.438,0.405,39.6,MEDIUM,108,CONDITIONAL_REVIEW_REQUIRED,Monitor and apply mitigation,Synthetic parcel risk score from supplied demo dataset; not an official cadastral/hazard determination,SYNTHETIC_DEMO_NOT_OFFICIAL,SYNTHETIC_DEMO_POLYGON_NOT_OFFICIAL,DO_NOT_USE_AS_LEGAL_BOUNDARY,SYNTHETIC_DEMO_ONLY,NO,YES,NO
DEMO-02-0139,Kuppadithara,Wayanad,Vythiri,DEMO-02-19,DEMO-02/59,9,4526.9,0.4527,Residential,11.6351883,76.0211808,978.7,8.8,151.3,141.4,1.26,0.625,0.213,37.3,129.5,1531.1,0.282,0.583,46.5,MEDIUM,195,CONDITIONAL_REVIEW_REQUIRED,Monitor and apply mitigation,Synthetic parcel risk score from supplied demo dataset; not an official cadastral/hazard determination,SYNTHETIC_DEMO_NOT_OFFICIAL,SYNTHETIC_DEMO_POLYGON_NOT_OFFICIAL,DO_NOT_USE_AS_LEGAL_BOUNDARY,SYNTHETIC_DEMO_ONLY,NO,YES,NO
DEMO-02-0140,Kuppadithara,Wayanad,Vythiri,DEMO-02-07,DEMO-02/780,7,6053.6,0.6054,Agriculture,11.6351189,76.0223344,776.1,8.2,143.7,589.6,0.46,0.445,0.305,655.5,1005.7,1394.3,0.605,0.405,42.3,MEDIUM,142,CONDITIONAL_REVIEW_REQUIRED,Monitor and apply mitigation,Synthetic parcel risk score from supplied demo dataset; not an official cadastral/hazard determination,SYNTHETIC_DEMO_NOT_OFFICIAL,SYNTHETIC_DEMO_POLYGON_NOT_OFFICIAL,DO_NOT_USE_AS_LEGAL_BOUNDARY,SYNTHETIC_DEMO_ONLY,NO,YES,NO
DEMO-02-0141,Kuppadithara,Wayanad,Vythiri,DEMO-02-15,DEMO-02/286,1,5802.1,0.5802,Mixed,11.6352695,76.0237486,842.5,13.0,164.9,496.2,0.62,0.581,0.366,1986.5,23.0,282.2,0.63,0.344,43.1,MEDIUM,151,CONDITIONAL_REVIEW_REQUIRED,Monitor and apply mitigation,Synthetic parcel risk score from supplied demo dataset; not an official cadastral/hazard determination,SYNTHETIC_DEMO_NOT_OFFICIAL,SYNTHETIC_DEMO_POLYGON_NOT_OFFICIAL,DO_NOT_USE_AS_LEGAL_BOUNDARY,SYNTHETIC_DEMO_ONLY,NO,YES,NO
DEMO-02-0142,Kuppadithara,Wayanad,Vythiri,DEMO-02-19,DEMO-02/259,6,5873.3,0.5873,Agriculture,11.6352226,76.0247004,757.2,3.3,194.8,298.6,1.02,0.588,0.326,1362.6,1127.9,897.8,0.117,0.695,44.3,MEDIUM,170,CONDITIONAL_REVIEW_REQUIRED,Monitor and apply mitigation,Synthetic parcel risk score from supplied demo dataset; not an official cadastral/hazard determination,SYNTHETIC_DEMO_NOT_OFFICIAL,SYNTHETIC_DEMO_POLYGON_NOT_OFFICIAL,DO_NOT_USE_AS_LEGAL_BOUNDARY,SYNTHETIC_DEMO_ONLY,NO,YES,NO
DEMO-02-0143,Kuppadithara,Wayanad,Vythiri,DEMO-02-17,DEMO-02/715,9,767.1,0.0767,Mixed,11.6348885,76.0257359,656.4,24.9,180.1,538.4,1.06,0.598,0.594,1109.3,1037.9,478.0,0.251,0.882,58.2,HIGH,246,NOT_RECOMMENDED_UNDER_DEMO_MODEL,High caution / prioritize mitigation,Synthetic parcel risk score from supplied demo dataset; not an official cadastral/hazard determination,SYNTHETIC_DEMO_NOT_OFFICIAL,SYNTHETIC_DEMO_POLYGON_NOT_OFFICIAL,DO_NOT_USE_AS_LEGAL_BOUNDARY,SYNTHETIC_DEMO_ONLY,NO,YES,NO
DEMO-02-0144,Kuppadithara,Wayanad,Vythiri,DEMO-02-08,DEMO-02/598,7,7493.5,0.7494,Agriculture,11.6349451,76.0269282,890.5,19.8,113.8,365.0,1.04,0.823,0.394,2103.7,518.0,634.9,0.163,0.414,47.1,MEDIUM,207,CONDITIONAL_REVIEW_REQUIRED,Monitor and apply mitigation,Synthetic parcel risk score from supplied demo dataset; not an official cadastral/hazard determination,SYNTHETIC_DEMO_NOT_OFFICIAL,SYNTHETIC_DEMO_POLYGON_NOT_OFFICIAL,DO_NOT_USE_AS_LEGAL_BOUNDARY,SYNTHETIC_DEMO_ONLY,NO,YES,NO
DEMO-02-0145,Kuppadithara,Wayanad,Vythiri,DEMO-02-15,DEMO-02/844,4,2372.8,0.2373,Plantation,11.6352249,76.0281718,939.5,19.6,202.1,371.6,0.0,0.07,0.513,1371.1,262.7,1171.3,0.093,0.795,41.6,MEDIUM,132,CONDITIONAL_REVIEW_REQUIRED,Monitor and apply mitigation,Synthetic parcel risk score from supplied demo dataset; not an official cadastral/hazard determination,SYNTHETIC_DEMO_NOT_OFFICIAL,SYNTHETIC_DEMO_POLYGON_NOT_OFFICIAL,DO_NOT_USE_AS_LEGAL_BOUNDARY,SYNTHETIC_DEMO_ONLY,NO,YES,NO
DEMO-02-0146,Kuppadithara,Wayanad,Vythiri,DEMO-02-17,DEMO-02/98,3,6414.0,0.6414,Residential,11.6348228,76.0293379,689.0,20.0,196.4,240.8,0.32,0.399,0.454,2171.2,859.3,282.9,0.512,0.576,45.4,MEDIUM,186,CONDITIONAL_REVIEW_REQUIRED,Monitor and apply mitigation,Synthetic parcel risk score from supplied demo dataset; not an official cadastral/hazard determination,SYNTHETIC_DEMO_NOT_OFFICIAL,SYNTHETIC_DEMO_POLYGON_NOT_OFFICIAL,DO_NOT_USE_AS_LEGAL_BOUNDARY,SYNTHETIC_DEMO_ONLY,NO,YES,NO
DEMO-02-0147,Kuppadithara,Wayanad,Vythiri,DEMO-02-01,DEMO-02/542,7,7694.3,0.7694,Residential,11.6352055,76.0302439,1005.3,18.9,50.8,530.7,0.45,0.611,0.341,2383.2,321.2,208.7,0.642,0.372,35.0,MEDIUM,58,CONDITIONAL_REVIEW_REQUIRED,Monitor and apply mitigation,Synthetic parcel risk score from supplied demo dataset; not an official cadastral/hazard determination,SYNTHETIC_DEMO_NOT_OFFICIAL,SYNTHETIC_DEMO_POLYGON_NOT_OFFICIAL,DO_NOT_USE_AS_LEGAL_BOUNDARY,SYNTHETIC_DEMO_ONLY,NO,YES,NO
DEMO-02-0148,Kuppadithara,Wayanad,Vythiri,DEMO-02-06,DEMO-02/199,8,5944.5,0.5944,Forest-fringe,11.6349874,76.0317636,925.6,11.9,106.1,259.4,0.68,0.633,0.396,365.0,1119.0,488.1,0.098,0.458,41.9,MEDIUM,138,CONDITIONAL_REVIEW_REQUIRED,Monitor and apply mitigation,Synthetic parcel risk score from supplied demo dataset; not an official cadastral/hazard determination,SYNTHETIC_DEMO_NOT_OFFICIAL,SYNTHETIC_DEMO_POLYGON_NOT_OFFICIAL,DO_NOT_USE_AS_LEGAL_BOUNDARY,SYNTHETIC_DEMO_ONLY,NO,YES,NO
DEMO-02-0149,Kuppadithara,Wayanad,Vythiri,DEMO-02-11,DEMO-02/365,2,2864.2,0.2864,Residential,11.6349268,76.0324259,958.4,16.0,37.3,417.5,0.59,0.226,0.424,682.1,877.5,620.6,0.255,0.314,34.0,MEDIUM,50,CONDITIONAL_REVIEW_REQUIRED,Monitor and apply mitigation,Synthetic parcel risk score from supplied demo dataset; not an official cadastral/hazard determination,SYNTHETIC_DEMO_NOT_OFFICIAL,SYNTHETIC_DEMO_POLYGON_NOT_OFFICIAL,DO_NOT_USE_AS_LEGAL_BOUNDARY,SYNTHETIC_DEMO_ONLY,NO,YES,NO
DEMO-02-0150,Kuppadithara,Wayanad,Vythiri,DEMO-02-19,DEMO-02/107,7,2988.5,0.2988,Mixed,11.6349434,76.0338973,1001.8,16.3,194.9,455.5,0.08,0.147,0.289,1178.8,302.2,1482.5,0.214,0.85,37.4,MEDIUM,81,CONDITIONAL_REVIEW_REQUIRED,Monitor and apply mitigation,Synthetic parcel risk score from supplied demo dataset; not an official cadastral/hazard determination,SYNTHETIC_DEMO_NOT_OFFICIAL,SYNTHETIC_DEMO_POLYGON_NOT_OFFICIAL,DO_NOT_USE_AS_LEGAL_BOUNDARY,SYNTHETIC_DEMO_ONLY,NO,YES,NO
DEMO-02-0151,Kuppadithara,Wayanad,Vythiri,DEMO-02-20,DEMO-02/903,9,2727.7,0.2728,Forest-fringe,11.6360277,76.0062328,728.9,21.3,183.0,487.4,0.21,0.068,0.503,1522.7,133.9,1341.9,0.068,0.872,43.3,MEDIUM,158,CONDITIONAL_REVIEW_REQUIRED,Monitor and apply mitigation,Synthetic parcel risk score from supplied demo dataset; not an official cadastral/hazard determination,SYNTHETIC_DEMO_NOT_OFFICIAL,SYNTHETIC_DEMO_POLYGON_NOT_OFFICIAL,DO_NOT_USE_AS_LEGAL_BOUNDARY,SYNTHETIC_DEMO_ONLY,NO,YES,NO
DEMO-02-0152,Kuppadithara,Wayanad,Vythiri,DEMO-02-01,DEMO-02/564,7,2705.7,0.2706,Agriculture,11.6364736,76.0073106,679.1,20.6,57.1,390.5,0.49,0.456,0.442,742.4,65.9,1496.9,0.343,0.587,44.5,MEDIUM,174,CONDITIONAL_REVIEW_REQUIRED,Monitor and apply mitigation,Synthetic parcel risk score from supplied demo dataset; not an official cadastral/hazard determination,SYNTHETIC_DEMO_NOT_OFFICIAL,SYNTHETIC_DEMO_POLYGON_NOT_OFFICIAL,DO_NOT_USE_AS_LEGAL_BOUNDARY,SYNTHETIC_DEMO_ONLY,NO,YES,NO
DEMO-02-0153,Kuppadithara,Wayanad,Vythiri,DEMO-02-02,DEMO-02/732,1,4957.6,0.4958,Agriculture,11.6363945,76.0087623,841.0,19.9,194.6,116.1,0.23,0.163,0.44,1046.7,116.2,1213.0,0.065,0.772,43.2,MEDIUM,154,CONDITIONAL_REVIEW_REQUIRED,Monitor and apply mitigation,Synthetic parcel risk score from supplied demo dataset; not an official cadastral/hazard determination,SYNTHETIC_DEMO_NOT_OFFICIAL,SYNTHETIC_DEMO_POLYGON_NOT_OFFICIAL,DO_NOT_USE_AS_LEGAL_BOUNDARY,SYNTHETIC_DEMO_ONLY,NO,YES,NO
DEMO-02-0154,Kuppadithara,Wayanad,Vythiri,DEMO-02-16,DEMO-02/965,6,747.7,0.0748,Forest-fringe,11.6360674,76.0096731,744.3,6.9,204.8,217.8,1.18,0.812,0.363,2162.0,615.9,746.2,0.06,0.58,48.8,MEDIUM,214,CONDITIONAL_REVIEW_REQUIRED,Monitor and apply mitigation,Synthetic parcel risk score from supplied demo dataset; not an official cadastral/hazard determination,SYNTHETIC_DEMO_NOT_OFFICIAL,SYNTHETIC_DEMO_POLYGON_NOT_OFFICIAL,DO_NOT_USE_AS_LEGAL_BOUNDARY,SYNTHETIC_DEMO_ONLY,NO,YES,NO
DEMO-02-0155,Kuppadithara,Wayanad,Vythiri,DEMO-02-08,DEMO-02/559,9,7388.8,0.7389,Residential,11.6362791,76.0106711,810.1,10.5,161.3,143.4,0.98,0.431,0.266,1774.3,390.1,1692.9,0.191,0.272,42.4,MEDIUM,143,CONDITIONAL_REVIEW_REQUIRED,Monitor and apply mitigation,Synthetic parcel risk score from supplied demo dataset; not an official cadastral/hazard determination,SYNTHETIC_DEMO_NOT_OFFICIAL,SYNTHETIC_DEMO_POLYGON_NOT_OFFICIAL,DO_NOT_USE_AS_LEGAL_BOUNDARY,SYNTHETIC_DEMO_ONLY,NO,YES,NO
DEMO-02-0156,Kuppadithara,Wayanad,Vythiri,DEMO-02-07,DEMO-02/552,4,4012.7,0.4013,Agriculture,11.6361231,76.0118641,910.3,20.8,195.8,389.5,0.53,0.538,0.461,191.2,500.5,1220.8,0.634,0.335,54.8,HIGH,241,NOT_RECOMMENDED_UNDER_DEMO_MODEL,High caution / prioritize mitigation,Synthetic parcel risk score from supplied demo dataset; not an official cadastral/hazard determination,SYNTHETIC_DEMO_NOT_OFFICIAL,SYNTHETIC_DEMO_POLYGON_NOT_OFFICIAL,DO_NOT_USE_AS_LEGAL_BOUNDARY,SYNTHETIC_DEMO_ONLY,NO,YES,NO
DEMO-02-0157,Kuppadithara,Wayanad,Vythiri,DEMO-02-13,DEMO-02/27,9,1886.1,0.1886,Residential,11.6363579,76.0132377,701.9,17.1,159.1,152.6,0.0,0.038,0.357,1615.1,132.3,1429.3,0.539,0.442,37.6,MEDIUM,86,CONDITIONAL_REVIEW_REQUIRED,Monitor and apply mitigation,Synthetic parcel risk score from supplied demo dataset; not an official cadastral/hazard determination,SYNTHETIC_DEMO_NOT_OFFICIAL,SYNTHETIC_DEMO_POLYGON_NOT_OFFICIAL,DO_NOT_USE_AS_LEGAL_BOUNDARY,SYNTHETIC_DEMO_ONLY,NO,YES,NO
DEMO-02-0158,Kuppadithara,Wayanad,Vythiri,DEMO-02-01,DEMO-02/318,1,5074.5,0.5074,Mixed,11.6359951,76.0140204,838.2,12.7,39.2,387.0,0.61,0.543,0.218,1266.3,71.5,918.0,0.225,0.898,32.7,MEDIUM,40,CONDITIONAL_REVIEW_REQUIRED,Monitor and apply mitigation,Synthetic parcel risk score from supplied demo dataset; not an official cadastral/hazard determination,SYNTHETIC_DEMO_NOT_OFFICIAL,SYNTHETIC_DEMO_POLYGON_NOT_OFFICIAL,DO_NOT_USE_AS_LEGAL_BOUNDARY,SYNTHETIC_DEMO_ONLY,NO,YES,NO
DEMO-02-0159,Kuppadithara,Wayanad,Vythiri,DEMO-02-20,DEMO-02/571,1,7344.4,0.7344,Plantation,11.6364299,76.0155664,722.1,14.6,110.3,142.9,0.61,0.349,0.321,574.9,1098.3,533.1,0.311,0.362,38.9,MEDIUM,100,CONDITIONAL_REVIEW_REQUIRED,Monitor and apply mitigation,Synthetic parcel risk score from supplied demo dataset; not an official cadastral/hazard determination,SYNTHETIC_DEMO_NOT_OFFICIAL,SYNTHETIC_DEMO_POLYGON_NOT_OFFICIAL,DO_NOT_USE_AS_LEGAL_BOUNDARY,SYNTHETIC_DEMO_ONLY,NO,YES,NO
DEMO-02-0160,Kuppadithara,Wayanad,Vythiri,DEMO-02-16,DEMO-02/149,8,6822.1,0.6822,Agriculture,11.636364,76.0167841,929.4,3.2,67.8,521.5,0.48,0.666,0.184,661.8,1006.2,289.0,0.153,0.425,29.8,MEDIUM,21,CONDITIONAL_REVIEW_REQUIRED,Monitor and apply mitigation,Synthetic parcel risk score from supplied demo dataset; not an official cadastral/hazard determination,SYNTHETIC_DEMO_NOT_OFFICIAL,SYNTHETIC_DEMO_POLYGON_NOT_OFFICIAL,DO_NOT_USE_AS_LEGAL_BOUNDARY,SYNTHETIC_DEMO_ONLY,NO,YES,NO
DEMO-02-0161,Kuppadithara,Wayanad,Vythiri,DEMO-02-05,DEMO-02/247,7,6772.4,0.6772,Residential,11.6363761,76.0178898,900.0,20.1,217.7,447.7,0.92,0.785,0.476,1441.7,721.4,1428.6,0.568,0.754,59.8,HIGH,248,NOT_RECOMMENDED_UNDER_DEMO_MODEL,High caution / prioritize mitigation,Synthetic parcel risk score from supplied demo dataset; not an official cadastral/hazard determination,SYNTHETIC_DEMO_NOT_OFFICIAL,SYNTHETIC_DEMO_POLYGON_NOT_OFFICIAL,DO_NOT_USE_AS_LEGAL_BOUNDARY,SYNTHETIC_DEMO_ONLY,NO,YES,NO
DEMO-02-0162,Kuppadithara,Wayanad,Vythiri,DEMO-02-17,DEMO-02/521,4,7088.3,0.7088,Plantation,11.6362109,76.018913,915.1,25.0,86.1,119.8,0.34,0.251,0.558,946.0,215.7,1788.8,0.375,0.296,46.1,MEDIUM,193,CONDITIONAL_REVIEW_REQUIRED,Monitor and apply mitigation,Synthetic parcel risk score from supplied demo dataset; not an official cadastral/hazard determination,SYNTHETIC_DEMO_NOT_OFFICIAL,SYNTHETIC_DEMO_POLYGON_NOT_OFFICIAL,DO_NOT_USE_AS_LEGAL_BOUNDARY,SYNTHETIC_DEMO_ONLY,NO,YES,NO
DEMO-02-0163,Kuppadithara,Wayanad,Vythiri,DEMO-02-17,DEMO-02/512,1,2786.1,0.2786,Mixed,11.6360101,76.0198097,727.5,6.4,101.7,552.4,0.77,0.628,0.333,1906.4,741.9,344.4,0.095,0.868,36.4,MEDIUM,70,CONDITIONAL_REVIEW_REQUIRED,Monitor and apply mitigation,Synthetic parcel risk score from supplied demo dataset; not an official cadastral/hazard determination,SYNTHETIC_DEMO_NOT_OFFICIAL,SYNTHETIC_DEMO_POLYGON_NOT_OFFICIAL,DO_NOT_USE_AS_LEGAL_BOUNDARY,SYNTHETIC_DEMO_ONLY,NO,YES,NO
DEMO-02-0164,Kuppadithara,Wayanad,Vythiri,DEMO-02-12,DEMO-02/25,7,3640.8,0.3641,Plantation,11.6363025,76.0212374,745.3,7.9,197.4,531.0,0.67,0.414,0.394,2336.6,394.7,1490.4,0.104,0.397,43.2,MEDIUM,154,CONDITIONAL_REVIEW_REQUIRED,Monitor and apply mitigation,Synthetic parcel risk score from supplied demo dataset; not an official cadastral/hazard determination,SYNTHETIC_DEMO_NOT_OFFICIAL,SYNTHETIC_DEMO_POLYGON_NOT_OFFICIAL,DO_NOT_USE_AS_LEGAL_BOUNDARY,SYNTHETIC_DEMO_ONLY,NO,YES,NO
DEMO-02-0165,Kuppadithara,Wayanad,Vythiri,DEMO-02-12,DEMO-02/309,2,4741.3,0.4741,Agriculture,11.6363991,76.0222274,789.9,22.7,110.9,294.2,0.48,0.588,0.574,695.4,977.8,191.9,0.522,0.534,49.7,MEDIUM,221,CONDITIONAL_REVIEW_REQUIRED,Monitor and apply mitigation,Synthetic parcel risk score from supplied demo dataset; not an official cadastral/hazard determination,SYNTHETIC_DEMO_NOT_OFFICIAL,SYNTHETIC_DEMO_POLYGON_NOT_OFFICIAL,DO_NOT_USE_AS_LEGAL_BOUNDARY,SYNTHETIC_DEMO_ONLY,NO,YES,NO
DEMO-02-0166,Kuppadithara,Wayanad,Vythiri,DEMO-02-14,DEMO-02/872,5,5838.7,0.5839,Agriculture,11.6360456,76.0236872,988.9,11.2,67.9,236.8,0.4,0.581,0.209,591.2,135.4,1389.2,0.211,0.801,34.9,MEDIUM,56,CONDITIONAL_REVIEW_REQUIRED,Monitor and apply mitigation,Synthetic parcel risk score from supplied demo dataset; not an official cadastral/hazard determination,SYNTHETIC_DEMO_NOT_OFFICIAL,SYNTHETIC_DEMO_POLYGON_NOT_OFFICIAL,DO_NOT_USE_AS_LEGAL_BOUNDARY,SYNTHETIC_DEMO_ONLY,NO,YES,NO
DEMO-02-0167,Kuppadithara,Wayanad,Vythiri,DEMO-02-06,DEMO-02/103,6,7861.4,0.7861,Plantation,11.6361806,76.0248012,800.3,18.2,36.7,371.2,0.54,0.272,0.476,2106.2,632.6,744.5,0.536,0.714,36.2,MEDIUM,68,CONDITIONAL_REVIEW_REQUIRED,Monitor and apply mitigation,Synthetic parcel risk score from supplied demo dataset; not an official cadastral/hazard determination,SYNTHETIC_DEMO_NOT_OFFICIAL,SYNTHETIC_DEMO_POLYGON_NOT_OFFICIAL,DO_NOT_USE_AS_LEGAL_BOUNDARY,SYNTHETIC_DEMO_ONLY,NO,YES,NO
DEMO-02-0168,Kuppadithara,Wayanad,Vythiri,DEMO-02-04,DEMO-02/148,8,1520.1,0.152,Plantation,11.636419,76.0257837,990.9,18.5,169.7,185.2,0.39,0.632,0.411,702.1,1040.8,435.4,0.037,0.393,45.2,MEDIUM,185,CONDITIONAL_REVIEW_REQUIRED,Monitor and apply mitigation,Synthetic parcel risk score from supplied demo dataset; not an official cadastral/hazard determination,SYNTHETIC_DEMO_NOT_OFFICIAL,SYNTHETIC_DEMO_POLYGON_NOT_OFFICIAL,DO_NOT_USE_AS_LEGAL_BOUNDARY,SYNTHETIC_DEMO_ONLY,NO,YES,NO
DEMO-02-0169,Kuppadithara,Wayanad,Vythiri,DEMO-02-05,DEMO-02/583,3,7429.9,0.743,Residential,11.6365153,76.026879,725.8,22.4,169.8,510.0,0.65,0.446,0.393,1123.9,558.7,1625.1,0.579,0.462,51.8,HIGH,231,NOT_RECOMMENDED_UNDER_DEMO_MODEL,High caution / prioritize mitigation,Synthetic parcel risk score from supplied demo dataset; not an official cadastral/hazard determination,SYNTHETIC_DEMO_NOT_OFFICIAL,SYNTHETIC_DEMO_POLYGON_NOT_OFFICIAL,DO_NOT_USE_AS_LEGAL_BOUNDARY,SYNTHETIC_DEMO_ONLY,NO,YES,NO
DEMO-02-0170,Kuppadithara,Wayanad,Vythiri,DEMO-02-08,DEMO-02/817,2,3680.3,0.368,Forest-fringe,11.6360622,76.0282214,930.0,20.2,161.4,602.7,0.23,0.384,0.409,1004.1,1023.1,892.2,0.067,0.547,42.2,MEDIUM,141,CONDITIONAL_REVIEW_REQUIRED,Monitor and apply mitigation,Synthetic parcel risk score from supplied demo dataset; not an official cadastral/hazard determination,SYNTHETIC_DEMO_NOT_OFFICIAL,SYNTHETIC_DEMO_POLYGON_NOT_OFFICIAL,DO_NOT_USE_AS_LEGAL_BOUNDARY,SYNTHETIC_DEMO_ONLY,NO,YES,NO
DEMO-02-0171,Kuppadithara,Wayanad,Vythiri,DEMO-02-19,DEMO-02/184,8,3871.9,0.3872,Forest-fringe,11.6361664,76.0291154,886.4,21.6,178.3,574.5,0.87,0.792,0.608,68.8,265.4,506.6,0.371,0.644,60.2,HIGH,250,NOT_RECOMMENDED_UNDER_DEMO_MODEL,High caution / prioritize mitigation,Synthetic parcel risk score from supplied demo dataset; not an official cadastral/hazard determination,SYNTHETIC_DEMO_NOT_OFFICIAL,SYNTHETIC_DEMO_POLYGON_NOT_OFFICIAL,DO_NOT_USE_AS_LEGAL_BOUNDARY,SYNTHETIC_DEMO_ONLY,NO,YES,NO
DEMO-02-0172,Kuppadithara,Wayanad,Vythiri,DEMO-02-04,DEMO-02/435,8,1590.8,0.1591,Agriculture,11.636055,76.0304789,685.7,13.2,107.4,129.8,0.65,0.247,0.486,1818.2,724.4,320.0,0.111,0.586,37.4,MEDIUM,81,CONDITIONAL_REVIEW_REQUIRED,Monitor and apply mitigation,Synthetic parcel risk score from supplied demo dataset; not an official cadastral/hazard determination,SYNTHETIC_DEMO_NOT_OFFICIAL,SYNTHETIC_DEMO_POLYGON_NOT_OFFICIAL,DO_NOT_USE_AS_LEGAL_BOUNDARY,SYNTHETIC_DEMO_ONLY,NO,YES,NO
DEMO-02-0173,Kuppadithara,Wayanad,Vythiri,DEMO-02-11,DEMO-02/172,2,2917.1,0.2917,Residential,11.636211,76.0312436,747.7,21.6,79.4,148.6,0.1,0.178,0.539,977.9,106.8,284.0,0.524,0.775,38.8,MEDIUM,99,CONDITIONAL_REVIEW_REQUIRED,Monitor and apply mitigation,Synthetic parcel risk score from supplied demo dataset; not an official cadastral/hazard determination,SYNTHETIC_DEMO_NOT_OFFICIAL,SYNTHETIC_DEMO_POLYGON_NOT_OFFICIAL,DO_NOT_USE_AS_LEGAL_BOUNDARY,SYNTHETIC_DEMO_ONLY,NO,YES,NO
DEMO-02-0174,Kuppadithara,Wayanad,Vythiri,DEMO-02-07,DEMO-02/807,7,7995.7,0.7996,Residential,11.6362013,76.0324509,805.5,2.7,209.4,303.0,0.06,0.394,0.28,994.8,517.3,1210.5,0.032,0.616,36.8,MEDIUM,75,CONDITIONAL_REVIEW_REQUIRED,Monitor and apply mitigation,Synthetic parcel risk score from supplied demo dataset; not an official cadastral/hazard determination,SYNTHETIC_DEMO_NOT_OFFICIAL,SYNTHETIC_DEMO_POLYGON_NOT_OFFICIAL,DO_NOT_USE_AS_LEGAL_BOUNDARY,SYNTHETIC_DEMO_ONLY,NO,YES,NO
DEMO-02-0175,Kuppadithara,Wayanad,Vythiri,DEMO-02-11,DEMO-02/466,9,4579.1,0.4579,Agriculture,11.6362981,76.0338433,832.9,15.4,83.4,224.7,0.47,0.636,0.29,2391.9,1134.6,1422.7,0.497,0.285,39.1,MEDIUM,103,CONDITIONAL_REVIEW_REQUIRED,Monitor and apply mitigation,Synthetic parcel risk score from supplied demo dataset; not an official cadastral/hazard determination,SYNTHETIC_DEMO_NOT_OFFICIAL,SYNTHETIC_DEMO_POLYGON_NOT_OFFICIAL,DO_NOT_USE_AS_LEGAL_BOUNDARY,SYNTHETIC_DEMO_ONLY,NO,YES,NO
DEMO-02-0176,Kuppadithara,Wayanad,Vythiri,DEMO-02-16,DEMO-02/375,8,3641.3,0.3641,Residential,11.6377247,76.0061214,1032.6,6.4,75.6,337.9,0.21,0.216,0.348,2083.4,97.5,293.3,0.313,0.327,25.0,MEDIUM,7,CONDITIONAL_REVIEW_REQUIRED,Monitor and apply mitigation,Synthetic parcel risk score from supplied demo dataset; not an official cadastral/hazard determination,SYNTHETIC_DEMO_NOT_OFFICIAL,SYNTHETIC_DEMO_POLYGON_NOT_OFFICIAL,DO_NOT_USE_AS_LEGAL_BOUNDARY,SYNTHETIC_DEMO_ONLY,NO,YES,NO
DEMO-02-0177,Kuppadithara,Wayanad,Vythiri,DEMO-02-04,DEMO-02/670,1,5585.5,0.5586,Residential,11.6371839,76.0073733,1031.7,13.7,199.3,290.9,0.81,0.754,0.234,2300.1,1054.1,1655.7,0.339,0.646,46.6,MEDIUM,197,CONDITIONAL_REVIEW_REQUIRED,Monitor and apply mitigation,Synthetic parcel risk score from supplied demo dataset; not an official cadastral/hazard determination,SYNTHETIC_DEMO_NOT_OFFICIAL,SYNTHETIC_DEMO_POLYGON_NOT_OFFICIAL,DO_NOT_USE_AS_LEGAL_BOUNDARY,SYNTHETIC_DEMO_ONLY,NO,YES,NO
DEMO-02-0178,Kuppadithara,Wayanad,Vythiri,DEMO-02-08,DEMO-02/457,8,7772.6,0.7773,Forest-fringe,11.6374614,76.0085328,659.2,17.8,204.2,238.4,0.78,0.543,0.368,207.4,661.4,373.3,0.555,0.646,52.1,HIGH,235,NOT_RECOMMENDED_UNDER_DEMO_MODEL,High caution / prioritize mitigation,Synthetic parcel risk score from supplied demo dataset; not an official cadastral/hazard determination,SYNTHETIC_DEMO_NOT_OFFICIAL,SYNTHETIC_DEMO_POLYGON_NOT_OFFICIAL,DO_NOT_USE_AS_LEGAL_BOUNDARY,SYNTHETIC_DEMO_ONLY,NO,YES,NO
DEMO-02-0179,Kuppadithara,Wayanad,Vythiri,DEMO-02-06,DEMO-02/197,8,3225.2,0.3225,Agriculture,11.6374718,76.0097226,751.9,7.2,157.7,263.7,0.0,0.067,0.156,1397.6,1115.5,523.5,0.607,0.899,27.3,MEDIUM,17,CONDITIONAL_REVIEW_REQUIRED,Monitor and apply mitigation,Synthetic parcel risk score from supplied demo dataset; not an official cadastral/hazard determination,SYNTHETIC_DEMO_NOT_OFFICIAL,SYNTHETIC_DEMO_POLYGON_NOT_OFFICIAL,DO_NOT_USE_AS_LEGAL_BOUNDARY,SYNTHETIC_DEMO_ONLY,NO,YES,NO
DEMO-02-0180,Kuppadithara,Wayanad,Vythiri,DEMO-02-19,DEMO-02/813,8,993.2,0.0993,Residential,11.6374681,76.0105931,796.9,9.5,219.9,524.7,0.94,0.594,0.365,1590.8,979.1,1562.6,0.382,0.857,51.0,HIGH,227,NOT_RECOMMENDED_UNDER_DEMO_MODEL,High caution / prioritize mitigation,Synthetic parcel risk score from supplied demo dataset; not an official cadastral/hazard determination,SYNTHETIC_DEMO_NOT_OFFICIAL,SYNTHETIC_DEMO_POLYGON_NOT_OFFICIAL,DO_NOT_USE_AS_LEGAL_BOUNDARY,SYNTHETIC_DEMO_ONLY,NO,YES,NO
DEMO-02-0181,Kuppadithara,Wayanad,Vythiri,DEMO-02-16,DEMO-02/879,1,4446.3,0.4446,Forest-fringe,11.6372669,76.0121342,719.7,14.9,178.9,516.5,0.13,0.248,0.288,2097.4,375.4,1636.4,0.436,0.499,39.1,MEDIUM,103,CONDITIONAL_REVIEW_REQUIRED,Monitor and apply mitigation,Synthetic parcel risk score from supplied demo dataset; not an official cadastral/hazard determination,SYNTHETIC_DEMO_NOT_OFFICIAL,SYNTHETIC_DEMO_POLYGON_NOT_OFFICIAL,DO_NOT_USE_AS_LEGAL_BOUNDARY,SYNTHETIC_DEMO_ONLY,NO,YES,NO
DEMO-02-0182,Kuppadithara,Wayanad,Vythiri,DEMO-02-15,DEMO-02/493,5,2310.5,0.231,Residential,11.6376213,76.0128871,991.5,10.7,214.2,335.8,0.74,0.474,0.391,1256.7,937.3,1585.7,0.292,0.747,48.1,MEDIUM,212,CONDITIONAL_REVIEW_REQUIRED,Monitor and apply mitigation,Synthetic parcel risk score from supplied demo dataset; not an official cadastral/hazard determination,SYNTHETIC_DEMO_NOT_OFFICIAL,SYNTHETIC_DEMO_POLYGON_NOT_OFFICIAL,DO_NOT_USE_AS_LEGAL_BOUNDARY,SYNTHETIC_DEMO_ONLY,NO,YES,NO
DEMO-02-0183,Kuppadithara,Wayanad,Vythiri,DEMO-02-12,DEMO-02/919,3,4004.7,0.4005,Mixed,11.6376945,76.0140836,771.5,11.6,131.1,199.0,0.0,0.375,0.238,1168.4,532.6,1181.6,0.485,0.613,35.2,MEDIUM,59,CONDITIONAL_REVIEW_REQUIRED,Monitor and apply mitigation,Synthetic parcel risk score from supplied demo dataset; not an official cadastral/hazard determination,SYNTHETIC_DEMO_NOT_OFFICIAL,SYNTHETIC_DEMO_POLYGON_NOT_OFFICIAL,DO_NOT_USE_AS_LEGAL_BOUNDARY,SYNTHETIC_DEMO_ONLY,NO,YES,NO
DEMO-02-0184,Kuppadithara,Wayanad,Vythiri,DEMO-02-18,DEMO-02/113,3,3850.8,0.3851,Agriculture,11.6377448,76.0152922,674.8,17.9,161.4,154.1,0.48,0.492,0.442,1698.8,140.4,1609.4,0.076,0.649,47.6,MEDIUM,211,CONDITIONAL_REVIEW_REQUIRED,Monitor and apply mitigation,Synthetic parcel risk score from supplied demo dataset; not an official cadastral/hazard determination,SYNTHETIC_DEMO_NOT_OFFICIAL,SYNTHETIC_DEMO_POLYGON_NOT_OFFICIAL,DO_NOT_USE_AS_LEGAL_BOUNDARY,SYNTHETIC_DEMO_ONLY,NO,YES,NO
DEMO-02-0185,Kuppadithara,Wayanad,Vythiri,DEMO-02-06,DEMO-02/124,2,4074.2,0.4074,Residential,11.6375941,76.0164734,824.0,6.6,74.1,380.8,0.07,0.388,0.377,2239.0,1188.3,1775.6,0.482,0.864,33.5,MEDIUM,46,CONDITIONAL_REVIEW_REQUIRED,Monitor and apply mitigation,Synthetic parcel risk score from supplied demo dataset; not an official cadastral/hazard determination,SYNTHETIC_DEMO_NOT_OFFICIAL,SYNTHETIC_DEMO_POLYGON_NOT_OFFICIAL,DO_NOT_USE_AS_LEGAL_BOUNDARY,SYNTHETIC_DEMO_ONLY,NO,YES,NO
DEMO-02-0186,Kuppadithara,Wayanad,Vythiri,DEMO-02-15,DEMO-02/941,1,7654.6,0.7655,Residential,11.6373338,76.0175568,862.7,16.0,128.0,506.6,0.04,0.235,0.428,1762.5,350.1,1574.3,0.147,0.339,37.5,MEDIUM,83,CONDITIONAL_REVIEW_REQUIRED,Monitor and apply mitigation,Synthetic parcel risk score from supplied demo dataset; not an official cadastral/hazard determination,SYNTHETIC_DEMO_NOT_OFFICIAL,SYNTHETIC_DEMO_POLYGON_NOT_OFFICIAL,DO_NOT_USE_AS_LEGAL_BOUNDARY,SYNTHETIC_DEMO_ONLY,NO,YES,NO
DEMO-02-0187,Kuppadithara,Wayanad,Vythiri,DEMO-02-13,DEMO-02/16,9,6988.0,0.6988,Plantation,11.6375747,76.018743,743.9,14.3,76.2,189.1,0.71,0.515,0.373,1304.2,1012.8,228.9,0.223,0.898,37.9,MEDIUM,89,CONDITIONAL_REVIEW_REQUIRED,Monitor and apply mitigation,Synthetic parcel risk score from supplied demo dataset; not an official cadastral/hazard determination,SYNTHETIC_DEMO_NOT_OFFICIAL,SYNTHETIC_DEMO_POLYGON_NOT_OFFICIAL,DO_NOT_USE_AS_LEGAL_BOUNDARY,SYNTHETIC_DEMO_ONLY,NO,YES,NO
DEMO-02-0188,Kuppadithara,Wayanad,Vythiri,DEMO-02-18,DEMO-02/119,8,6478.3,0.6478,Plantation,11.6374113,76.020179,690.3,16.8,103.5,453.6,0.33,0.441,0.273,244.4,412.1,1121.8,0.295,0.542,40.3,MEDIUM,117,CONDITIONAL_REVIEW_REQUIRED,Monitor and apply mitigation,Synthetic parcel risk score from supplied demo dataset; not an official cadastral/hazard determination,SYNTHETIC_DEMO_NOT_OFFICIAL,SYNTHETIC_DEMO_POLYGON_NOT_OFFICIAL,DO_NOT_USE_AS_LEGAL_BOUNDARY,SYNTHETIC_DEMO_ONLY,NO,YES,NO
DEMO-02-0189,Kuppadithara,Wayanad,Vythiri,DEMO-02-11,DEMO-02/730,8,508.2,0.0508,Plantation,11.6377197,76.0210708,982.5,18.5,59.1,519.1,0.88,0.478,0.345,1549.9,97.2,806.0,0.336,0.582,38.3,MEDIUM,93,CONDITIONAL_REVIEW_REQUIRED,Monitor and apply mitigation,Synthetic parcel risk score from supplied demo dataset; not an official cadastral/hazard determination,SYNTHETIC_DEMO_NOT_OFFICIAL,SYNTHETIC_DEMO_POLYGON_NOT_OFFICIAL,DO_NOT_USE_AS_LEGAL_BOUNDARY,SYNTHETIC_DEMO_ONLY,NO,YES,NO
DEMO-02-0190,Kuppadithara,Wayanad,Vythiri,DEMO-02-01,DEMO-02/340,8,4753.9,0.4754,Forest-fringe,11.6377372,76.0223352,679.2,19.0,206.2,346.2,0.54,0.363,0.522,638.6,683.8,854.8,0.268,0.512,51.8,HIGH,231,NOT_RECOMMENDED_UNDER_DEMO_MODEL,High caution / prioritize mitigation,Synthetic parcel risk score from supplied demo dataset; not an official cadastral/hazard determination,SYNTHETIC_DEMO_NOT_OFFICIAL,SYNTHETIC_DEMO_POLYGON_NOT_OFFICIAL,DO_NOT_USE_AS_LEGAL_BOUNDARY,SYNTHETIC_DEMO_ONLY,NO,YES,NO
DEMO-02-0191,Kuppadithara,Wayanad,Vythiri,DEMO-02-08,DEMO-02/221,3,4434.4,0.4434,Residential,11.6377316,76.0234189,898.1,14.9,159.2,158.6,0.53,0.468,0.409,2499.9,773.8,430.7,0.236,0.632,39.7,MEDIUM,110,CONDITIONAL_REVIEW_REQUIRED,Monitor and apply mitigation,Synthetic parcel risk score from supplied demo dataset; not an official cadastral/hazard determination,SYNTHETIC_DEMO_NOT_OFFICIAL,SYNTHETIC_DEMO_POLYGON_NOT_OFFICIAL,DO_NOT_USE_AS_LEGAL_BOUNDARY,SYNTHETIC_DEMO_ONLY,NO,YES,NO
DEMO-02-0192,Kuppadithara,Wayanad,Vythiri,DEMO-02-20,DEMO-02/479,4,2785.6,0.2786,Forest-fringe,11.6374884,76.024488,664.7,19.6,47.9,209.6,0.27,0.132,0.563,577.3,943.6,1559.7,0.35,0.726,41.6,MEDIUM,132,CONDITIONAL_REVIEW_REQUIRED,Monitor and apply mitigation,Synthetic parcel risk score from supplied demo dataset; not an official cadastral/hazard determination,SYNTHETIC_DEMO_NOT_OFFICIAL,SYNTHETIC_DEMO_POLYGON_NOT_OFFICIAL,DO_NOT_USE_AS_LEGAL_BOUNDARY,SYNTHETIC_DEMO_ONLY,NO,YES,NO
DEMO-02-0193,Kuppadithara,Wayanad,Vythiri,DEMO-02-16,DEMO-02/300,4,4598.9,0.4599,Agriculture,11.6377711,76.025708,1020.2,11.3,61.8,389.1,0.16,0.484,0.46,1355.4,72.9,636.7,0.195,0.497,34.0,MEDIUM,50,CONDITIONAL_REVIEW_REQUIRED,Monitor and apply mitigation,Synthetic parcel risk score from supplied demo dataset; not an official cadastral/hazard determination,SYNTHETIC_DEMO_NOT_OFFICIAL,SYNTHETIC_DEMO_POLYGON_NOT_OFFICIAL,DO_NOT_USE_AS_LEGAL_BOUNDARY,SYNTHETIC_DEMO_ONLY,NO,YES,NO
DEMO-02-0194,Kuppadithara,Wayanad,Vythiri,DEMO-02-17,DEMO-02/32,5,4728.5,0.4728,Forest-fringe,11.6373651,76.0266423,921.3,24.8,203.0,299.2,1.14,0.805,0.391,490.7,714.1,697.0,0.174,0.567,57.6,HIGH,244,NOT_RECOMMENDED_UNDER_DEMO_MODEL,High caution / prioritize mitigation,Synthetic parcel risk score from supplied demo dataset; not an official cadastral/hazard determination,SYNTHETIC_DEMO_NOT_OFFICIAL,SYNTHETIC_DEMO_POLYGON_NOT_OFFICIAL,DO_NOT_USE_AS_LEGAL_BOUNDARY,SYNTHETIC_DEMO_ONLY,NO,YES,NO
DEMO-02-0195,Kuppadithara,Wayanad,Vythiri,DEMO-02-08,DEMO-02/134,4,4326.6,0.4327,Agriculture,11.6374295,76.02827,1035.1,4.4,165.5,353.7,1.12,0.814,0.211,2365.5,665.4,1761.2,0.361,0.8,43.7,MEDIUM,163,CONDITIONAL_REVIEW_REQUIRED,Monitor and apply mitigation,Synthetic parcel risk score from supplied demo dataset; not an official cadastral/hazard determination,SYNTHETIC_DEMO_NOT_OFFICIAL,SYNTHETIC_DEMO_POLYGON_NOT_OFFICIAL,DO_NOT_USE_AS_LEGAL_BOUNDARY,SYNTHETIC_DEMO_ONLY,NO,YES,NO
DEMO-02-0196,Kuppadithara,Wayanad,Vythiri,DEMO-02-12,DEMO-02/396,7,1449.3,0.1449,Agriculture,11.6374361,76.0293882,707.4,20.8,129.0,318.2,0.16,0.292,0.439,2368.8,772.5,284.1,0.291,0.805,37.3,MEDIUM,79,CONDITIONAL_REVIEW_REQUIRED,Monitor and apply mitigation,Synthetic parcel risk score from supplied demo dataset; not an official cadastral/hazard determination,SYNTHETIC_DEMO_NOT_OFFICIAL,SYNTHETIC_DEMO_POLYGON_NOT_OFFICIAL,DO_NOT_USE_AS_LEGAL_BOUNDARY,SYNTHETIC_DEMO_ONLY,NO,YES,NO
DEMO-02-0197,Kuppadithara,Wayanad,Vythiri,DEMO-02-17,DEMO-02/970,1,4791.1,0.4791,Forest-fringe,11.6373143,76.0302235,758.5,16.2,196.0,447.7,0.0,0.255,0.481,471.9,1007.1,124.5,0.508,0.892,43.4,MEDIUM,161,CONDITIONAL_REVIEW_REQUIRED,Monitor and apply mitigation,Synthetic parcel risk score from supplied demo dataset; not an official cadastral/hazard determination,SYNTHETIC_DEMO_NOT_OFFICIAL,SYNTHETIC_DEMO_POLYGON_NOT_OFFICIAL,DO_NOT_USE_AS_LEGAL_BOUNDARY,SYNTHETIC_DEMO_ONLY,NO,YES,NO
DEMO-02-0198,Kuppadithara,Wayanad,Vythiri,DEMO-02-02,DEMO-02/665,4,7429.6,0.743,Mixed,11.6376092,76.0314867,972.4,11.0,148.1,566.3,0.27,0.415,0.429,605.5,652.7,361.4,0.432,0.421,40.0,MEDIUM,115,CONDITIONAL_REVIEW_REQUIRED,Monitor and apply mitigation,Synthetic parcel risk score from supplied demo dataset; not an official cadastral/hazard determination,SYNTHETIC_DEMO_NOT_OFFICIAL,SYNTHETIC_DEMO_POLYGON_NOT_OFFICIAL,DO_NOT_USE_AS_LEGAL_BOUNDARY,SYNTHETIC_DEMO_ONLY,NO,YES,NO
DEMO-02-0199,Kuppadithara,Wayanad,Vythiri,DEMO-02-14,DEMO-02/791,1,570.0,0.057,Residential,11.6376066,76.0324559,922.8,6.7,202.6,498.1,0.09,0.056,0.133,619.9,387.6,1421.3,0.61,0.478,32.8,MEDIUM,41,CONDITIONAL_REVIEW_REQUIRED,Monitor and apply mitigation,Synthetic parcel risk score from supplied demo dataset; not an official cadastral/hazard determination,SYNTHETIC_DEMO_NOT_OFFICIAL,SYNTHETIC_DEMO_POLYGON_NOT_OFFICIAL,DO_NOT_USE_AS_LEGAL_BOUNDARY,SYNTHETIC_DEMO_ONLY,NO,YES,NO
DEMO-02-0200,Kuppadithara,Wayanad,Vythiri,DEMO-02-07,DEMO-02/215,6,6832.6,0.6833,Agriculture,11.6375483,76.0335388,887.0,7.3,217.2,531.3,0.51,0.635,0.34,1322.1,366.7,611.0,0.556,0.251,45.5,MEDIUM,187,CONDITIONAL_REVIEW_REQUIRED,Monitor and apply mitigation,Synthetic parcel risk score from supplied demo dataset; not an official cadastral/hazard determination,SYNTHETIC_DEMO_NOT_OFFICIAL,SYNTHETIC_DEMO_POLYGON_NOT_OFFICIAL,DO_NOT_USE_AS_LEGAL_BOUNDARY,SYNTHETIC_DEMO_ONLY,NO,YES,NO
DEMO-02-0201,Kuppadithara,Wayanad,Vythiri,DEMO-02-02,DEMO-02/498,1,1040.0,0.104,Residential,11.6389359,76.006323,718.3,24.0,86.5,453.3,0.59,0.241,0.44,2106.5,41.3,453.7,0.386,0.871,39.0,MEDIUM,102,CONDITIONAL_REVIEW_REQUIRED,Monitor and apply mitigation,Synthetic parcel risk score from supplied demo dataset; not an official cadastral/hazard determination,SYNTHETIC_DEMO_NOT_OFFICIAL,SYNTHETIC_DEMO_POLYGON_NOT_OFFICIAL,DO_NOT_USE_AS_LEGAL_BOUNDARY,SYNTHETIC_DEMO_ONLY,NO,YES,NO
DEMO-02-0202,Kuppadithara,Wayanad,Vythiri,DEMO-02-11,DEMO-02/355,3,801.3,0.0801,Plantation,11.6386208,76.0070859,708.7,2.6,184.6,203.3,0.87,0.832,0.192,949.2,270.4,532.7,0.141,0.714,42.8,MEDIUM,147,CONDITIONAL_REVIEW_REQUIRED,Monitor and apply mitigation,Synthetic parcel risk score from supplied demo dataset; not an official cadastral/hazard determination,SYNTHETIC_DEMO_NOT_OFFICIAL,SYNTHETIC_DEMO_POLYGON_NOT_OFFICIAL,DO_NOT_USE_AS_LEGAL_BOUNDARY,SYNTHETIC_DEMO_ONLY,NO,YES,NO
DEMO-02-0203,Kuppadithara,Wayanad,Vythiri,DEMO-02-05,DEMO-02/752,2,1391.6,0.1392,Residential,11.6389004,76.0082526,856.5,18.0,146.2,353.2,0.78,0.564,0.38,1417.7,733.7,151.9,0.164,0.528,43.2,MEDIUM,154,CONDITIONAL_REVIEW_REQUIRED,Monitor and apply mitigation,Synthetic parcel risk score from supplied demo dataset; not an official cadastral/hazard determination,SYNTHETIC_DEMO_NOT_OFFICIAL,SYNTHETIC_DEMO_POLYGON_NOT_OFFICIAL,DO_NOT_USE_AS_LEGAL_BOUNDARY,SYNTHETIC_DEMO_ONLY,NO,YES,NO
DEMO-02-0204,Kuppadithara,Wayanad,Vythiri,DEMO-02-02,DEMO-02/958,3,7059.2,0.7059,Mixed,11.6388798,76.0098867,863.0,24.7,123.5,364.3,0.0,0.497,0.636,2449.8,1177.4,553.1,0.529,0.76,45.9,MEDIUM,191,CONDITIONAL_REVIEW_REQUIRED,Monitor and apply mitigation,Synthetic parcel risk score from supplied demo dataset; not an official cadastral/hazard determination,SYNTHETIC_DEMO_NOT_OFFICIAL,SYNTHETIC_DEMO_POLYGON_NOT_OFFICIAL,DO_NOT_USE_AS_LEGAL_BOUNDARY,SYNTHETIC_DEMO_ONLY,NO,YES,NO
DEMO-02-0205,Kuppadithara,Wayanad,Vythiri,DEMO-02-14,DEMO-02/382,2,1556.7,0.1557,Mixed,11.6384757,76.0106502,651.7,23.7,40.8,484.4,0.0,0.24,0.611,2350.9,583.1,1185.5,0.029,0.875,37.7,MEDIUM,87,CONDITIONAL_REVIEW_REQUIRED,Monitor and apply mitigation,Synthetic parcel risk score from supplied demo dataset; not an official cadastral/hazard determination,SYNTHETIC_DEMO_NOT_OFFICIAL,SYNTHETIC_DEMO_POLYGON_NOT_OFFICIAL,DO_NOT_USE_AS_LEGAL_BOUNDARY,SYNTHETIC_DEMO_ONLY,NO,YES,NO
DEMO-02-0206,Kuppadithara,Wayanad,Vythiri,DEMO-02-14,DEMO-02/993,4,5774.4,0.5774,Plantation,11.6388996,76.0119285,698.8,25.0,98.5,372.9,0.39,0.657,0.373,2397.9,562.2,678.4,0.598,0.407,44.1,MEDIUM,167,CONDITIONAL_REVIEW_REQUIRED,Monitor and apply mitigation,Synthetic parcel risk score from supplied demo dataset; not an official cadastral/hazard determination,SYNTHETIC_DEMO_NOT_OFFICIAL,SYNTHETIC_DEMO_POLYGON_NOT_OFFICIAL,DO_NOT_USE_AS_LEGAL_BOUNDARY,SYNTHETIC_DEMO_ONLY,NO,YES,NO
DEMO-02-0207,Kuppadithara,Wayanad,Vythiri,DEMO-02-11,DEMO-02/859,9,2093.8,0.2094,Agriculture,11.6387311,76.0133254,783.0,17.9,137.2,244.3,0.67,0.586,0.384,92.7,258.8,123.5,0.536,0.702,47.1,MEDIUM,207,CONDITIONAL_REVIEW_REQUIRED,Monitor and apply mitigation,Synthetic parcel risk score from supplied demo dataset; not an official cadastral/hazard determination,SYNTHETIC_DEMO_NOT_OFFICIAL,SYNTHETIC_DEMO_POLYGON_NOT_OFFICIAL,DO_NOT_USE_AS_LEGAL_BOUNDARY,SYNTHETIC_DEMO_ONLY,NO,YES,NO
DEMO-02-0208,Kuppadithara,Wayanad,Vythiri,DEMO-02-06,DEMO-02/129,9,4878.2,0.4878,Plantation,11.6389574,76.0140993,941.0,12.8,97.0,457.0,0.57,0.359,0.266,1484.9,372.7,548.1,0.321,0.448,32.9,MEDIUM,43,CONDITIONAL_REVIEW_REQUIRED,Monitor and apply mitigation,Synthetic parcel risk score from supplied demo dataset; not an official cadastral/hazard determination,SYNTHETIC_DEMO_NOT_OFFICIAL,SYNTHETIC_DEMO_POLYGON_NOT_OFFICIAL,DO_NOT_USE_AS_LEGAL_BOUNDARY,SYNTHETIC_DEMO_ONLY,NO,YES,NO
DEMO-02-0209,Kuppadithara,Wayanad,Vythiri,DEMO-02-16,DEMO-02/434,8,1066.7,0.1067,Residential,11.6386688,76.0153062,676.8,17.6,45.9,307.1,0.38,0.105,0.269,1696.4,347.5,1714.5,0.364,0.452,31.9,MEDIUM,33,CONDITIONAL_REVIEW_REQUIRED,Monitor and apply mitigation,Synthetic parcel risk score from supplied demo dataset; not an official cadastral/hazard determination,SYNTHETIC_DEMO_NOT_OFFICIAL,SYNTHETIC_DEMO_POLYGON_NOT_OFFICIAL,DO_NOT_USE_AS_LEGAL_BOUNDARY,SYNTHETIC_DEMO_ONLY,NO,YES,NO
DEMO-02-0210,Kuppadithara,Wayanad,Vythiri,DEMO-02-14,DEMO-02/364,9,1841.1,0.1841,Plantation,11.638826,76.0163039,820.9,24.2,91.5,164.9,0.0,0.106,0.5,1520.9,188.9,571.6,0.211,0.26,35.8,MEDIUM,64,CONDITIONAL_REVIEW_REQUIRED,Monitor and apply mitigation,Synthetic parcel risk score from supplied demo dataset; not an official cadastral/hazard determination,SYNTHETIC_DEMO_NOT_OFFICIAL,SYNTHETIC_DEMO_POLYGON_NOT_OFFICIAL,DO_NOT_USE_AS_LEGAL_BOUNDARY,SYNTHETIC_DEMO_ONLY,NO,YES,NO
DEMO-02-0211,Kuppadithara,Wayanad,Vythiri,DEMO-02-16,DEMO-02/810,2,3829.0,0.3829,Forest-fringe,11.6389128,76.0174559,743.3,6.6,173.0,502.0,0.43,0.459,0.351,998.2,733.3,1768.8,0.328,0.754,44.1,MEDIUM,167,CONDITIONAL_REVIEW_REQUIRED,Monitor and apply mitigation,Synthetic parcel risk score from supplied demo dataset; not an official cadastral/hazard determination,SYNTHETIC_DEMO_NOT_OFFICIAL,SYNTHETIC_DEMO_POLYGON_NOT_OFFICIAL,DO_NOT_USE_AS_LEGAL_BOUNDARY,SYNTHETIC_DEMO_ONLY,NO,YES,NO
DEMO-02-0212,Kuppadithara,Wayanad,Vythiri,DEMO-02-06,DEMO-02/902,4,5566.3,0.5566,Residential,11.6390005,76.0189636,742.7,16.3,192.3,137.7,0.12,0.233,0.248,1964.8,1198.0,1161.9,0.209,0.598,36.7,MEDIUM,74,CONDITIONAL_REVIEW_REQUIRED,Monitor and apply mitigation,Synthetic parcel risk score from supplied demo dataset; not an official cadastral/hazard determination,SYNTHETIC_DEMO_NOT_OFFICIAL,SYNTHETIC_DEMO_POLYGON_NOT_OFFICIAL,DO_NOT_USE_AS_LEGAL_BOUNDARY,SYNTHETIC_DEMO_ONLY,NO,YES,NO
DEMO-02-0213,Kuppadithara,Wayanad,Vythiri,DEMO-02-10,DEMO-02/728,9,3853.3,0.3853,Agriculture,11.6389564,76.0200861,1006.0,11.3,63.1,594.3,0.52,0.279,0.399,482.0,769.2,1751.7,0.305,0.435,37.5,MEDIUM,83,CONDITIONAL_REVIEW_REQUIRED,Monitor and apply mitigation,Synthetic parcel risk score from supplied demo dataset; not an official cadastral/hazard determination,SYNTHETIC_DEMO_NOT_OFFICIAL,SYNTHETIC_DEMO_POLYGON_NOT_OFFICIAL,DO_NOT_USE_AS_LEGAL_BOUNDARY,SYNTHETIC_DEMO_ONLY,NO,YES,NO
DEMO-02-0214,Kuppadithara,Wayanad,Vythiri,DEMO-02-13,DEMO-02/23,7,2416.3,0.2416,Forest-fringe,11.638636,76.0210873,947.7,13.2,150.0,538.2,0.26,0.607,0.417,540.6,190.2,1091.8,0.64,0.869,46.6,MEDIUM,197,CONDITIONAL_REVIEW_REQUIRED,Monitor and apply mitigation,Synthetic parcel risk score from supplied demo dataset; not an official cadastral/hazard determination,SYNTHETIC_DEMO_NOT_OFFICIAL,SYNTHETIC_DEMO_POLYGON_NOT_OFFICIAL,DO_NOT_USE_AS_LEGAL_BOUNDARY,SYNTHETIC_DEMO_ONLY,NO,YES,NO
DEMO-02-0215,Kuppadithara,Wayanad,Vythiri,DEMO-02-09,DEMO-02/391,6,7368.3,0.7368,Mixed,11.6385662,76.0224916,934.8,21.3,145.9,213.7,0.0,0.26,0.48,550.6,163.1,105.8,0.224,0.78,39.6,MEDIUM,108,CONDITIONAL_REVIEW_REQUIRED,Monitor and apply mitigation,Synthetic parcel risk score from supplied demo dataset; not an official cadastral/hazard determination,SYNTHETIC_DEMO_NOT_OFFICIAL,SYNTHETIC_DEMO_POLYGON_NOT_OFFICIAL,DO_NOT_USE_AS_LEGAL_BOUNDARY,SYNTHETIC_DEMO_ONLY,NO,YES,NO
DEMO-02-0216,Kuppadithara,Wayanad,Vythiri,DEMO-02-11,DEMO-02/797,3,5235.6,0.5236,Forest-fringe,11.6386052,76.0236263,753.6,20.9,101.3,132.0,0.43,0.264,0.363,803.6,802.0,122.8,0.143,0.867,36.6,MEDIUM,72,CONDITIONAL_REVIEW_REQUIRED,Monitor and apply mitigation,Synthetic parcel risk score from supplied demo dataset; not an official cadastral/hazard determination,SYNTHETIC_DEMO_NOT_OFFICIAL,SYNTHETIC_DEMO_POLYGON_NOT_OFFICIAL,DO_NOT_USE_AS_LEGAL_BOUNDARY,SYNTHETIC_DEMO_ONLY,NO,YES,NO
DEMO-02-0217,Kuppadithara,Wayanad,Vythiri,DEMO-02-06,DEMO-02/587,9,4206.1,0.4206,Forest-fringe,11.6389726,76.0246916,892.7,8.2,134.4,237.5,0.0,0.207,0.336,2193.1,418.1,1239.7,0.601,0.521,32.3,MEDIUM,36,CONDITIONAL_REVIEW_REQUIRED,Monitor and apply mitigation,Synthetic parcel risk score from supplied demo dataset; not an official cadastral/hazard determination,SYNTHETIC_DEMO_NOT_OFFICIAL,SYNTHETIC_DEMO_POLYGON_NOT_OFFICIAL,DO_NOT_USE_AS_LEGAL_BOUNDARY,SYNTHETIC_DEMO_ONLY,NO,YES,NO
DEMO-02-0218,Kuppadithara,Wayanad,Vythiri,DEMO-02-04,DEMO-02/398,1,3569.6,0.357,Forest-fringe,11.6388899,76.0258758,884.3,5.4,94.7,168.6,0.41,0.687,0.301,2319.6,84.7,1548.6,0.46,0.622,37.1,MEDIUM,78,CONDITIONAL_REVIEW_REQUIRED,Monitor and apply mitigation,Synthetic parcel risk score from supplied demo dataset; not an official cadastral/hazard determination,SYNTHETIC_DEMO_NOT_OFFICIAL,SYNTHETIC_DEMO_POLYGON_NOT_OFFICIAL,DO_NOT_USE_AS_LEGAL_BOUNDARY,SYNTHETIC_DEMO_ONLY,NO,YES,NO
DEMO-02-0219,Kuppadithara,Wayanad,Vythiri,DEMO-02-18,DEMO-02/289,8,823.8,0.0824,Forest-fringe,11.6387564,76.0270985,904.4,14.0,54.7,155.7,0.0,0.133,0.253,1825.6,1010.2,554.6,0.149,0.389,22.9,LOW,2,CANDIDATE_FOR_FURTHER_ASSESSMENT,Normal monitoring,Synthetic parcel risk score from supplied demo dataset; not an official cadastral/hazard determination,SYNTHETIC_DEMO_NOT_OFFICIAL,SYNTHETIC_DEMO_POLYGON_NOT_OFFICIAL,DO_NOT_USE_AS_LEGAL_BOUNDARY,SYNTHETIC_DEMO_ONLY,NO,YES,NO
DEMO-02-0220,Kuppadithara,Wayanad,Vythiri,DEMO-02-10,DEMO-02/357,1,6906.3,0.6906,Forest-fringe,11.6387433,76.0279618,1014.0,8.2,186.9,158.3,0.9,0.38,0.224,1183.0,877.4,570.2,0.029,0.463,36.8,MEDIUM,75,CONDITIONAL_REVIEW_REQUIRED,Monitor and apply mitigation,Synthetic parcel risk score from supplied demo dataset; not an official cadastral/hazard determination,SYNTHETIC_DEMO_NOT_OFFICIAL,SYNTHETIC_DEMO_POLYGON_NOT_OFFICIAL,DO_NOT_USE_AS_LEGAL_BOUNDARY,SYNTHETIC_DEMO_ONLY,NO,YES,NO
DEMO-02-0221,Kuppadithara,Wayanad,Vythiri,DEMO-02-11,DEMO-02/631,2,3610.0,0.361,Forest-fringe,11.6389001,76.0290629,819.5,23.2,92.4,303.2,0.97,0.846,0.541,2271.5,749.1,1288.3,0.105,0.29,52.4,HIGH,236,NOT_RECOMMENDED_UNDER_DEMO_MODEL,High caution / prioritize mitigation,Synthetic parcel risk score from supplied demo dataset; not an official cadastral/hazard determination,SYNTHETIC_DEMO_NOT_OFFICIAL,SYNTHETIC_DEMO_POLYGON_NOT_OFFICIAL,DO_NOT_USE_AS_LEGAL_BOUNDARY,SYNTHETIC_DEMO_ONLY,NO,YES,NO
DEMO-02-0222,Kuppadithara,Wayanad,Vythiri,DEMO-02-03,DEMO-02/680,7,6471.0,0.6471,Residential,11.6386691,76.0302933,836.2,18.6,217.7,248.8,0.87,0.112,0.34,738.8,785.2,745.8,0.611,0.252,46.3,MEDIUM,194,CONDITIONAL_REVIEW_REQUIRED,Monitor and apply mitigation,Synthetic parcel risk score from supplied demo dataset; not an official cadastral/hazard determination,SYNTHETIC_DEMO_NOT_OFFICIAL,SYNTHETIC_DEMO_POLYGON_NOT_OFFICIAL,DO_NOT_USE_AS_LEGAL_BOUNDARY,SYNTHETIC_DEMO_ONLY,NO,YES,NO
DEMO-02-0223,Kuppadithara,Wayanad,Vythiri,DEMO-02-06,DEMO-02/455,7,7212.5,0.7212,Mixed,11.6387194,76.0312851,909.0,13.7,53.2,200.5,0.22,0.231,0.354,643.6,104.2,1086.7,0.212,0.364,32.1,MEDIUM,34,CONDITIONAL_REVIEW_REQUIRED,Monitor and apply mitigation,Synthetic parcel risk score from supplied demo dataset; not an official cadastral/hazard determination,SYNTHETIC_DEMO_NOT_OFFICIAL,SYNTHETIC_DEMO_POLYGON_NOT_OFFICIAL,DO_NOT_USE_AS_LEGAL_BOUNDARY,SYNTHETIC_DEMO_ONLY,NO,YES,NO
DEMO-02-0224,Kuppadithara,Wayanad,Vythiri,DEMO-02-12,DEMO-02/55,3,2240.8,0.2241,Forest-fringe,11.638835,76.0325488,748.0,3.7,80.4,248.1,0.0,0.126,0.159,911.9,675.7,686.8,0.211,0.65,22.1,LOW,1,CANDIDATE_FOR_FURTHER_ASSESSMENT,Normal monitoring,Synthetic parcel risk score from supplied demo dataset; not an official cadastral/hazard determination,SYNTHETIC_DEMO_NOT_OFFICIAL,SYNTHETIC_DEMO_POLYGON_NOT_OFFICIAL,DO_NOT_USE_AS_LEGAL_BOUNDARY,SYNTHETIC_DEMO_ONLY,NO,YES,NO
DEMO-02-0225,Kuppadithara,Wayanad,Vythiri,DEMO-02-18,DEMO-02/505,1,554.1,0.0554,Mixed,11.6388914,76.0340669,720.0,20.0,55.6,267.7,0.39,0.535,0.47,168.1,591.8,437.6,0.041,0.837,41.7,MEDIUM,134,CONDITIONAL_REVIEW_REQUIRED,Monitor and apply mitigation,Synthetic parcel risk score from supplied demo dataset; not an official cadastral/hazard determination,SYNTHETIC_DEMO_NOT_OFFICIAL,SYNTHETIC_DEMO_POLYGON_NOT_OFFICIAL,DO_NOT_USE_AS_LEGAL_BOUNDARY,SYNTHETIC_DEMO_ONLY,NO,YES,NO
DEMO-02-0226,Kuppadithara,Wayanad,Vythiri,DEMO-02-13,DEMO-02/12,5,6302.1,0.6302,Forest-fringe,11.6401196,76.0061006,994.7,18.8,207.6,420.6,0.7,0.678,0.414,551.4,1054.9,1547.6,0.51,0.801,55.8,HIGH,243,NOT_RECOMMENDED_UNDER_DEMO_MODEL,High caution / prioritize mitigation,Synthetic parcel risk score from supplied demo dataset; not an official cadastral/hazard determination,SYNTHETIC_DEMO_NOT_OFFICIAL,SYNTHETIC_DEMO_POLYGON_NOT_OFFICIAL,DO_NOT_USE_AS_LEGAL_BOUNDARY,SYNTHETIC_DEMO_ONLY,NO,YES,NO
DEMO-02-0227,Kuppadithara,Wayanad,Vythiri,DEMO-02-05,DEMO-02/401,5,6690.9,0.6691,Mixed,11.6401409,76.0072171,1012.0,24.0,75.2,571.8,0.86,0.829,0.439,695.3,898.9,725.6,0.46,0.881,50.0,HIGH,223,NOT_RECOMMENDED_UNDER_DEMO_MODEL,High caution / prioritize mitigation,Synthetic parcel risk score from supplied demo dataset; not an official cadastral/hazard determination,SYNTHETIC_DEMO_NOT_OFFICIAL,SYNTHETIC_DEMO_POLYGON_NOT_OFFICIAL,DO_NOT_USE_AS_LEGAL_BOUNDARY,SYNTHETIC_DEMO_ONLY,NO,YES,NO
DEMO-02-0228,Kuppadithara,Wayanad,Vythiri,DEMO-02-02,DEMO-02/938,4,5637.3,0.5637,Forest-fringe,11.6400935,76.0085504,755.8,20.7,91.2,590.0,0.71,0.609,0.574,546.3,678.9,664.4,0.397,0.838,50.8,HIGH,226,NOT_RECOMMENDED_UNDER_DEMO_MODEL,High caution / prioritize mitigation,Synthetic parcel risk score from supplied demo dataset; not an official cadastral/hazard determination,SYNTHETIC_DEMO_NOT_OFFICIAL,SYNTHETIC_DEMO_POLYGON_NOT_OFFICIAL,DO_NOT_USE_AS_LEGAL_BOUNDARY,SYNTHETIC_DEMO_ONLY,NO,YES,NO
DEMO-02-0229,Kuppadithara,Wayanad,Vythiri,DEMO-02-04,DEMO-02/171,2,7312.6,0.7313,Forest-fringe,11.6402333,76.0094337,888.1,22.4,168.1,427.3,0.83,0.789,0.433,47.8,842.9,270.9,0.281,0.881,54.1,HIGH,239,NOT_RECOMMENDED_UNDER_DEMO_MODEL,High caution / prioritize mitigation,Synthetic parcel risk score from supplied demo dataset; not an official cadastral/hazard determination,SYNTHETIC_DEMO_NOT_OFFICIAL,SYNTHETIC_DEMO_POLYGON_NOT_OFFICIAL,DO_NOT_USE_AS_LEGAL_BOUNDARY,SYNTHETIC_DEMO_ONLY,NO,YES,NO
DEMO-02-0230,Kuppadithara,Wayanad,Vythiri,DEMO-02-19,DEMO-02/567,3,4638.3,0.4638,Residential,11.6398924,76.0108103,1038.7,9.9,143.2,159.9,0.48,0.444,0.385,1957.6,199.1,932.9,0.33,0.568,38.0,MEDIUM,90,CONDITIONAL_REVIEW_REQUIRED,Monitor and apply mitigation,Synthetic parcel risk score from supplied demo dataset; not an official cadastral/hazard determination,SYNTHETIC_DEMO_NOT_OFFICIAL,SYNTHETIC_DEMO_POLYGON_NOT_OFFICIAL,DO_NOT_USE_AS_LEGAL_BOUNDARY,SYNTHETIC_DEMO_ONLY,NO,YES,NO
DEMO-02-0231,Kuppadithara,Wayanad,Vythiri,DEMO-02-09,DEMO-02/156,2,2267.5,0.2268,Mixed,11.6400792,76.0119672,825.4,6.5,184.1,354.0,0.8,0.841,0.216,2157.9,346.6,690.3,0.618,0.651,43.8,MEDIUM,165,CONDITIONAL_REVIEW_REQUIRED,Monitor and apply mitigation,Synthetic parcel risk score from supplied demo dataset; not an official cadastral/hazard determination,SYNTHETIC_DEMO_NOT_OFFICIAL,SYNTHETIC_DEMO_POLYGON_NOT_OFFICIAL,DO_NOT_USE_AS_LEGAL_BOUNDARY,SYNTHETIC_DEMO_ONLY,NO,YES,NO
DEMO-02-0232,Kuppadithara,Wayanad,Vythiri,DEMO-02-09,DEMO-02/550,5,1464.0,0.1464,Forest-fringe,11.6400011,76.0132385,731.5,10.5,93.9,456.3,0.79,0.464,0.397,2046.0,655.7,1641.8,0.286,0.309,41.3,MEDIUM,129,CONDITIONAL_REVIEW_REQUIRED,Monitor and apply mitigation,Synthetic parcel risk score from supplied demo dataset; not an official cadastral/hazard determination,SYNTHETIC_DEMO_NOT_OFFICIAL,SYNTHETIC_DEMO_POLYGON_NOT_OFFICIAL,DO_NOT_USE_AS_LEGAL_BOUNDARY,SYNTHETIC_DEMO_ONLY,NO,YES,NO
DEMO-02-0233,Kuppadithara,Wayanad,Vythiri,DEMO-02-11,DEMO-02/37,2,6496.7,0.6497,Forest-fringe,11.6399531,76.0142136,761.2,22.3,140.5,557.6,0.06,0.536,0.363,1768.0,440.4,100.8,0.034,0.717,38.6,MEDIUM,95,CONDITIONAL_REVIEW_REQUIRED,Monitor and apply mitigation,Synthetic parcel risk score from supplied demo dataset; not an official cadastral/hazard determination,SYNTHETIC_DEMO_NOT_OFFICIAL,SYNTHETIC_DEMO_POLYGON_NOT_OFFICIAL,DO_NOT_USE_AS_LEGAL_BOUNDARY,SYNTHETIC_DEMO_ONLY,NO,YES,NO
DEMO-02-0234,Kuppadithara,Wayanad,Vythiri,DEMO-02-20,DEMO-02/595,7,5871.2,0.5871,Plantation,11.6400046,76.0156452,843.7,18.5,60.5,598.1,0.1,0.356,0.545,767.6,333.0,1727.1,0.479,0.721,43.3,MEDIUM,158,CONDITIONAL_REVIEW_REQUIRED,Monitor and apply mitigation,Synthetic parcel risk score from supplied demo dataset; not an official cadastral/hazard determination,SYNTHETIC_DEMO_NOT_OFFICIAL,SYNTHETIC_DEMO_POLYGON_NOT_OFFICIAL,DO_NOT_USE_AS_LEGAL_BOUNDARY,SYNTHETIC_DEMO_ONLY,NO,YES,NO
DEMO-02-0235,Kuppadithara,Wayanad,Vythiri,DEMO-02-06,DEMO-02/790,6,6323.6,0.6324,Plantation,11.6398647,76.0166124,831.2,20.7,159.7,405.5,0.22,0.305,0.481,2192.6,178.6,543.8,0.228,0.519,40.8,MEDIUM,121,CONDITIONAL_REVIEW_REQUIRED,Monitor and apply mitigation,Synthetic parcel risk score from supplied demo dataset; not an official cadastral/hazard determination,SYNTHETIC_DEMO_NOT_OFFICIAL,SYNTHETIC_DEMO_POLYGON_NOT_OFFICIAL,DO_NOT_USE_AS_LEGAL_BOUNDARY,SYNTHETIC_DEMO_ONLY,NO,YES,NO
DEMO-02-0236,Kuppadithara,Wayanad,Vythiri,DEMO-02-20,DEMO-02/578,3,3195.1,0.3195,Residential,11.6400186,76.0174895,833.9,19.7,179.5,518.8,0.44,0.419,0.5,1147.0,1061.8,313.4,0.394,0.35,47.0,MEDIUM,206,CONDITIONAL_REVIEW_REQUIRED,Monitor and apply mitigation,Synthetic parcel risk score from supplied demo dataset; not an official cadastral/hazard determination,SYNTHETIC_DEMO_NOT_OFFICIAL,SYNTHETIC_DEMO_POLYGON_NOT_OFFICIAL,DO_NOT_USE_AS_LEGAL_BOUNDARY,SYNTHETIC_DEMO_ONLY,NO,YES,NO
DEMO-02-0237,Kuppadithara,Wayanad,Vythiri,DEMO-02-09,DEMO-02/310,4,2614.2,0.2614,Agriculture,11.6401166,76.0187127,675.1,10.9,122.3,294.9,0.18,0.059,0.347,2320.8,423.1,1707.1,0.037,0.505,31.7,MEDIUM,31,CONDITIONAL_REVIEW_REQUIRED,Monitor and apply mitigation,Synthetic parcel risk score from supplied demo dataset; not an official cadastral/hazard determination,SYNTHETIC_DEMO_NOT_OFFICIAL,SYNTHETIC_DEMO_POLYGON_NOT_OFFICIAL,DO_NOT_USE_AS_LEGAL_BOUNDARY,SYNTHETIC_DEMO_ONLY,NO,YES,NO
DEMO-02-0238,Kuppadithara,Wayanad,Vythiri,DEMO-02-06,DEMO-02/921,4,7619.5,0.762,Forest-fringe,11.6401739,76.020101,695.1,21.2,213.5,192.9,0.07,0.264,0.394,963.5,311.7,327.5,0.182,0.486,43.0,MEDIUM,150,CONDITIONAL_REVIEW_REQUIRED,Monitor and apply mitigation,Synthetic parcel risk score from supplied demo dataset; not an official cadastral/hazard determination,SYNTHETIC_DEMO_NOT_OFFICIAL,SYNTHETIC_DEMO_POLYGON_NOT_OFFICIAL,DO_NOT_USE_AS_LEGAL_BOUNDARY,SYNTHETIC_DEMO_ONLY,NO,YES,NO
DEMO-02-0239,Kuppadithara,Wayanad,Vythiri,DEMO-02-10,DEMO-02/16,8,614.8,0.0615,Mixed,11.6402253,76.021036,892.6,9.0,133.9,570.5,1.06,0.798,0.298,1748.4,1197.4,960.1,0.331,0.573,44.5,MEDIUM,174,CONDITIONAL_REVIEW_REQUIRED,Monitor and apply mitigation,Synthetic parcel risk score from supplied demo dataset; not an official cadastral/hazard determination,SYNTHETIC_DEMO_NOT_OFFICIAL,SYNTHETIC_DEMO_POLYGON_NOT_OFFICIAL,DO_NOT_USE_AS_LEGAL_BOUNDARY,SYNTHETIC_DEMO_ONLY,NO,YES,NO
DEMO-02-0240,Kuppadithara,Wayanad,Vythiri,DEMO-02-17,DEMO-02/566,9,3157.0,0.3157,Plantation,11.640043,76.022539,694.5,19.1,47.2,508.5,1.29,0.832,0.463,1647.4,196.4,614.6,0.3,0.41,48.8,MEDIUM,214,CONDITIONAL_REVIEW_REQUIRED,Monitor and apply mitigation,Synthetic parcel risk score from supplied demo dataset; not an official cadastral/hazard determination,SYNTHETIC_DEMO_NOT_OFFICIAL,SYNTHETIC_DEMO_POLYGON_NOT_OFFICIAL,DO_NOT_USE_AS_LEGAL_BOUNDARY,SYNTHETIC_DEMO_ONLY,NO,YES,NO
DEMO-02-0241,Kuppadithara,Wayanad,Vythiri,DEMO-02-13,DEMO-02/492,4,564.9,0.0565,Residential,11.6400288,76.0233063,690.4,4.7,206.6,144.8,0.32,0.388,0.254,1788.8,292.2,499.6,0.217,0.678,35.8,MEDIUM,64,CONDITIONAL_REVIEW_REQUIRED,Monitor and apply mitigation,Synthetic parcel risk score from supplied demo dataset; not an official cadastral/hazard determination,SYNTHETIC_DEMO_NOT_OFFICIAL,SYNTHETIC_DEMO_POLYGON_NOT_OFFICIAL,DO_NOT_USE_AS_LEGAL_BOUNDARY,SYNTHETIC_DEMO_ONLY,NO,YES,NO
DEMO-02-0242,Kuppadithara,Wayanad,Vythiri,DEMO-02-13,DEMO-02/72,4,7814.0,0.7814,Agriculture,11.6401453,76.0248389,1031.6,13.1,40.5,398.2,0.53,0.097,0.351,1424.5,34.3,1437.3,0.352,0.738,30.3,MEDIUM,22,CONDITIONAL_REVIEW_REQUIRED,Monitor and apply mitigation,Synthetic parcel risk score from supplied demo dataset; not an official cadastral/hazard determination,SYNTHETIC_DEMO_NOT_OFFICIAL,SYNTHETIC_DEMO_POLYGON_NOT_OFFICIAL,DO_NOT_USE_AS_LEGAL_BOUNDARY,SYNTHETIC_DEMO_ONLY,NO,YES,NO
DEMO-02-0243,Kuppadithara,Wayanad,Vythiri,DEMO-02-16,DEMO-02/716,8,1038.7,0.1039,Mixed,11.6397627,76.0259239,831.2,21.3,105.1,300.5,0.09,0.109,0.373,2122.2,649.2,1278.2,0.099,0.572,33.4,MEDIUM,45,CONDITIONAL_REVIEW_REQUIRED,Monitor and apply mitigation,Synthetic parcel risk score from supplied demo dataset; not an official cadastral/hazard determination,SYNTHETIC_DEMO_NOT_OFFICIAL,SYNTHETIC_DEMO_POLYGON_NOT_OFFICIAL,DO_NOT_USE_AS_LEGAL_BOUNDARY,SYNTHETIC_DEMO_ONLY,NO,YES,NO
DEMO-02-0244,Kuppadithara,Wayanad,Vythiri,DEMO-02-15,DEMO-02/858,7,6307.7,0.6308,Mixed,11.6399828,76.0271073,1000.6,4.9,74.9,320.5,0.0,0.259,0.342,2362.6,1122.7,1016.1,0.641,0.842,27.0,MEDIUM,15,CONDITIONAL_REVIEW_REQUIRED,Monitor and apply mitigation,Synthetic parcel risk score from supplied demo dataset; not an official cadastral/hazard determination,SYNTHETIC_DEMO_NOT_OFFICIAL,SYNTHETIC_DEMO_POLYGON_NOT_OFFICIAL,DO_NOT_USE_AS_LEGAL_BOUNDARY,SYNTHETIC_DEMO_ONLY,NO,YES,NO
DEMO-02-0245,Kuppadithara,Wayanad,Vythiri,DEMO-02-13,DEMO-02/148,1,7431.9,0.7432,Agriculture,11.6398424,76.0281406,666.3,15.2,59.0,344.2,0.86,0.7,0.459,147.5,20.7,1758.3,0.104,0.696,49.7,MEDIUM,221,CONDITIONAL_REVIEW_REQUIRED,Monitor and apply mitigation,Synthetic parcel risk score from supplied demo dataset; not an official cadastral/hazard determination,SYNTHETIC_DEMO_NOT_OFFICIAL,SYNTHETIC_DEMO_POLYGON_NOT_OFFICIAL,DO_NOT_USE_AS_LEGAL_BOUNDARY,SYNTHETIC_DEMO_ONLY,NO,YES,NO
DEMO-02-0246,Kuppadithara,Wayanad,Vythiri,DEMO-02-16,DEMO-02/53,4,4038.8,0.4039,Residential,11.6399652,76.0293063,818.3,3.1,191.0,216.3,0.49,0.514,0.093,1071.6,595.2,647.0,0.148,0.87,33.8,MEDIUM,49,CONDITIONAL_REVIEW_REQUIRED,Monitor and apply mitigation,Synthetic parcel risk score from supplied demo dataset; not an official cadastral/hazard determination,SYNTHETIC_DEMO_NOT_OFFICIAL,SYNTHETIC_DEMO_POLYGON_NOT_OFFICIAL,DO_NOT_USE_AS_LEGAL_BOUNDARY,SYNTHETIC_DEMO_ONLY,NO,YES,NO
DEMO-02-0247,Kuppadithara,Wayanad,Vythiri,DEMO-02-06,DEMO-02/54,7,1573.7,0.1574,Forest-fringe,11.6401284,76.0301825,933.2,20.1,119.2,513.6,0.26,0.023,0.415,377.9,47.0,646.9,0.323,0.634,36.6,MEDIUM,72,CONDITIONAL_REVIEW_REQUIRED,Monitor and apply mitigation,Synthetic parcel risk score from supplied demo dataset; not an official cadastral/hazard determination,SYNTHETIC_DEMO_NOT_OFFICIAL,SYNTHETIC_DEMO_POLYGON_NOT_OFFICIAL,DO_NOT_USE_AS_LEGAL_BOUNDARY,SYNTHETIC_DEMO_ONLY,NO,YES,NO
DEMO-02-0248,Kuppadithara,Wayanad,Vythiri,DEMO-02-02,DEMO-02/279,3,1967.3,0.1967,Mixed,11.6401279,76.0316197,663.5,13.8,198.8,155.4,0.43,0.247,0.283,325.6,869.7,429.1,0.379,0.627,41.4,MEDIUM,131,CONDITIONAL_REVIEW_REQUIRED,Monitor and apply mitigation,Synthetic parcel risk score from supplied demo dataset; not an official cadastral/hazard determination,SYNTHETIC_DEMO_NOT_OFFICIAL,SYNTHETIC_DEMO_POLYGON_NOT_OFFICIAL,DO_NOT_USE_AS_LEGAL_BOUNDARY,SYNTHETIC_DEMO_ONLY,NO,YES,NO
DEMO-02-0249,Kuppadithara,Wayanad,Vythiri,DEMO-02-11,DEMO-02/303,6,3403.4,0.3403,Agriculture,11.6397768,76.0325211,759.8,8.3,127.4,350.8,0.25,0.402,0.24,585.4,885.9,89.6,0.399,0.864,33.2,MEDIUM,44,CONDITIONAL_REVIEW_REQUIRED,Monitor and apply mitigation,Synthetic parcel risk score from supplied demo dataset; not an official cadastral/hazard determination,SYNTHETIC_DEMO_NOT_OFFICIAL,SYNTHETIC_DEMO_POLYGON_NOT_OFFICIAL,DO_NOT_USE_AS_LEGAL_BOUNDARY,SYNTHETIC_DEMO_ONLY,NO,YES,NO
DEMO-02-0250,Kuppadithara,Wayanad,Vythiri,DEMO-02-15,DEMO-02/670,2,6920.6,0.6921,Residential,11.6401171,76.0337698,731.2,20.5,49.8,428.4,0.0,0.076,0.328,673.1,960.0,1609.3,0.124,0.685,32.4,MEDIUM,37,CONDITIONAL_REVIEW_REQUIRED,Monitor and apply mitigation,Synthetic parcel risk score from supplied demo dataset; not an official cadastral/hazard determination,SYNTHETIC_DEMO_NOT_OFFICIAL,SYNTHETIC_DEMO_POLYGON_NOT_OFFICIAL,DO_NOT_USE_AS_LEGAL_BOUNDARY,SYNTHETIC_DEMO_ONLY,NO,YES,NO
DEMO-04-0001,Kottathara,Wayanad,Vythiri,DEMO-04-15,DEMO-04/2,3,6684.6,0.6685,Residential,11.6587044,76.0912004,1022.3,16.1,115.0,470.1,0.44,0.244,0.281,77.4,1131.2,637.0,0.608,0.46,37.0,MEDIUM,58,CONDITIONAL_REVIEW_REQUIRED,Monitor and apply mitigation,Synthetic parcel risk score from supplied demo dataset; not an official cadastral/hazard determination,SYNTHETIC_DEMO_NOT_OFFICIAL,SYNTHETIC_DEMO_POLYGON_NOT_OFFICIAL,DO_NOT_USE_AS_LEGAL_BOUNDARY,SYNTHETIC_DEMO_ONLY,NO,YES,NO
DEMO-04-0002,Kottathara,Wayanad,Vythiri,DEMO-04-09,DEMO-04/241,9,950.7,0.0951,Residential,11.6587522,76.0925546,782.7,5.8,96.7,199.6,0.49,0.476,0.313,763.2,169.5,271.4,0.176,0.681,33.8,MEDIUM,35,CONDITIONAL_REVIEW_REQUIRED,Monitor and apply mitigation,Synthetic parcel risk score from supplied demo dataset; not an official cadastral/hazard determination,SYNTHETIC_DEMO_NOT_OFFICIAL,SYNTHETIC_DEMO_POLYGON_NOT_OFFICIAL,DO_NOT_USE_AS_LEGAL_BOUNDARY,SYNTHETIC_DEMO_ONLY,NO,YES,NO
DEMO-04-0003,Kottathara,Wayanad,Vythiri,DEMO-04-12,DEMO-04/431,9,5143.2,0.5143,Forest-fringe,11.6588916,76.0934368,933.2,29.8,128.4,254.7,0.0,0.457,0.619,1934.9,1095.5,313.8,0.618,0.527,47.2,MEDIUM,153,CONDITIONAL_REVIEW_REQUIRED,Monitor and apply mitigation,Synthetic parcel risk score from supplied demo dataset; not an official cadastral/hazard determination,SYNTHETIC_DEMO_NOT_OFFICIAL,SYNTHETIC_DEMO_POLYGON_NOT_OFFICIAL,DO_NOT_USE_AS_LEGAL_BOUNDARY,SYNTHETIC_DEMO_ONLY,NO,YES,NO
DEMO-04-0004,Kottathara,Wayanad,Vythiri,DEMO-04-14,DEMO-04/271,7,5640.0,0.564,Agriculture,11.6589743,76.0947964,871.6,22.3,211.2,177.1,0.44,0.435,0.614,1198.7,1142.3,1156.7,0.643,0.635,56.2,HIGH,226,NOT_RECOMMENDED_UNDER_DEMO_MODEL,High caution / prioritize mitigation,Synthetic parcel risk score from supplied demo dataset; not an official cadastral/hazard determination,SYNTHETIC_DEMO_NOT_OFFICIAL,SYNTHETIC_DEMO_POLYGON_NOT_OFFICIAL,DO_NOT_USE_AS_LEGAL_BOUNDARY,SYNTHETIC_DEMO_ONLY,NO,YES,NO
DEMO-04-0005,Kottathara,Wayanad,Vythiri,DEMO-04-16,DEMO-04/480,7,5154.0,0.5154,Forest-fringe,11.6587465,76.0958032,898.6,34.7,66.2,560.0,0.88,0.76,0.701,2187.9,144.5,578.4,0.142,0.634,54.6,HIGH,215,NOT_RECOMMENDED_UNDER_DEMO_MODEL,High caution / prioritize mitigation,Synthetic parcel risk score from supplied demo dataset; not an official cadastral/hazard determination,SYNTHETIC_DEMO_NOT_OFFICIAL,SYNTHETIC_DEMO_POLYGON_NOT_OFFICIAL,DO_NOT_USE_AS_LEGAL_BOUNDARY,SYNTHETIC_DEMO_ONLY,NO,YES,NO
DEMO-04-0006,Kottathara,Wayanad,Vythiri,DEMO-04-09,DEMO-04/800,4,7773.3,0.7773,Plantation,11.658821,76.0970719,899.6,17.5,180.4,520.1,1.14,0.78,0.377,1152.5,284.9,1769.6,0.247,0.397,55.6,HIGH,221,NOT_RECOMMENDED_UNDER_DEMO_MODEL,High caution / prioritize mitigation,Synthetic parcel risk score from supplied demo dataset; not an official cadastral/hazard determination,SYNTHETIC_DEMO_NOT_OFFICIAL,SYNTHETIC_DEMO_POLYGON_NOT_OFFICIAL,DO_NOT_USE_AS_LEGAL_BOUNDARY,SYNTHETIC_DEMO_ONLY,NO,YES,NO
DEMO-04-0007,Kottathara,Wayanad,Vythiri,DEMO-04-02,DEMO-04/833,9,1013.3,0.1013,Plantation,11.6585771,76.0979669,938.4,31.9,200.7,454.9,0.41,0.655,0.668,1536.2,936.8,1588.8,0.593,0.894,63.0,HIGH,248,NOT_RECOMMENDED_UNDER_DEMO_MODEL,High caution / prioritize mitigation,Synthetic parcel risk score from supplied demo dataset; not an official cadastral/hazard determination,SYNTHETIC_DEMO_NOT_OFFICIAL,SYNTHETIC_DEMO_POLYGON_NOT_OFFICIAL,DO_NOT_USE_AS_LEGAL_BOUNDARY,SYNTHETIC_DEMO_ONLY,NO,YES,NO
DEMO-04-0008,Kottathara,Wayanad,Vythiri,DEMO-04-20,DEMO-04/486,6,2059.1,0.2059,Agriculture,11.6587227,76.0990772,692.3,5.2,160.6,215.3,0.13,0.219,0.115,2218.7,734.2,1079.0,0.366,0.292,27.9,MEDIUM,12,CONDITIONAL_REVIEW_REQUIRED,Monitor and apply mitigation,Synthetic parcel risk score from supplied demo dataset; not an official cadastral/hazard determination,SYNTHETIC_DEMO_NOT_OFFICIAL,SYNTHETIC_DEMO_POLYGON_NOT_OFFICIAL,DO_NOT_USE_AS_LEGAL_BOUNDARY,SYNTHETIC_DEMO_ONLY,NO,YES,NO
DEMO-04-0009,Kottathara,Wayanad,Vythiri,DEMO-04-14,DEMO-04/47,8,1960.8,0.1961,Forest-fringe,11.658771,76.1003925,773.7,29.2,84.2,200.9,0.08,0.028,0.673,1424.7,530.0,930.5,0.309,0.71,42.7,MEDIUM,107,CONDITIONAL_REVIEW_REQUIRED,Monitor and apply mitigation,Synthetic parcel risk score from supplied demo dataset; not an official cadastral/hazard determination,SYNTHETIC_DEMO_NOT_OFFICIAL,SYNTHETIC_DEMO_POLYGON_NOT_OFFICIAL,DO_NOT_USE_AS_LEGAL_BOUNDARY,SYNTHETIC_DEMO_ONLY,NO,YES,NO
DEMO-04-0010,Kottathara,Wayanad,Vythiri,DEMO-04-15,DEMO-04/864,9,1645.1,0.1645,Plantation,11.658936,76.1016312,1040.3,15.5,166.7,363.3,1.03,0.704,0.478,557.2,819.0,1492.7,0.529,0.475,55.7,HIGH,222,NOT_RECOMMENDED_UNDER_DEMO_MODEL,High caution / prioritize mitigation,Synthetic parcel risk score from supplied demo dataset; not an official cadastral/hazard determination,SYNTHETIC_DEMO_NOT_OFFICIAL,SYNTHETIC_DEMO_POLYGON_NOT_OFFICIAL,DO_NOT_USE_AS_LEGAL_BOUNDARY,SYNTHETIC_DEMO_ONLY,NO,YES,NO
DEMO-04-0011,Kottathara,Wayanad,Vythiri,DEMO-04-15,DEMO-04/87,2,1892.5,0.1892,Mixed,11.6586505,76.1026732,852.2,6.2,104.6,274.8,0.35,0.305,0.138,232.8,337.6,1048.4,0.455,0.864,31.2,MEDIUM,19,CONDITIONAL_REVIEW_REQUIRED,Monitor and apply mitigation,Synthetic parcel risk score from supplied demo dataset; not an official cadastral/hazard determination,SYNTHETIC_DEMO_NOT_OFFICIAL,SYNTHETIC_DEMO_POLYGON_NOT_OFFICIAL,DO_NOT_USE_AS_LEGAL_BOUNDARY,SYNTHETIC_DEMO_ONLY,NO,YES,NO
DEMO-04-0012,Kottathara,Wayanad,Vythiri,DEMO-04-17,DEMO-04/905,3,2869.4,0.2869,Mixed,11.6589841,76.1038825,740.8,5.5,62.0,302.9,1.35,0.742,0.33,1424.4,708.6,873.0,0.524,0.654,42.9,MEDIUM,110,CONDITIONAL_REVIEW_REQUIRED,Monitor and apply mitigation,Synthetic parcel risk score from supplied demo dataset; not an official cadastral/hazard determination,SYNTHETIC_DEMO_NOT_OFFICIAL,SYNTHETIC_DEMO_POLYGON_NOT_OFFICIAL,DO_NOT_USE_AS_LEGAL_BOUNDARY,SYNTHETIC_DEMO_ONLY,NO,YES,NO
DEMO-04-0013,Kottathara,Wayanad,Vythiri,DEMO-04-05,DEMO-04/187,2,4611.0,0.4611,Residential,11.6587503,76.1051697,876.2,16.1,208.1,571.3,0.88,0.567,0.526,2257.4,971.8,938.4,0.629,0.68,53.2,HIGH,207,NOT_RECOMMENDED_UNDER_DEMO_MODEL,High caution / prioritize mitigation,Synthetic parcel risk score from supplied demo dataset; not an official cadastral/hazard determination,SYNTHETIC_DEMO_NOT_OFFICIAL,SYNTHETIC_DEMO_POLYGON_NOT_OFFICIAL,DO_NOT_USE_AS_LEGAL_BOUNDARY,SYNTHETIC_DEMO_ONLY,NO,YES,NO
DEMO-04-0014,Kottathara,Wayanad,Vythiri,DEMO-04-08,DEMO-04/563,7,6145.3,0.6145,Agriculture,11.6589738,76.1062405,719.1,36.2,208.7,382.3,0.35,0.393,0.71,2041.6,788.5,906.6,0.103,0.587,58.1,HIGH,237,NOT_RECOMMENDED_UNDER_DEMO_MODEL,High caution / prioritize mitigation,Synthetic parcel risk score from supplied demo dataset; not an official cadastral/hazard determination,SYNTHETIC_DEMO_NOT_OFFICIAL,SYNTHETIC_DEMO_POLYGON_NOT_OFFICIAL,DO_NOT_USE_AS_LEGAL_BOUNDARY,SYNTHETIC_DEMO_ONLY,NO,YES,NO
DEMO-04-0015,Kottathara,Wayanad,Vythiri,DEMO-04-06,DEMO-04/797,5,3360.4,0.336,Residential,11.658767,76.1074664,909.4,27.1,109.8,550.3,0.83,0.602,0.605,1085.4,1093.6,1103.5,0.213,0.774,53.9,HIGH,211,NOT_RECOMMENDED_UNDER_DEMO_MODEL,High caution / prioritize mitigation,Synthetic parcel risk score from supplied demo dataset; not an official cadastral/hazard determination,SYNTHETIC_DEMO_NOT_OFFICIAL,SYNTHETIC_DEMO_POLYGON_NOT_OFFICIAL,DO_NOT_USE_AS_LEGAL_BOUNDARY,SYNTHETIC_DEMO_ONLY,NO,YES,NO
DEMO-04-0016,Kottathara,Wayanad,Vythiri,DEMO-04-17,DEMO-04/355,6,3445.3,0.3445,Plantation,11.658739,76.1085136,969.0,8.2,130.0,339.2,0.33,0.453,0.17,77.5,931.1,1662.5,0.614,0.784,38.2,MEDIUM,70,CONDITIONAL_REVIEW_REQUIRED,Monitor and apply mitigation,Synthetic parcel risk score from supplied demo dataset; not an official cadastral/hazard determination,SYNTHETIC_DEMO_NOT_OFFICIAL,SYNTHETIC_DEMO_POLYGON_NOT_OFFICIAL,DO_NOT_USE_AS_LEGAL_BOUNDARY,SYNTHETIC_DEMO_ONLY,NO,YES,NO
DEMO-04-0017,Kottathara,Wayanad,Vythiri,DEMO-04-12,DEMO-04/964,8,5227.6,0.5228,Plantation,11.6588029,76.1096446,906.2,14.5,143.7,492.0,0.0,0.026,0.333,2270.3,121.9,1373.6,0.08,0.78,30.2,MEDIUM,16,CONDITIONAL_REVIEW_REQUIRED,Monitor and apply mitigation,Synthetic parcel risk score from supplied demo dataset; not an official cadastral/hazard determination,SYNTHETIC_DEMO_NOT_OFFICIAL,SYNTHETIC_DEMO_POLYGON_NOT_OFFICIAL,DO_NOT_USE_AS_LEGAL_BOUNDARY,SYNTHETIC_DEMO_ONLY,NO,YES,NO
DEMO-04-0018,Kottathara,Wayanad,Vythiri,DEMO-04-04,DEMO-04/806,8,5438.0,0.5438,Forest-fringe,11.658733,76.110602,1044.9,14.1,170.8,351.8,1.23,0.734,0.349,1385.2,559.8,927.0,0.235,0.585,49.0,MEDIUM,172,CONDITIONAL_REVIEW_REQUIRED,Monitor and apply mitigation,Synthetic parcel risk score from supplied demo dataset; not an official cadastral/hazard determination,SYNTHETIC_DEMO_NOT_OFFICIAL,SYNTHETIC_DEMO_POLYGON_NOT_OFFICIAL,DO_NOT_USE_AS_LEGAL_BOUNDARY,SYNTHETIC_DEMO_ONLY,NO,YES,NO
DEMO-04-0019,Kottathara,Wayanad,Vythiri,DEMO-04-16,DEMO-04/445,7,2622.7,0.2623,Plantation,11.6588763,76.1118809,675.0,10.0,39.5,404.8,0.33,0.117,0.249,1681.3,1160.0,787.3,0.416,0.536,25.8,MEDIUM,6,CONDITIONAL_REVIEW_REQUIRED,Monitor and apply mitigation,Synthetic parcel risk score from supplied demo dataset; not an official cadastral/hazard determination,SYNTHETIC_DEMO_NOT_OFFICIAL,SYNTHETIC_DEMO_POLYGON_NOT_OFFICIAL,DO_NOT_USE_AS_LEGAL_BOUNDARY,SYNTHETIC_DEMO_ONLY,NO,YES,NO
DEMO-04-0020,Kottathara,Wayanad,Vythiri,DEMO-04-16,DEMO-04/149,4,3027.1,0.3027,Agriculture,11.6587985,76.1129676,983.9,25.6,114.4,559.2,0.95,0.692,0.557,2070.0,1077.8,130.6,0.223,0.276,49.0,MEDIUM,172,CONDITIONAL_REVIEW_REQUIRED,Monitor and apply mitigation,Synthetic parcel risk score from supplied demo dataset; not an official cadastral/hazard determination,SYNTHETIC_DEMO_NOT_OFFICIAL,SYNTHETIC_DEMO_POLYGON_NOT_OFFICIAL,DO_NOT_USE_AS_LEGAL_BOUNDARY,SYNTHETIC_DEMO_ONLY,NO,YES,NO
DEMO-04-0021,Kottathara,Wayanad,Vythiri,DEMO-04-20,DEMO-04/282,3,4865.3,0.4865,Forest-fringe,11.6585698,76.1141636,1036.5,30.0,205.9,136.6,0.19,0.325,0.497,803.4,251.2,199.4,0.38,0.766,48.3,MEDIUM,163,CONDITIONAL_REVIEW_REQUIRED,Monitor and apply mitigation,Synthetic parcel risk score from supplied demo dataset; not an official cadastral/hazard determination,SYNTHETIC_DEMO_NOT_OFFICIAL,SYNTHETIC_DEMO_POLYGON_NOT_OFFICIAL,DO_NOT_USE_AS_LEGAL_BOUNDARY,SYNTHETIC_DEMO_ONLY,NO,YES,NO
DEMO-04-0022,Kottathara,Wayanad,Vythiri,DEMO-04-03,DEMO-04/535,3,2708.1,0.2708,Plantation,11.6587038,76.115498,720.6,20.4,49.5,310.9,0.06,0.532,0.544,1863.4,1007.8,599.2,0.501,0.255,40.6,MEDIUM,89,CONDITIONAL_REVIEW_REQUIRED,Monitor and apply mitigation,Synthetic parcel risk score from supplied demo dataset; not an official cadastral/hazard determination,SYNTHETIC_DEMO_NOT_OFFICIAL,SYNTHETIC_DEMO_POLYGON_NOT_OFFICIAL,DO_NOT_USE_AS_LEGAL_BOUNDARY,SYNTHETIC_DEMO_ONLY,NO,YES,NO
DEMO-04-0023,Kottathara,Wayanad,Vythiri,DEMO-04-05,DEMO-04/673,3,7145.8,0.7146,Residential,11.6589005,76.1166626,1000.3,4.7,45.9,477.2,0.51,0.236,0.078,1798.1,910.2,1689.8,0.294,0.427,22.8,LOW,2,CANDIDATE_FOR_FURTHER_ASSESSMENT,Normal monitoring,Synthetic parcel risk score from supplied demo dataset; not an official cadastral/hazard determination,SYNTHETIC_DEMO_NOT_OFFICIAL,SYNTHETIC_DEMO_POLYGON_NOT_OFFICIAL,DO_NOT_USE_AS_LEGAL_BOUNDARY,SYNTHETIC_DEMO_ONLY,NO,YES,NO
DEMO-04-0024,Kottathara,Wayanad,Vythiri,DEMO-04-10,DEMO-04/612,5,2374.2,0.2374,Mixed,11.6588983,76.117634,736.1,27.0,111.0,443.7,0.0,0.048,0.535,835.2,634.9,101.9,0.379,0.375,39.2,MEDIUM,80,CONDITIONAL_REVIEW_REQUIRED,Monitor and apply mitigation,Synthetic parcel risk score from supplied demo dataset; not an official cadastral/hazard determination,SYNTHETIC_DEMO_NOT_OFFICIAL,SYNTHETIC_DEMO_POLYGON_NOT_OFFICIAL,DO_NOT_USE_AS_LEGAL_BOUNDARY,SYNTHETIC_DEMO_ONLY,NO,YES,NO
DEMO-04-0025,Kottathara,Wayanad,Vythiri,DEMO-04-09,DEMO-04/373,4,2661.4,0.2661,Plantation,11.6587395,76.1190148,795.1,32.8,36.3,151.2,0.0,0.084,0.517,1805.5,421.8,568.3,0.634,0.57,37.0,MEDIUM,58,CONDITIONAL_REVIEW_REQUIRED,Monitor and apply mitigation,Synthetic parcel risk score from supplied demo dataset; not an official cadastral/hazard determination,SYNTHETIC_DEMO_NOT_OFFICIAL,SYNTHETIC_DEMO_POLYGON_NOT_OFFICIAL,DO_NOT_USE_AS_LEGAL_BOUNDARY,SYNTHETIC_DEMO_ONLY,NO,YES,NO
DEMO-04-0026,Kottathara,Wayanad,Vythiri,DEMO-04-04,DEMO-04/915,3,1835.2,0.1835,Forest-fringe,11.6597326,76.0912256,783.8,33.6,61.4,288.6,0.7,0.476,0.713,1738.3,1138.2,1535.7,0.026,0.336,53.4,HIGH,208,NOT_RECOMMENDED_UNDER_DEMO_MODEL,High caution / prioritize mitigation,Synthetic parcel risk score from supplied demo dataset; not an official cadastral/hazard determination,SYNTHETIC_DEMO_NOT_OFFICIAL,SYNTHETIC_DEMO_POLYGON_NOT_OFFICIAL,DO_NOT_USE_AS_LEGAL_BOUNDARY,SYNTHETIC_DEMO_ONLY,NO,YES,NO
DEMO-04-0027,Kottathara,Wayanad,Vythiri,DEMO-04-09,DEMO-04/705,4,3214.3,0.3214,Plantation,11.660002,76.0924248,1019.7,26.6,140.2,431.3,1.05,0.614,0.397,1240.3,264.6,463.1,0.478,0.685,50.0,HIGH,182,NOT_RECOMMENDED_UNDER_DEMO_MODEL,High caution / prioritize mitigation,Synthetic parcel risk score from supplied demo dataset; not an official cadastral/hazard determination,SYNTHETIC_DEMO_NOT_OFFICIAL,SYNTHETIC_DEMO_POLYGON_NOT_OFFICIAL,DO_NOT_USE_AS_LEGAL_BOUNDARY,SYNTHETIC_DEMO_ONLY,NO,YES,NO
DEMO-04-0028,Kottathara,Wayanad,Vythiri,DEMO-04-17,DEMO-04/814,9,2361.7,0.2362,Plantation,11.6600244,76.0935165,994.8,7.3,158.5,319.6,0.85,0.625,0.365,1506.3,342.5,839.8,0.479,0.53,43.7,MEDIUM,120,CONDITIONAL_REVIEW_REQUIRED,Monitor and apply mitigation,Synthetic parcel risk score from supplied demo dataset; not an official cadastral/hazard determination,SYNTHETIC_DEMO_NOT_OFFICIAL,SYNTHETIC_DEMO_POLYGON_NOT_OFFICIAL,DO_NOT_USE_AS_LEGAL_BOUNDARY,SYNTHETIC_DEMO_ONLY,NO,YES,NO
DEMO-04-0029,Kottathara,Wayanad,Vythiri,DEMO-04-15,DEMO-04/580,9,969.0,0.0969,Agriculture,11.6600412,76.0946914,892.5,20.2,50.2,394.5,0.22,0.461,0.337,754.0,770.3,534.1,0.294,0.374,35.4,MEDIUM,43,CONDITIONAL_REVIEW_REQUIRED,Monitor and apply mitigation,Synthetic parcel risk score from supplied demo dataset; not an official cadastral/hazard determination,SYNTHETIC_DEMO_NOT_OFFICIAL,SYNTHETIC_DEMO_POLYGON_NOT_OFFICIAL,DO_NOT_USE_AS_LEGAL_BOUNDARY,SYNTHETIC_DEMO_ONLY,NO,YES,NO
DEMO-04-0030,Kottathara,Wayanad,Vythiri,DEMO-04-18,DEMO-04/547,6,2473.4,0.2473,Agriculture,11.6601005,76.0955943,893.4,35.6,69.7,337.0,0.56,0.698,0.803,1438.8,408.1,897.6,0.098,0.571,57.3,HIGH,229,NOT_RECOMMENDED_UNDER_DEMO_MODEL,High caution / prioritize mitigation,Synthetic parcel risk score from supplied demo dataset; not an official cadastral/hazard determination,SYNTHETIC_DEMO_NOT_OFFICIAL,SYNTHETIC_DEMO_POLYGON_NOT_OFFICIAL,DO_NOT_USE_AS_LEGAL_BOUNDARY,SYNTHETIC_DEMO_ONLY,NO,YES,NO
DEMO-04-0031,Kottathara,Wayanad,Vythiri,DEMO-04-08,DEMO-04/169,9,6923.2,0.6923,Mixed,11.6601585,76.0970307,680.6,25.0,172.7,116.1,0.61,0.684,0.567,1435.6,380.1,1180.8,0.193,0.882,56.8,HIGH,228,NOT_RECOMMENDED_UNDER_DEMO_MODEL,High caution / prioritize mitigation,Synthetic parcel risk score from supplied demo dataset; not an official cadastral/hazard determination,SYNTHETIC_DEMO_NOT_OFFICIAL,SYNTHETIC_DEMO_POLYGON_NOT_OFFICIAL,DO_NOT_USE_AS_LEGAL_BOUNDARY,SYNTHETIC_DEMO_ONLY,NO,YES,NO
DEMO-04-0032,Kottathara,Wayanad,Vythiri,DEMO-04-16,DEMO-04/154,6,5188.5,0.5188,Forest-fringe,11.660215,76.0979799,952.8,16.3,96.1,552.7,1.02,0.72,0.422,106.4,929.5,353.0,0.181,0.332,46.9,MEDIUM,150,CONDITIONAL_REVIEW_REQUIRED,Monitor and apply mitigation,Synthetic parcel risk score from supplied demo dataset; not an official cadastral/hazard determination,SYNTHETIC_DEMO_NOT_OFFICIAL,SYNTHETIC_DEMO_POLYGON_NOT_OFFICIAL,DO_NOT_USE_AS_LEGAL_BOUNDARY,SYNTHETIC_DEMO_ONLY,NO,YES,NO
DEMO-04-0033,Kottathara,Wayanad,Vythiri,DEMO-04-10,DEMO-04/89,1,7114.9,0.7115,Plantation,11.6598164,76.0992701,790.5,23.1,45.1,551.3,0.25,0.224,0.354,733.2,1085.4,1140.8,0.108,0.761,35.1,MEDIUM,41,CONDITIONAL_REVIEW_REQUIRED,Monitor and apply mitigation,Synthetic parcel risk score from supplied demo dataset; not an official cadastral/hazard determination,SYNTHETIC_DEMO_NOT_OFFICIAL,SYNTHETIC_DEMO_POLYGON_NOT_OFFICIAL,DO_NOT_USE_AS_LEGAL_BOUNDARY,SYNTHETIC_DEMO_ONLY,NO,YES,NO
DEMO-04-0034,Kottathara,Wayanad,Vythiri,DEMO-04-07,DEMO-04/14,8,4291.4,0.4291,Residential,11.6601249,76.1002076,813.9,9.9,136.4,285.0,0.46,0.25,0.279,2211.2,597.9,396.5,0.514,0.815,32.2,MEDIUM,25,CONDITIONAL_REVIEW_REQUIRED,Monitor and apply mitigation,Synthetic parcel risk score from supplied demo dataset; not an official cadastral/hazard determination,SYNTHETIC_DEMO_NOT_OFFICIAL,SYNTHETIC_DEMO_POLYGON_NOT_OFFICIAL,DO_NOT_USE_AS_LEGAL_BOUNDARY,SYNTHETIC_DEMO_ONLY,NO,YES,NO
DEMO-04-0035,Kottathara,Wayanad,Vythiri,DEMO-04-11,DEMO-04/11,5,4064.5,0.4064,Forest-fringe,11.6599827,76.1014184,951.1,6.3,203.3,261.6,0.22,0.637,0.315,2445.8,1177.5,1728.2,0.561,0.762,42.9,MEDIUM,110,CONDITIONAL_REVIEW_REQUIRED,Monitor and apply mitigation,Synthetic parcel risk score from supplied demo dataset; not an official cadastral/hazard determination,SYNTHETIC_DEMO_NOT_OFFICIAL,SYNTHETIC_DEMO_POLYGON_NOT_OFFICIAL,DO_NOT_USE_AS_LEGAL_BOUNDARY,SYNTHETIC_DEMO_ONLY,NO,YES,NO
DEMO-04-0036,Kottathara,Wayanad,Vythiri,DEMO-04-05,DEMO-04/858,1,4374.1,0.4374,Forest-fringe,11.6599234,76.1027957,708.1,22.8,102.5,219.1,1.14,0.829,0.438,54.9,1060.8,1258.8,0.021,0.34,55.7,HIGH,222,NOT_RECOMMENDED_UNDER_DEMO_MODEL,High caution / prioritize mitigation,Synthetic parcel risk score from supplied demo dataset; not an official cadastral/hazard determination,SYNTHETIC_DEMO_NOT_OFFICIAL,SYNTHETIC_DEMO_POLYGON_NOT_OFFICIAL,DO_NOT_USE_AS_LEGAL_BOUNDARY,SYNTHETIC_DEMO_ONLY,NO,YES,NO
DEMO-04-0037,Kottathara,Wayanad,Vythiri,DEMO-04-05,DEMO-04/812,8,2219.2,0.2219,Agriculture,11.660168,76.1038743,1044.5,36.5,191.5,609.4,0.68,0.385,0.667,395.6,857.9,428.3,0.17,0.303,58.0,HIGH,235,NOT_RECOMMENDED_UNDER_DEMO_MODEL,High caution / prioritize mitigation,Synthetic parcel risk score from supplied demo dataset; not an official cadastral/hazard determination,SYNTHETIC_DEMO_NOT_OFFICIAL,SYNTHETIC_DEMO_POLYGON_NOT_OFFICIAL,DO_NOT_USE_AS_LEGAL_BOUNDARY,SYNTHETIC_DEMO_ONLY,NO,YES,NO
DEMO-04-0038,Kottathara,Wayanad,Vythiri,DEMO-04-16,DEMO-04/369,1,7357.1,0.7357,Plantation,11.6598012,76.1048664,703.6,17.4,96.4,472.9,0.81,0.591,0.519,910.4,223.3,105.0,0.119,0.806,45.6,MEDIUM,134,CONDITIONAL_REVIEW_REQUIRED,Monitor and apply mitigation,Synthetic parcel risk score from supplied demo dataset; not an official cadastral/hazard determination,SYNTHETIC_DEMO_NOT_OFFICIAL,SYNTHETIC_DEMO_POLYGON_NOT_OFFICIAL,DO_NOT_USE_AS_LEGAL_BOUNDARY,SYNTHETIC_DEMO_ONLY,NO,YES,NO
DEMO-04-0039,Kottathara,Wayanad,Vythiri,DEMO-04-13,DEMO-04/30,7,7208.9,0.7209,Plantation,11.6601989,76.1062809,654.6,18.4,121.1,193.2,0.33,0.319,0.483,1817.5,828.9,895.9,0.08,0.579,40.8,MEDIUM,91,CONDITIONAL_REVIEW_REQUIRED,Monitor and apply mitigation,Synthetic parcel risk score from supplied demo dataset; not an official cadastral/hazard determination,SYNTHETIC_DEMO_NOT_OFFICIAL,SYNTHETIC_DEMO_POLYGON_NOT_OFFICIAL,DO_NOT_USE_AS_LEGAL_BOUNDARY,SYNTHETIC_DEMO_ONLY,NO,YES,NO
DEMO-04-0040,Kottathara,Wayanad,Vythiri,DEMO-04-18,DEMO-04/689,1,5814.1,0.5814,Agriculture,11.6601155,76.1071703,967.4,27.4,188.5,264.8,0.15,0.41,0.473,1516.7,1086.7,1261.2,0.548,0.527,49.7,MEDIUM,181,CONDITIONAL_REVIEW_REQUIRED,Monitor and apply mitigation,Synthetic parcel risk score from supplied demo dataset; not an official cadastral/hazard determination,SYNTHETIC_DEMO_NOT_OFFICIAL,SYNTHETIC_DEMO_POLYGON_NOT_OFFICIAL,DO_NOT_USE_AS_LEGAL_BOUNDARY,SYNTHETIC_DEMO_ONLY,NO,YES,NO
DEMO-04-0041,Kottathara,Wayanad,Vythiri,DEMO-04-17,DEMO-04/260,5,3329.0,0.3329,Forest-fringe,11.6602308,76.1084613,651.0,25.5,169.9,482.6,0.0,0.025,0.557,976.7,1025.9,408.8,0.314,0.479,43.4,MEDIUM,114,CONDITIONAL_REVIEW_REQUIRED,Monitor and apply mitigation,Synthetic parcel risk score from supplied demo dataset; not an official cadastral/hazard determination,SYNTHETIC_DEMO_NOT_OFFICIAL,SYNTHETIC_DEMO_POLYGON_NOT_OFFICIAL,DO_NOT_USE_AS_LEGAL_BOUNDARY,SYNTHETIC_DEMO_ONLY,NO,YES,NO
DEMO-04-0042,Kottathara,Wayanad,Vythiri,DEMO-04-02,DEMO-04/555,8,5794.1,0.5794,Plantation,11.659999,76.1097605,772.4,17.8,88.9,110.2,0.28,0.099,0.537,1412.4,661.7,430.6,0.423,0.693,36.9,MEDIUM,56,CONDITIONAL_REVIEW_REQUIRED,Monitor and apply mitigation,Synthetic parcel risk score from supplied demo dataset; not an official cadastral/hazard determination,SYNTHETIC_DEMO_NOT_OFFICIAL,SYNTHETIC_DEMO_POLYGON_NOT_OFFICIAL,DO_NOT_USE_AS_LEGAL_BOUNDARY,SYNTHETIC_DEMO_ONLY,NO,YES,NO
DEMO-04-0043,Kottathara,Wayanad,Vythiri,DEMO-04-11,DEMO-04/601,8,3299.4,0.3299,Residential,11.6600416,76.1108056,942.9,36.4,211.0,502.2,0.29,0.308,0.718,2220.3,1137.3,869.7,0.317,0.619,56.1,HIGH,225,NOT_RECOMMENDED_UNDER_DEMO_MODEL,High caution / prioritize mitigation,Synthetic parcel risk score from supplied demo dataset; not an official cadastral/hazard determination,SYNTHETIC_DEMO_NOT_OFFICIAL,SYNTHETIC_DEMO_POLYGON_NOT_OFFICIAL,DO_NOT_USE_AS_LEGAL_BOUNDARY,SYNTHETIC_DEMO_ONLY,NO,YES,NO
DEMO-04-0044,Kottathara,Wayanad,Vythiri,DEMO-04-07,DEMO-04/471,3,5076.5,0.5077,Mixed,11.6599381,76.1118506,966.4,37.4,118.2,215.9,0.46,0.219,0.709,1561.0,833.2,1347.0,0.069,0.649,51.9,HIGH,198,NOT_RECOMMENDED_UNDER_DEMO_MODEL,High caution / prioritize mitigation,Synthetic parcel risk score from supplied demo dataset; not an official cadastral/hazard determination,SYNTHETIC_DEMO_NOT_OFFICIAL,SYNTHETIC_DEMO_POLYGON_NOT_OFFICIAL,DO_NOT_USE_AS_LEGAL_BOUNDARY,SYNTHETIC_DEMO_ONLY,NO,YES,NO
DEMO-04-0045,Kottathara,Wayanad,Vythiri,DEMO-04-05,DEMO-04/707,9,6184.1,0.6184,Plantation,11.6602498,76.1132562,837.0,10.5,73.6,478.6,0.4,0.455,0.386,39.3,996.8,251.0,0.314,0.485,36.7,MEDIUM,55,CONDITIONAL_REVIEW_REQUIRED,Monitor and apply mitigation,Synthetic parcel risk score from supplied demo dataset; not an official cadastral/hazard determination,SYNTHETIC_DEMO_NOT_OFFICIAL,SYNTHETIC_DEMO_POLYGON_NOT_OFFICIAL,DO_NOT_USE_AS_LEGAL_BOUNDARY,SYNTHETIC_DEMO_ONLY,NO,YES,NO
DEMO-04-0046,Kottathara,Wayanad,Vythiri,DEMO-04-12,DEMO-04/277,1,1897.9,0.1898,Mixed,11.6599352,76.1141838,669.1,8.2,158.6,357.3,0.0,0.17,0.19,1472.6,657.7,1538.8,0.21,0.413,31.6,MEDIUM,21,CONDITIONAL_REVIEW_REQUIRED,Monitor and apply mitigation,Synthetic parcel risk score from supplied demo dataset; not an official cadastral/hazard determination,SYNTHETIC_DEMO_NOT_OFFICIAL,SYNTHETIC_DEMO_POLYGON_NOT_OFFICIAL,DO_NOT_USE_AS_LEGAL_BOUNDARY,SYNTHETIC_DEMO_ONLY,NO,YES,NO
DEMO-04-0047,Kottathara,Wayanad,Vythiri,DEMO-04-08,DEMO-04/867,3,2402.5,0.2402,Forest-fringe,11.660108,76.1153128,853.0,8.0,189.5,262.3,0.73,0.816,0.16,2324.4,1150.4,1548.6,0.456,0.547,43.9,MEDIUM,121,CONDITIONAL_REVIEW_REQUIRED,Monitor and apply mitigation,Synthetic parcel risk score from supplied demo dataset; not an official cadastral/hazard determination,SYNTHETIC_DEMO_NOT_OFFICIAL,SYNTHETIC_DEMO_POLYGON_NOT_OFFICIAL,DO_NOT_USE_AS_LEGAL_BOUNDARY,SYNTHETIC_DEMO_ONLY,NO,YES,NO
DEMO-04-0048,Kottathara,Wayanad,Vythiri,DEMO-04-15,DEMO-04/920,4,2416.4,0.2416,Forest-fringe,11.6599965,76.1162796,894.1,33.7,51.0,150.0,0.51,0.292,0.759,2034.6,893.8,1358.4,0.442,0.498,50.4,HIGH,185,NOT_RECOMMENDED_UNDER_DEMO_MODEL,High caution / prioritize mitigation,Synthetic parcel risk score from supplied demo dataset; not an official cadastral/hazard determination,SYNTHETIC_DEMO_NOT_OFFICIAL,SYNTHETIC_DEMO_POLYGON_NOT_OFFICIAL,DO_NOT_USE_AS_LEGAL_BOUNDARY,SYNTHETIC_DEMO_ONLY,NO,YES,NO
DEMO-04-0049,Kottathara,Wayanad,Vythiri,DEMO-04-11,DEMO-04/759,7,1862.0,0.1862,Forest-fringe,11.6599647,76.1178203,985.6,25.4,69.5,264.7,0.72,0.771,0.599,1426.8,290.1,1557.3,0.469,0.642,53.9,HIGH,211,NOT_RECOMMENDED_UNDER_DEMO_MODEL,High caution / prioritize mitigation,Synthetic parcel risk score from supplied demo dataset; not an official cadastral/hazard determination,SYNTHETIC_DEMO_NOT_OFFICIAL,SYNTHETIC_DEMO_POLYGON_NOT_OFFICIAL,DO_NOT_USE_AS_LEGAL_BOUNDARY,SYNTHETIC_DEMO_ONLY,NO,YES,NO
DEMO-04-0050,Kottathara,Wayanad,Vythiri,DEMO-04-15,DEMO-04/331,3,7004.5,0.7004,Plantation,11.6599227,76.1186057,800.9,33.1,95.0,394.8,0.67,0.604,0.599,1406.0,728.1,1735.0,0.528,0.892,57.4,HIGH,230,NOT_RECOMMENDED_UNDER_DEMO_MODEL,High caution / prioritize mitigation,Synthetic parcel risk score from supplied demo dataset; not an official cadastral/hazard determination,SYNTHETIC_DEMO_NOT_OFFICIAL,SYNTHETIC_DEMO_POLYGON_NOT_OFFICIAL,DO_NOT_USE_AS_LEGAL_BOUNDARY,SYNTHETIC_DEMO_ONLY,NO,YES,NO
DEMO-04-0051,Kottathara,Wayanad,Vythiri,DEMO-04-04,DEMO-04/421,5,1599.9,0.16,Agriculture,11.6611403,76.0912216,1020.4,37.2,202.4,614.4,0.0,0.099,0.643,2040.8,733.5,1025.0,0.556,0.332,50.9,HIGH,191,NOT_RECOMMENDED_UNDER_DEMO_MODEL,High caution / prioritize mitigation,Synthetic parcel risk score from supplied demo dataset; not an official cadastral/hazard determination,SYNTHETIC_DEMO_NOT_OFFICIAL,SYNTHETIC_DEMO_POLYGON_NOT_OFFICIAL,DO_NOT_USE_AS_LEGAL_BOUNDARY,SYNTHETIC_DEMO_ONLY,NO,YES,NO
DEMO-04-0052,Kottathara,Wayanad,Vythiri,DEMO-04-02,DEMO-04/448,8,7777.4,0.7777,Forest-fringe,11.6612219,76.0923417,879.0,10.3,192.7,487.6,0.1,0.055,0.22,544.2,401.2,1702.2,0.616,0.664,37.0,MEDIUM,58,CONDITIONAL_REVIEW_REQUIRED,Monitor and apply mitigation,Synthetic parcel risk score from supplied demo dataset; not an official cadastral/hazard determination,SYNTHETIC_DEMO_NOT_OFFICIAL,SYNTHETIC_DEMO_POLYGON_NOT_OFFICIAL,DO_NOT_USE_AS_LEGAL_BOUNDARY,SYNTHETIC_DEMO_ONLY,NO,YES,NO
DEMO-04-0053,Kottathara,Wayanad,Vythiri,DEMO-04-02,DEMO-04/416,2,3685.5,0.3686,Forest-fringe,11.6613499,76.0937327,673.8,15.8,154.0,369.5,0.0,0.129,0.314,255.7,419.8,1355.0,0.048,0.411,37.5,MEDIUM,65,CONDITIONAL_REVIEW_REQUIRED,Monitor and apply mitigation,Synthetic parcel risk score from supplied demo dataset; not an official cadastral/hazard determination,SYNTHETIC_DEMO_NOT_OFFICIAL,SYNTHETIC_DEMO_POLYGON_NOT_OFFICIAL,DO_NOT_USE_AS_LEGAL_BOUNDARY,SYNTHETIC_DEMO_ONLY,NO,YES,NO
DEMO-04-0054,Kottathara,Wayanad,Vythiri,DEMO-04-09,DEMO-04/612,8,5989.1,0.5989,Plantation,11.6614566,76.094604,662.5,8.9,108.5,219.2,0.52,0.45,0.399,1901.0,240.7,599.3,0.594,0.538,38.9,MEDIUM,77,CONDITIONAL_REVIEW_REQUIRED,Monitor and apply mitigation,Synthetic parcel risk score from supplied demo dataset; not an official cadastral/hazard determination,SYNTHETIC_DEMO_NOT_OFFICIAL,SYNTHETIC_DEMO_POLYGON_NOT_OFFICIAL,DO_NOT_USE_AS_LEGAL_BOUNDARY,SYNTHETIC_DEMO_ONLY,NO,YES,NO
DEMO-04-0055,Kottathara,Wayanad,Vythiri,DEMO-04-07,DEMO-04/167,4,3632.1,0.3632,Agriculture,11.6613925,76.0957425,798.3,29.6,37.6,164.9,0.47,0.561,0.565,240.7,922.8,1695.7,0.367,0.332,51.7,HIGH,197,NOT_RECOMMENDED_UNDER_DEMO_MODEL,High caution / prioritize mitigation,Synthetic parcel risk score from supplied demo dataset; not an official cadastral/hazard determination,SYNTHETIC_DEMO_NOT_OFFICIAL,SYNTHETIC_DEMO_POLYGON_NOT_OFFICIAL,DO_NOT_USE_AS_LEGAL_BOUNDARY,SYNTHETIC_DEMO_ONLY,NO,YES,NO
DEMO-04-0056,Kottathara,Wayanad,Vythiri,DEMO-04-08,DEMO-04/567,6,6116.1,0.6116,Residential,11.6611785,76.0970853,942.8,5.9,216.8,614.4,0.0,0.12,0.249,2007.1,895.6,945.6,0.55,0.859,32.1,MEDIUM,24,CONDITIONAL_REVIEW_REQUIRED,Monitor and apply mitigation,Synthetic parcel risk score from supplied demo dataset; not an official cadastral/hazard determination,SYNTHETIC_DEMO_NOT_OFFICIAL,SYNTHETIC_DEMO_POLYGON_NOT_OFFICIAL,DO_NOT_USE_AS_LEGAL_BOUNDARY,SYNTHETIC_DEMO_ONLY,NO,YES,NO
DEMO-04-0057,Kottathara,Wayanad,Vythiri,DEMO-04-14,DEMO-04/299,9,3751.3,0.3751,Agriculture,11.6611953,76.0981309,693.3,32.2,135.8,532.3,0.51,0.386,0.651,81.2,192.0,291.1,0.379,0.425,55.2,HIGH,218,NOT_RECOMMENDED_UNDER_DEMO_MODEL,High caution / prioritize mitigation,Synthetic parcel risk score from supplied demo dataset; not an official cadastral/hazard determination,SYNTHETIC_DEMO_NOT_OFFICIAL,SYNTHETIC_DEMO_POLYGON_NOT_OFFICIAL,DO_NOT_USE_AS_LEGAL_BOUNDARY,SYNTHETIC_DEMO_ONLY,NO,YES,NO
DEMO-04-0058,Kottathara,Wayanad,Vythiri,DEMO-04-04,DEMO-04/265,8,6148.3,0.6148,Plantation,11.6611133,76.0990165,1041.2,20.5,217.6,470.5,0.41,0.558,0.416,1768.9,737.8,551.0,0.56,0.489,48.2,MEDIUM,162,CONDITIONAL_REVIEW_REQUIRED,Monitor and apply mitigation,Synthetic parcel risk score from supplied demo dataset; not an official cadastral/hazard determination,SYNTHETIC_DEMO_NOT_OFFICIAL,SYNTHETIC_DEMO_POLYGON_NOT_OFFICIAL,DO_NOT_USE_AS_LEGAL_BOUNDARY,SYNTHETIC_DEMO_ONLY,NO,YES,NO
DEMO-04-0059,Kottathara,Wayanad,Vythiri,DEMO-04-16,DEMO-04/60,1,1641.7,0.1642,Mixed,11.6611263,76.1004323,660.2,33.1,53.8,515.8,0.79,0.46,0.512,1533.3,919.9,951.8,0.37,0.562,49.0,MEDIUM,172,CONDITIONAL_REVIEW_REQUIRED,Monitor and apply mitigation,Synthetic parcel risk score from supplied demo dataset; not an official cadastral/hazard determination,SYNTHETIC_DEMO_NOT_OFFICIAL,SYNTHETIC_DEMO_POLYGON_NOT_OFFICIAL,DO_NOT_USE_AS_LEGAL_BOUNDARY,SYNTHETIC_DEMO_ONLY,NO,YES,NO
DEMO-04-0060,Kottathara,Wayanad,Vythiri,DEMO-04-18,DEMO-04/577,3,6321.7,0.6322,Mixed,11.6615323,76.1013827,927.9,8.0,83.0,405.2,0.37,0.248,0.3,2076.6,871.1,329.9,0.195,0.693,26.3,MEDIUM,8,CONDITIONAL_REVIEW_REQUIRED,Monitor and apply mitigation,Synthetic parcel risk score from supplied demo dataset; not an official cadastral/hazard determination,SYNTHETIC_DEMO_NOT_OFFICIAL,SYNTHETIC_DEMO_POLYGON_NOT_OFFICIAL,DO_NOT_USE_AS_LEGAL_BOUNDARY,SYNTHETIC_DEMO_ONLY,NO,YES,NO
DEMO-04-0061,Kottathara,Wayanad,Vythiri,DEMO-04-17,DEMO-04/247,3,6990.6,0.6991,Forest-fringe,11.6613827,76.1026819,854.8,10.2,134.5,540.5,0.27,0.258,0.432,2325.8,449.0,353.7,0.158,0.373,32.9,MEDIUM,29,CONDITIONAL_REVIEW_REQUIRED,Monitor and apply mitigation,Synthetic parcel risk score from supplied demo dataset; not an official cadastral/hazard determination,SYNTHETIC_DEMO_NOT_OFFICIAL,SYNTHETIC_DEMO_POLYGON_NOT_OFFICIAL,DO_NOT_USE_AS_LEGAL_BOUNDARY,SYNTHETIC_DEMO_ONLY,NO,YES,NO
DEMO-04-0062,Kottathara,Wayanad,Vythiri,DEMO-04-04,DEMO-04/91,6,6435.6,0.6436,Plantation,11.6614452,76.1040315,1009.1,23.0,93.7,435.9,0.09,0.245,0.344,1529.8,897.7,1681.3,0.223,0.373,36.3,MEDIUM,52,CONDITIONAL_REVIEW_REQUIRED,Monitor and apply mitigation,Synthetic parcel risk score from supplied demo dataset; not an official cadastral/hazard determination,SYNTHETIC_DEMO_NOT_OFFICIAL,SYNTHETIC_DEMO_POLYGON_NOT_OFFICIAL,DO_NOT_USE_AS_LEGAL_BOUNDARY,SYNTHETIC_DEMO_ONLY,NO,YES,NO
DEMO-04-0063,Kottathara,Wayanad,Vythiri,DEMO-04-08,DEMO-04/27,9,5417.7,0.5418,Agriculture,11.6615316,76.1052356,936.6,11.0,202.9,226.1,0.54,0.108,0.451,2092.9,754.3,688.3,0.063,0.655,37.7,MEDIUM,68,CONDITIONAL_REVIEW_REQUIRED,Monitor and apply mitigation,Synthetic parcel risk score from supplied demo dataset; not an official cadastral/hazard determination,SYNTHETIC_DEMO_NOT_OFFICIAL,SYNTHETIC_DEMO_POLYGON_NOT_OFFICIAL,DO_NOT_USE_AS_LEGAL_BOUNDARY,SYNTHETIC_DEMO_ONLY,NO,YES,NO
DEMO-04-0064,Kottathara,Wayanad,Vythiri,DEMO-04-20,DEMO-04/640,3,7861.9,0.7862,Forest-fringe,11.6614576,76.1059563,1001.2,31.7,63.1,377.8,0.87,0.671,0.708,1398.9,292.3,924.6,0.308,0.35,55.1,HIGH,216,NOT_RECOMMENDED_UNDER_DEMO_MODEL,High caution / prioritize mitigation,Synthetic parcel risk score from supplied demo dataset; not an official cadastral/hazard determination,SYNTHETIC_DEMO_NOT_OFFICIAL,SYNTHETIC_DEMO_POLYGON_NOT_OFFICIAL,DO_NOT_USE_AS_LEGAL_BOUNDARY,SYNTHETIC_DEMO_ONLY,NO,YES,NO
DEMO-04-0065,Kottathara,Wayanad,Vythiri,DEMO-04-02,DEMO-04/983,9,6185.4,0.6185,Residential,11.6610425,76.1071554,901.9,32.6,123.0,525.4,0.92,0.583,0.499,125.1,1076.2,600.9,0.355,0.488,55.2,HIGH,218,NOT_RECOMMENDED_UNDER_DEMO_MODEL,High caution / prioritize mitigation,Synthetic parcel risk score from supplied demo dataset; not an official cadastral/hazard determination,SYNTHETIC_DEMO_NOT_OFFICIAL,SYNTHETIC_DEMO_POLYGON_NOT_OFFICIAL,DO_NOT_USE_AS_LEGAL_BOUNDARY,SYNTHETIC_DEMO_ONLY,NO,YES,NO
DEMO-04-0066,Kottathara,Wayanad,Vythiri,DEMO-04-04,DEMO-04/379,4,2275.6,0.2276,Mixed,11.6613408,76.1082055,782.8,16.6,186.0,532.1,0.58,0.507,0.371,2037.3,651.8,742.0,0.042,0.346,43.4,MEDIUM,114,CONDITIONAL_REVIEW_REQUIRED,Monitor and apply mitigation,Synthetic parcel risk score from supplied demo dataset; not an official cadastral/hazard determination,SYNTHETIC_DEMO_NOT_OFFICIAL,SYNTHETIC_DEMO_POLYGON_NOT_OFFICIAL,DO_NOT_USE_AS_LEGAL_BOUNDARY,SYNTHETIC_DEMO_ONLY,NO,YES,NO
DEMO-04-0067,Kottathara,Wayanad,Vythiri,DEMO-04-03,DEMO-04/529,1,5973.2,0.5973,Mixed,11.6613185,76.1096364,876.1,23.6,48.4,150.6,0.81,0.799,0.493,1891.9,573.7,645.0,0.522,0.625,47.4,MEDIUM,154,CONDITIONAL_REVIEW_REQUIRED,Monitor and apply mitigation,Synthetic parcel risk score from supplied demo dataset; not an official cadastral/hazard determination,SYNTHETIC_DEMO_NOT_OFFICIAL,SYNTHETIC_DEMO_POLYGON_NOT_OFFICIAL,DO_NOT_USE_AS_LEGAL_BOUNDARY,SYNTHETIC_DEMO_ONLY,NO,YES,NO
DEMO-04-0068,Kottathara,Wayanad,Vythiri,DEMO-04-13,DEMO-04/619,6,2227.8,0.2228,Mixed,11.6614832,76.1106464,854.2,25.1,210.7,579.4,0.38,0.35,0.601,1088.1,701.7,582.5,0.433,0.732,52.9,HIGH,206,NOT_RECOMMENDED_UNDER_DEMO_MODEL,High caution / prioritize mitigation,Synthetic parcel risk score from supplied demo dataset; not an official cadastral/hazard determination,SYNTHETIC_DEMO_NOT_OFFICIAL,SYNTHETIC_DEMO_POLYGON_NOT_OFFICIAL,DO_NOT_USE_AS_LEGAL_BOUNDARY,SYNTHETIC_DEMO_ONLY,NO,YES,NO
DEMO-04-0069,Kottathara,Wayanad,Vythiri,DEMO-04-06,DEMO-04/833,3,5088.3,0.5088,Residential,11.6611655,76.1117387,1049.6,8.5,188.3,183.6,0.65,0.698,0.266,724.0,775.4,345.6,0.036,0.842,41.0,MEDIUM,93,CONDITIONAL_REVIEW_REQUIRED,Monitor and apply mitigation,Synthetic parcel risk score from supplied demo dataset; not an official cadastral/hazard determination,SYNTHETIC_DEMO_NOT_OFFICIAL,SYNTHETIC_DEMO_POLYGON_NOT_OFFICIAL,DO_NOT_USE_AS_LEGAL_BOUNDARY,SYNTHETIC_DEMO_ONLY,NO,YES,NO
DEMO-04-0070,Kottathara,Wayanad,Vythiri,DEMO-04-05,DEMO-04/905,3,5465.6,0.5466,Residential,11.6612474,76.1128266,1031.9,9.4,79.1,535.5,0.0,0.124,0.247,71.6,1062.8,378.1,0.546,0.748,26.5,MEDIUM,9,CONDITIONAL_REVIEW_REQUIRED,Monitor and apply mitigation,Synthetic parcel risk score from supplied demo dataset; not an official cadastral/hazard determination,SYNTHETIC_DEMO_NOT_OFFICIAL,SYNTHETIC_DEMO_POLYGON_NOT_OFFICIAL,DO_NOT_USE_AS_LEGAL_BOUNDARY,SYNTHETIC_DEMO_ONLY,NO,YES,NO
DEMO-04-0071,Kottathara,Wayanad,Vythiri,DEMO-04-09,DEMO-04/564,1,3225.6,0.3226,Agriculture,11.6611796,76.1142833,712.8,23.5,204.6,423.5,0.83,0.666,0.483,1265.6,722.3,885.7,0.1,0.624,55.9,HIGH,224,NOT_RECOMMENDED_UNDER_DEMO_MODEL,High caution / prioritize mitigation,Synthetic parcel risk score from supplied demo dataset; not an official cadastral/hazard determination,SYNTHETIC_DEMO_NOT_OFFICIAL,SYNTHETIC_DEMO_POLYGON_NOT_OFFICIAL,DO_NOT_USE_AS_LEGAL_BOUNDARY,SYNTHETIC_DEMO_ONLY,NO,YES,NO
DEMO-04-0072,Kottathara,Wayanad,Vythiri,DEMO-04-01,DEMO-04/888,7,2170.8,0.2171,Forest-fringe,11.6612226,76.1151889,837.7,27.7,190.1,275.4,0.36,0.181,0.488,1591.5,973.2,1398.4,0.597,0.662,49.6,MEDIUM,180,CONDITIONAL_REVIEW_REQUIRED,Monitor and apply mitigation,Synthetic parcel risk score from supplied demo dataset; not an official cadastral/hazard determination,SYNTHETIC_DEMO_NOT_OFFICIAL,SYNTHETIC_DEMO_POLYGON_NOT_OFFICIAL,DO_NOT_USE_AS_LEGAL_BOUNDARY,SYNTHETIC_DEMO_ONLY,NO,YES,NO
DEMO-04-0073,Kottathara,Wayanad,Vythiri,DEMO-04-03,DEMO-04/635,8,4468.0,0.4468,Agriculture,11.6613167,76.1162425,956.6,33.6,146.6,432.6,0.0,0.467,0.7,1585.9,920.6,329.6,0.447,0.282,51.5,HIGH,196,NOT_RECOMMENDED_UNDER_DEMO_MODEL,High caution / prioritize mitigation,Synthetic parcel risk score from supplied demo dataset; not an official cadastral/hazard determination,SYNTHETIC_DEMO_NOT_OFFICIAL,SYNTHETIC_DEMO_POLYGON_NOT_OFFICIAL,DO_NOT_USE_AS_LEGAL_BOUNDARY,SYNTHETIC_DEMO_ONLY,NO,YES,NO
DEMO-04-0074,Kottathara,Wayanad,Vythiri,DEMO-04-10,DEMO-04/404,1,7171.0,0.7171,Forest-fringe,11.6614229,76.1175032,887.0,19.6,46.2,524.3,0.03,0.36,0.303,1685.5,663.2,1205.9,0.53,0.495,32.9,MEDIUM,29,CONDITIONAL_REVIEW_REQUIRED,Monitor and apply mitigation,Synthetic parcel risk score from supplied demo dataset; not an official cadastral/hazard determination,SYNTHETIC_DEMO_NOT_OFFICIAL,SYNTHETIC_DEMO_POLYGON_NOT_OFFICIAL,DO_NOT_USE_AS_LEGAL_BOUNDARY,SYNTHETIC_DEMO_ONLY,NO,YES,NO
DEMO-04-0075,Kottathara,Wayanad,Vythiri,DEMO-04-05,DEMO-04/503,1,1049.8,0.105,Mixed,11.6614058,76.1186131,924.5,33.2,141.6,119.0,0.75,0.398,0.49,922.7,36.3,1333.1,0.611,0.525,54.5,HIGH,214,NOT_RECOMMENDED_UNDER_DEMO_MODEL,High caution / prioritize mitigation,Synthetic parcel risk score from supplied demo dataset; not an official cadastral/hazard determination,SYNTHETIC_DEMO_NOT_OFFICIAL,SYNTHETIC_DEMO_POLYGON_NOT_OFFICIAL,DO_NOT_USE_AS_LEGAL_BOUNDARY,SYNTHETIC_DEMO_ONLY,NO,YES,NO
DEMO-04-0076,Kottathara,Wayanad,Vythiri,DEMO-04-11,DEMO-04/685,3,7709.5,0.771,Residential,11.6623234,76.0910401,729.2,13.1,56.8,261.1,0.2,0.355,0.212,1673.5,505.8,1311.3,0.53,0.784,31.3,MEDIUM,20,CONDITIONAL_REVIEW_REQUIRED,Monitor and apply mitigation,Synthetic parcel risk score from supplied demo dataset; not an official cadastral/hazard determination,SYNTHETIC_DEMO_NOT_OFFICIAL,SYNTHETIC_DEMO_POLYGON_NOT_OFFICIAL,DO_NOT_USE_AS_LEGAL_BOUNDARY,SYNTHETIC_DEMO_ONLY,NO,YES,NO
DEMO-04-0077,Kottathara,Wayanad,Vythiri,DEMO-04-02,DEMO-04/920,2,7472.6,0.7473,Forest-fringe,11.6626177,76.0925023,665.0,31.1,69.6,464.3,0.17,0.207,0.576,204.0,433.8,1455.9,0.103,0.655,46.8,MEDIUM,147,CONDITIONAL_REVIEW_REQUIRED,Monitor and apply mitigation,Synthetic parcel risk score from supplied demo dataset; not an official cadastral/hazard determination,SYNTHETIC_DEMO_NOT_OFFICIAL,SYNTHETIC_DEMO_POLYGON_NOT_OFFICIAL,DO_NOT_USE_AS_LEGAL_BOUNDARY,SYNTHETIC_DEMO_ONLY,NO,YES,NO
DEMO-04-0078,Kottathara,Wayanad,Vythiri,DEMO-04-03,DEMO-04/355,9,1688.4,0.1688,Plantation,11.662402,76.0932179,853.1,7.7,117.7,217.0,0.17,0.145,0.294,726.7,616.3,1442.0,0.104,0.328,31.8,MEDIUM,22,CONDITIONAL_REVIEW_REQUIRED,Monitor and apply mitigation,Synthetic parcel risk score from supplied demo dataset; not an official cadastral/hazard determination,SYNTHETIC_DEMO_NOT_OFFICIAL,SYNTHETIC_DEMO_POLYGON_NOT_OFFICIAL,DO_NOT_USE_AS_LEGAL_BOUNDARY,SYNTHETIC_DEMO_ONLY,NO,YES,NO
DEMO-04-0079,Kottathara,Wayanad,Vythiri,DEMO-04-18,DEMO-04/872,4,6955.2,0.6955,Mixed,11.6624448,76.0945838,896.8,31.1,217.2,204.8,0.0,0.554,0.705,245.5,969.9,768.5,0.612,0.39,61.4,HIGH,245,NOT_RECOMMENDED_UNDER_DEMO_MODEL,High caution / prioritize mitigation,Synthetic parcel risk score from supplied demo dataset; not an official cadastral/hazard determination,SYNTHETIC_DEMO_NOT_OFFICIAL,SYNTHETIC_DEMO_POLYGON_NOT_OFFICIAL,DO_NOT_USE_AS_LEGAL_BOUNDARY,SYNTHETIC_DEMO_ONLY,NO,YES,NO
DEMO-04-0080,Kottathara,Wayanad,Vythiri,DEMO-04-01,DEMO-04/297,3,2991.9,0.2992,Residential,11.6624784,76.0955896,654.9,5.3,39.2,261.8,0.0,0.084,0.266,340.7,500.2,988.5,0.372,0.388,25.6,MEDIUM,5,CONDITIONAL_REVIEW_REQUIRED,Monitor and apply mitigation,Synthetic parcel risk score from supplied demo dataset; not an official cadastral/hazard determination,SYNTHETIC_DEMO_NOT_OFFICIAL,SYNTHETIC_DEMO_POLYGON_NOT_OFFICIAL,DO_NOT_USE_AS_LEGAL_BOUNDARY,SYNTHETIC_DEMO_ONLY,NO,YES,NO
DEMO-04-0081,Kottathara,Wayanad,Vythiri,DEMO-04-15,DEMO-04/662,9,7004.4,0.7004,Mixed,11.6626707,76.0968908,720.2,20.8,156.6,568.7,0.26,0.683,0.504,967.5,229.1,1503.9,0.458,0.768,53.8,HIGH,209,NOT_RECOMMENDED_UNDER_DEMO_MODEL,High caution / prioritize mitigation,Synthetic parcel risk score from supplied demo dataset; not an official cadastral/hazard determination,SYNTHETIC_DEMO_NOT_OFFICIAL,SYNTHETIC_DEMO_POLYGON_NOT_OFFICIAL,DO_NOT_USE_AS_LEGAL_BOUNDARY,SYNTHETIC_DEMO_ONLY,NO,YES,NO
DEMO-04-0082,Kottathara,Wayanad,Vythiri,DEMO-04-20,DEMO-04/829,8,2107.2,0.2107,Agriculture,11.6624313,76.098087,744.8,8.6,165.3,497.7,0.17,0.421,0.13,434.3,1125.1,117.1,0.564,0.505,33.9,MEDIUM,36,CONDITIONAL_REVIEW_REQUIRED,Monitor and apply mitigation,Synthetic parcel risk score from supplied demo dataset; not an official cadastral/hazard determination,SYNTHETIC_DEMO_NOT_OFFICIAL,SYNTHETIC_DEMO_POLYGON_NOT_OFFICIAL,DO_NOT_USE_AS_LEGAL_BOUNDARY,SYNTHETIC_DEMO_ONLY,NO,YES,NO
DEMO-04-0083,Kottathara,Wayanad,Vythiri,DEMO-04-13,DEMO-04/765,5,5335.2,0.5335,Forest-fringe,11.6625036,76.0992976,875.6,13.4,81.5,557.0,1.17,0.692,0.448,2189.7,456.2,608.7,0.268,0.376,43.6,MEDIUM,118,CONDITIONAL_REVIEW_REQUIRED,Monitor and apply mitigation,Synthetic parcel risk score from supplied demo dataset; not an official cadastral/hazard determination,SYNTHETIC_DEMO_NOT_OFFICIAL,SYNTHETIC_DEMO_POLYGON_NOT_OFFICIAL,DO_NOT_USE_AS_LEGAL_BOUNDARY,SYNTHETIC_DEMO_ONLY,NO,YES,NO
DEMO-04-0084,Kottathara,Wayanad,Vythiri,DEMO-04-11,DEMO-04/833,3,4924.5,0.4924,Agriculture,11.6625049,76.1002114,828.8,28.0,190.2,402.2,0.0,0.181,0.666,151.3,657.6,395.5,0.621,0.847,52.2,HIGH,203,NOT_RECOMMENDED_UNDER_DEMO_MODEL,High caution / prioritize mitigation,Synthetic parcel risk score from supplied demo dataset; not an official cadastral/hazard determination,SYNTHETIC_DEMO_NOT_OFFICIAL,SYNTHETIC_DEMO_POLYGON_NOT_OFFICIAL,DO_NOT_USE_AS_LEGAL_BOUNDARY,SYNTHETIC_DEMO_ONLY,NO,YES,NO
DEMO-04-0085,Kottathara,Wayanad,Vythiri,DEMO-04-17,DEMO-04/599,3,1133.7,0.1134,Mixed,11.662369,76.1013494,964.1,18.4,205.2,497.2,0.98,0.737,0.45,911.6,1082.5,1165.9,0.595,0.547,57.5,HIGH,231,NOT_RECOMMENDED_UNDER_DEMO_MODEL,High caution / prioritize mitigation,Synthetic parcel risk score from supplied demo dataset; not an official cadastral/hazard determination,SYNTHETIC_DEMO_NOT_OFFICIAL,SYNTHETIC_DEMO_POLYGON_NOT_OFFICIAL,DO_NOT_USE_AS_LEGAL_BOUNDARY,SYNTHETIC_DEMO_ONLY,NO,YES,NO
DEMO-04-0086,Kottathara,Wayanad,Vythiri,DEMO-04-13,DEMO-04/599,4,1353.9,0.1354,Residential,11.6624422,76.102651,712.4,19.5,204.6,521.7,0.38,0.361,0.445,798.7,980.8,1527.3,0.567,0.452,51.9,HIGH,198,NOT_RECOMMENDED_UNDER_DEMO_MODEL,High caution / prioritize mitigation,Synthetic parcel risk score from supplied demo dataset; not an official cadastral/hazard determination,SYNTHETIC_DEMO_NOT_OFFICIAL,SYNTHETIC_DEMO_POLYGON_NOT_OFFICIAL,DO_NOT_USE_AS_LEGAL_BOUNDARY,SYNTHETIC_DEMO_ONLY,NO,YES,NO
DEMO-04-0087,Kottathara,Wayanad,Vythiri,DEMO-04-03,DEMO-04/165,8,1601.2,0.1601,Mixed,11.6625507,76.1036369,851.7,32.9,156.4,250.2,0.5,0.697,0.668,338.1,703.2,808.6,0.529,0.371,62.0,HIGH,247,NOT_RECOMMENDED_UNDER_DEMO_MODEL,High caution / prioritize mitigation,Synthetic parcel risk score from supplied demo dataset; not an official cadastral/hazard determination,SYNTHETIC_DEMO_NOT_OFFICIAL,SYNTHETIC_DEMO_POLYGON_NOT_OFFICIAL,DO_NOT_USE_AS_LEGAL_BOUNDARY,SYNTHETIC_DEMO_ONLY,NO,YES,NO
DEMO-04-0088,Kottathara,Wayanad,Vythiri,DEMO-04-16,DEMO-04/833,8,7488.0,0.7488,Mixed,11.6622913,76.1052125,954.6,10.8,190.5,567.7,0.81,0.638,0.206,1485.5,43.4,240.7,0.332,0.502,40.6,MEDIUM,89,CONDITIONAL_REVIEW_REQUIRED,Monitor and apply mitigation,Synthetic parcel risk score from supplied demo dataset; not an official cadastral/hazard determination,SYNTHETIC_DEMO_NOT_OFFICIAL,SYNTHETIC_DEMO_POLYGON_NOT_OFFICIAL,DO_NOT_USE_AS_LEGAL_BOUNDARY,SYNTHETIC_DEMO_ONLY,NO,YES,NO
DEMO-04-0089,Kottathara,Wayanad,Vythiri,DEMO-04-04,DEMO-04/946,2,4460.5,0.446,Residential,11.6624678,76.1058956,916.6,27.4,118.3,154.7,0.0,0.344,0.645,1196.0,833.0,1225.6,0.649,0.396,49.4,MEDIUM,177,CONDITIONAL_REVIEW_REQUIRED,Monitor and apply mitigation,Synthetic parcel risk score from supplied demo dataset; not an official cadastral/hazard determination,SYNTHETIC_DEMO_NOT_OFFICIAL,SYNTHETIC_DEMO_POLYGON_NOT_OFFICIAL,DO_NOT_USE_AS_LEGAL_BOUNDARY,SYNTHETIC_DEMO_ONLY,NO,YES,NO
DEMO-04-0090,Kottathara,Wayanad,Vythiri,DEMO-04-19,DEMO-04/396,9,7949.3,0.7949,Plantation,11.6626803,76.1074973,947.9,30.2,47.5,182.7,0.72,0.698,0.463,1215.9,905.6,1209.1,0.094,0.324,47.7,MEDIUM,156,CONDITIONAL_REVIEW_REQUIRED,Monitor and apply mitigation,Synthetic parcel risk score from supplied demo dataset; not an official cadastral/hazard determination,SYNTHETIC_DEMO_NOT_OFFICIAL,SYNTHETIC_DEMO_POLYGON_NOT_OFFICIAL,DO_NOT_USE_AS_LEGAL_BOUNDARY,SYNTHETIC_DEMO_ONLY,NO,YES,NO
DEMO-04-0091,Kottathara,Wayanad,Vythiri,DEMO-04-03,DEMO-04/565,1,3516.4,0.3516,Agriculture,11.6627147,76.1084381,926.6,18.0,105.4,480.5,0.84,0.539,0.448,1396.1,503.3,302.7,0.216,0.846,42.7,MEDIUM,107,CONDITIONAL_REVIEW_REQUIRED,Monitor and apply mitigation,Synthetic parcel risk score from supplied demo dataset; not an official cadastral/hazard determination,SYNTHETIC_DEMO_NOT_OFFICIAL,SYNTHETIC_DEMO_POLYGON_NOT_OFFICIAL,DO_NOT_USE_AS_LEGAL_BOUNDARY,SYNTHETIC_DEMO_ONLY,NO,YES,NO
DEMO-04-0092,Kottathara,Wayanad,Vythiri,DEMO-04-14,DEMO-04/527,4,4275.5,0.4276,Plantation,11.6627477,76.109579,965.6,16.6,70.0,469.4,0.32,0.557,0.519,1460.1,1129.0,584.6,0.573,0.852,41.3,MEDIUM,94,CONDITIONAL_REVIEW_REQUIRED,Monitor and apply mitigation,Synthetic parcel risk score from supplied demo dataset; not an official cadastral/hazard determination,SYNTHETIC_DEMO_NOT_OFFICIAL,SYNTHETIC_DEMO_POLYGON_NOT_OFFICIAL,DO_NOT_USE_AS_LEGAL_BOUNDARY,SYNTHETIC_DEMO_ONLY,NO,YES,NO
DEMO-04-0093,Kottathara,Wayanad,Vythiri,DEMO-04-19,DEMO-04/113,2,768.9,0.0769,Plantation,11.6626566,76.1106276,934.8,7.0,62.9,508.2,0.04,0.327,0.157,826.6,893.3,730.0,0.312,0.263,24.6,LOW,4,CANDIDATE_FOR_FURTHER_ASSESSMENT,Normal monitoring,Synthetic parcel risk score from supplied demo dataset; not an official cadastral/hazard determination,SYNTHETIC_DEMO_NOT_OFFICIAL,SYNTHETIC_DEMO_POLYGON_NOT_OFFICIAL,DO_NOT_USE_AS_LEGAL_BOUNDARY,SYNTHETIC_DEMO_ONLY,NO,YES,NO
DEMO-04-0094,Kottathara,Wayanad,Vythiri,DEMO-04-04,DEMO-04/870,1,2177.2,0.2177,Residential,11.6627561,76.1119012,950.1,29.7,109.2,338.1,0.0,0.341,0.454,88.6,164.3,1614.1,0.397,0.364,46.8,MEDIUM,147,CONDITIONAL_REVIEW_REQUIRED,Monitor and apply mitigation,Synthetic parcel risk score from supplied demo dataset; not an official cadastral/hazard determination,SYNTHETIC_DEMO_NOT_OFFICIAL,SYNTHETIC_DEMO_POLYGON_NOT_OFFICIAL,DO_NOT_USE_AS_LEGAL_BOUNDARY,SYNTHETIC_DEMO_ONLY,NO,YES,NO
DEMO-04-0095,Kottathara,Wayanad,Vythiri,DEMO-04-01,DEMO-04/617,5,539.9,0.054,Agriculture,11.6623069,76.1128582,846.7,33.6,45.0,580.0,0.54,0.58,0.718,1882.0,194.3,401.0,0.046,0.889,49.0,MEDIUM,172,CONDITIONAL_REVIEW_REQUIRED,Monitor and apply mitigation,Synthetic parcel risk score from supplied demo dataset; not an official cadastral/hazard determination,SYNTHETIC_DEMO_NOT_OFFICIAL,SYNTHETIC_DEMO_POLYGON_NOT_OFFICIAL,DO_NOT_USE_AS_LEGAL_BOUNDARY,SYNTHETIC_DEMO_ONLY,NO,YES,NO
DEMO-04-0096,Kottathara,Wayanad,Vythiri,DEMO-04-16,DEMO-04/374,5,6987.2,0.6987,Agriculture,11.6623947,76.1141739,673.0,6.8,123.1,127.1,0.89,0.802,0.379,1758.4,885.5,405.3,0.363,0.275,44.1,MEDIUM,125,CONDITIONAL_REVIEW_REQUIRED,Monitor and apply mitigation,Synthetic parcel risk score from supplied demo dataset; not an official cadastral/hazard determination,SYNTHETIC_DEMO_NOT_OFFICIAL,SYNTHETIC_DEMO_POLYGON_NOT_OFFICIAL,DO_NOT_USE_AS_LEGAL_BOUNDARY,SYNTHETIC_DEMO_ONLY,NO,YES,NO
DEMO-04-0097,Kottathara,Wayanad,Vythiri,DEMO-04-08,DEMO-04/102,3,7811.6,0.7812,Residential,11.6623705,76.1151789,735.1,11.8,206.9,195.0,0.86,0.619,0.339,1074.8,905.6,868.5,0.585,0.593,50.5,HIGH,187,NOT_RECOMMENDED_UNDER_DEMO_MODEL,High caution / prioritize mitigation,Synthetic parcel risk score from supplied demo dataset; not an official cadastral/hazard determination,SYNTHETIC_DEMO_NOT_OFFICIAL,SYNTHETIC_DEMO_POLYGON_NOT_OFFICIAL,DO_NOT_USE_AS_LEGAL_BOUNDARY,SYNTHETIC_DEMO_ONLY,NO,YES,NO
DEMO-04-0098,Kottathara,Wayanad,Vythiri,DEMO-04-12,DEMO-04/531,8,7714.3,0.7714,Residential,11.6627433,76.1165017,764.3,19.0,97.5,556.4,0.15,0.458,0.508,1829.3,853.0,523.0,0.216,0.28,39.9,MEDIUM,83,CONDITIONAL_REVIEW_REQUIRED,Monitor and apply mitigation,Synthetic parcel risk score from supplied demo dataset; not an official cadastral/hazard determination,SYNTHETIC_DEMO_NOT_OFFICIAL,SYNTHETIC_DEMO_POLYGON_NOT_OFFICIAL,DO_NOT_USE_AS_LEGAL_BOUNDARY,SYNTHETIC_DEMO_ONLY,NO,YES,NO
DEMO-04-0099,Kottathara,Wayanad,Vythiri,DEMO-04-17,DEMO-04/682,3,3115.4,0.3115,Residential,11.6625454,76.1173642,947.5,14.1,38.2,451.3,0.79,0.688,0.477,1999.0,699.5,1285.3,0.424,0.811,42.5,MEDIUM,104,CONDITIONAL_REVIEW_REQUIRED,Monitor and apply mitigation,Synthetic parcel risk score from supplied demo dataset; not an official cadastral/hazard determination,SYNTHETIC_DEMO_NOT_OFFICIAL,SYNTHETIC_DEMO_POLYGON_NOT_OFFICIAL,DO_NOT_USE_AS_LEGAL_BOUNDARY,SYNTHETIC_DEMO_ONLY,NO,YES,NO
DEMO-04-0100,Kottathara,Wayanad,Vythiri,DEMO-04-16,DEMO-04/987,8,2103.3,0.2103,Agriculture,11.6625278,76.1189517,820.7,8.3,104.5,407.7,0.75,0.596,0.176,751.1,911.3,1268.9,0.048,0.668,37.1,MEDIUM,61,CONDITIONAL_REVIEW_REQUIRED,Monitor and apply mitigation,Synthetic parcel risk score from supplied demo dataset; not an official cadastral/hazard determination,SYNTHETIC_DEMO_NOT_OFFICIAL,SYNTHETIC_DEMO_POLYGON_NOT_OFFICIAL,DO_NOT_USE_AS_LEGAL_BOUNDARY,SYNTHETIC_DEMO_ONLY,NO,YES,NO
DEMO-04-0101,Kottathara,Wayanad,Vythiri,DEMO-04-12,DEMO-04/261,4,4071.5,0.4072,Residential,11.663561,76.0912342,981.2,6.4,104.2,432.3,1.31,0.741,0.152,1620.2,91.7,122.4,0.588,0.359,37.1,MEDIUM,61,CONDITIONAL_REVIEW_REQUIRED,Monitor and apply mitigation,Synthetic parcel risk score from supplied demo dataset; not an official cadastral/hazard determination,SYNTHETIC_DEMO_NOT_OFFICIAL,SYNTHETIC_DEMO_POLYGON_NOT_OFFICIAL,DO_NOT_USE_AS_LEGAL_BOUNDARY,SYNTHETIC_DEMO_ONLY,NO,YES,NO
DEMO-04-0102,Kottathara,Wayanad,Vythiri,DEMO-04-02,DEMO-04/296,3,2458.1,0.2458,Mixed,11.6635813,76.0925033,989.8,13.0,218.8,196.7,0.58,0.249,0.461,470.3,442.9,538.5,0.069,0.803,44.3,MEDIUM,127,CONDITIONAL_REVIEW_REQUIRED,Monitor and apply mitigation,Synthetic parcel risk score from supplied demo dataset; not an official cadastral/hazard determination,SYNTHETIC_DEMO_NOT_OFFICIAL,SYNTHETIC_DEMO_POLYGON_NOT_OFFICIAL,DO_NOT_USE_AS_LEGAL_BOUNDARY,SYNTHETIC_DEMO_ONLY,NO,YES,NO
DEMO-04-0103,Kottathara,Wayanad,Vythiri,DEMO-04-11,DEMO-04/2,5,1601.7,0.1602,Residential,11.6636524,76.0936774,798.3,16.7,190.5,415.0,0.26,0.133,0.377,2391.5,747.6,218.0,0.628,0.409,37.2,MEDIUM,63,CONDITIONAL_REVIEW_REQUIRED,Monitor and apply mitigation,Synthetic parcel risk score from supplied demo dataset; not an official cadastral/hazard determination,SYNTHETIC_DEMO_NOT_OFFICIAL,SYNTHETIC_DEMO_POLYGON_NOT_OFFICIAL,DO_NOT_USE_AS_LEGAL_BOUNDARY,SYNTHETIC_DEMO_ONLY,NO,YES,NO
DEMO-04-0104,Kottathara,Wayanad,Vythiri,DEMO-04-08,DEMO-04/868,5,4296.8,0.4297,Residential,11.6635648,76.094598,652.2,15.6,161.0,609.5,0.46,0.681,0.419,954.2,724.0,90.3,0.378,0.703,47.0,MEDIUM,152,CONDITIONAL_REVIEW_REQUIRED,Monitor and apply mitigation,Synthetic parcel risk score from supplied demo dataset; not an official cadastral/hazard determination,SYNTHETIC_DEMO_NOT_OFFICIAL,SYNTHETIC_DEMO_POLYGON_NOT_OFFICIAL,DO_NOT_USE_AS_LEGAL_BOUNDARY,SYNTHETIC_DEMO_ONLY,NO,YES,NO
DEMO-04-0105,Kottathara,Wayanad,Vythiri,DEMO-04-12,DEMO-04/669,5,1821.6,0.1822,Forest-fringe,11.6639895,76.0955639,659.6,23.2,78.8,446.1,0.35,0.558,0.56,1250.4,566.0,395.1,0.546,0.697,46.9,MEDIUM,150,CONDITIONAL_REVIEW_REQUIRED,Monitor and apply mitigation,Synthetic parcel risk score from supplied demo dataset; not an official cadastral/hazard determination,SYNTHETIC_DEMO_NOT_OFFICIAL,SYNTHETIC_DEMO_POLYGON_NOT_OFFICIAL,DO_NOT_USE_AS_LEGAL_BOUNDARY,SYNTHETIC_DEMO_ONLY,NO,YES,NO
DEMO-04-0106,Kottathara,Wayanad,Vythiri,DEMO-04-11,DEMO-04/485,6,5081.7,0.5082,Residential,11.6636627,76.0971245,930.2,35.2,195.2,153.5,0.17,0.136,0.619,1904.9,930.6,1731.5,0.37,0.316,52.8,HIGH,205,NOT_RECOMMENDED_UNDER_DEMO_MODEL,High caution / prioritize mitigation,Synthetic parcel risk score from supplied demo dataset; not an official cadastral/hazard determination,SYNTHETIC_DEMO_NOT_OFFICIAL,SYNTHETIC_DEMO_POLYGON_NOT_OFFICIAL,DO_NOT_USE_AS_LEGAL_BOUNDARY,SYNTHETIC_DEMO_ONLY,NO,YES,NO
DEMO-04-0107,Kottathara,Wayanad,Vythiri,DEMO-04-10,DEMO-04/139,1,2528.4,0.2528,Forest-fringe,11.663893,76.0983165,726.6,25.5,99.4,113.5,0.0,0.046,0.424,2083.1,955.0,1024.7,0.45,0.823,35.9,MEDIUM,49,CONDITIONAL_REVIEW_REQUIRED,Monitor and apply mitigation,Synthetic parcel risk score from supplied demo dataset; not an official cadastral/hazard determination,SYNTHETIC_DEMO_NOT_OFFICIAL,SYNTHETIC_DEMO_POLYGON_NOT_OFFICIAL,DO_NOT_USE_AS_LEGAL_BOUNDARY,SYNTHETIC_DEMO_ONLY,NO,YES,NO
DEMO-04-0108,Kottathara,Wayanad,Vythiri,DEMO-04-08,DEMO-04/882,6,7204.8,0.7205,Agriculture,11.6638001,76.0994116,848.9,35.8,157.3,542.2,0.43,0.275,0.533,2254.3,905.3,734.6,0.236,0.299,48.1,MEDIUM,161,CONDITIONAL_REVIEW_REQUIRED,Monitor and apply mitigation,Synthetic parcel risk score from supplied demo dataset; not an official cadastral/hazard determination,SYNTHETIC_DEMO_NOT_OFFICIAL,SYNTHETIC_DEMO_POLYGON_NOT_OFFICIAL,DO_NOT_USE_AS_LEGAL_BOUNDARY,SYNTHETIC_DEMO_ONLY,NO,YES,NO
DEMO-04-0109,Kottathara,Wayanad,Vythiri,DEMO-04-03,DEMO-04/262,5,4296.5,0.4296,Agriculture,11.6637552,76.1004532,853.0,15.9,81.6,571.1,0.68,0.847,0.415,1644.3,1114.0,1296.8,0.096,0.526,45.6,MEDIUM,134,CONDITIONAL_REVIEW_REQUIRED,Monitor and apply mitigation,Synthetic parcel risk score from supplied demo dataset; not an official cadastral/hazard determination,SYNTHETIC_DEMO_NOT_OFFICIAL,SYNTHETIC_DEMO_POLYGON_NOT_OFFICIAL,DO_NOT_USE_AS_LEGAL_BOUNDARY,SYNTHETIC_DEMO_ONLY,NO,YES,NO
DEMO-04-0110,Kottathara,Wayanad,Vythiri,DEMO-04-06,DEMO-04/572,1,5774.1,0.5774,Plantation,11.6635182,76.1014596,1039.6,22.5,135.7,484.9,0.05,0.183,0.371,1697.7,1001.5,609.1,0.205,0.852,34.4,MEDIUM,38,CONDITIONAL_REVIEW_REQUIRED,Monitor and apply mitigation,Synthetic parcel risk score from supplied demo dataset; not an official cadastral/hazard determination,SYNTHETIC_DEMO_NOT_OFFICIAL,SYNTHETIC_DEMO_POLYGON_NOT_OFFICIAL,DO_NOT_USE_AS_LEGAL_BOUNDARY,SYNTHETIC_DEMO_ONLY,NO,YES,NO
DEMO-04-0111,Kottathara,Wayanad,Vythiri,DEMO-04-17,DEMO-04/72,2,4969.5,0.497,Plantation,11.6635183,76.102831,731.9,15.3,175.9,480.1,0.53,0.288,0.37,209.5,960.1,991.8,0.53,0.521,46.0,MEDIUM,140,CONDITIONAL_REVIEW_REQUIRED,Monitor and apply mitigation,Synthetic parcel risk score from supplied demo dataset; not an official cadastral/hazard determination,SYNTHETIC_DEMO_NOT_OFFICIAL,SYNTHETIC_DEMO_POLYGON_NOT_OFFICIAL,DO_NOT_USE_AS_LEGAL_BOUNDARY,SYNTHETIC_DEMO_ONLY,NO,YES,NO
DEMO-04-0112,Kottathara,Wayanad,Vythiri,DEMO-04-19,DEMO-04/961,8,1150.7,0.1151,Plantation,11.6636131,76.1035521,671.9,33.3,174.9,495.9,0.69,0.539,0.577,274.7,568.2,1314.5,0.648,0.818,63.2,HIGH,249,NOT_RECOMMENDED_UNDER_DEMO_MODEL,High caution / prioritize mitigation,Synthetic parcel risk score from supplied demo dataset; not an official cadastral/hazard determination,SYNTHETIC_DEMO_NOT_OFFICIAL,SYNTHETIC_DEMO_POLYGON_NOT_OFFICIAL,DO_NOT_USE_AS_LEGAL_BOUNDARY,SYNTHETIC_DEMO_ONLY,NO,YES,NO
DEMO-04-0113,Kottathara,Wayanad,Vythiri,DEMO-04-06,DEMO-04/147,9,5951.8,0.5952,Forest-fringe,11.6638104,76.1052291,1021.3,9.0,111.8,467.1,0.63,0.783,0.256,1590.3,1164.5,1799.2,0.414,0.846,42.0,MEDIUM,100,CONDITIONAL_REVIEW_REQUIRED,Monitor and apply mitigation,Synthetic parcel risk score from supplied demo dataset; not an official cadastral/hazard determination,SYNTHETIC_DEMO_NOT_OFFICIAL,SYNTHETIC_DEMO_POLYGON_NOT_OFFICIAL,DO_NOT_USE_AS_LEGAL_BOUNDARY,SYNTHETIC_DEMO_ONLY,NO,YES,NO
DEMO-04-0114,Kottathara,Wayanad,Vythiri,DEMO-04-02,DEMO-04/704,7,2011.0,0.2011,Forest-fringe,11.6637639,76.1062206,767.7,32.2,163.0,300.8,0.41,0.235,0.736,705.9,345.5,988.3,0.558,0.267,57.5,HIGH,231,NOT_RECOMMENDED_UNDER_DEMO_MODEL,High caution / prioritize mitigation,Synthetic parcel risk score from supplied demo dataset; not an official cadastral/hazard determination,SYNTHETIC_DEMO_NOT_OFFICIAL,SYNTHETIC_DEMO_POLYGON_NOT_OFFICIAL,DO_NOT_USE_AS_LEGAL_BOUNDARY,SYNTHETIC_DEMO_ONLY,NO,YES,NO
DEMO-04-0115,Kottathara,Wayanad,Vythiri,DEMO-04-17,DEMO-04/262,6,7222.9,0.7223,Forest-fringe,11.6635178,76.1074886,805.9,30.8,139.5,377.8,0.91,0.644,0.725,621.5,492.7,579.2,0.059,0.77,60.2,HIGH,242,NOT_RECOMMENDED_UNDER_DEMO_MODEL,High caution / prioritize mitigation,Synthetic parcel risk score from supplied demo dataset; not an official cadastral/hazard determination,SYNTHETIC_DEMO_NOT_OFFICIAL,SYNTHETIC_DEMO_POLYGON_NOT_OFFICIAL,DO_NOT_USE_AS_LEGAL_BOUNDARY,SYNTHETIC_DEMO_ONLY,NO,YES,NO
DEMO-04-0116,Kottathara,Wayanad,Vythiri,DEMO-04-15,DEMO-04/446,1,1592.9,0.1593,Plantation,11.6638706,76.1085258,702.1,29.7,55.6,525.2,0.97,0.806,0.591,156.2,415.9,1586.6,0.47,0.413,60.6,HIGH,243,NOT_RECOMMENDED_UNDER_DEMO_MODEL,High caution / prioritize mitigation,Synthetic parcel risk score from supplied demo dataset; not an official cadastral/hazard determination,SYNTHETIC_DEMO_NOT_OFFICIAL,SYNTHETIC_DEMO_POLYGON_NOT_OFFICIAL,DO_NOT_USE_AS_LEGAL_BOUNDARY,SYNTHETIC_DEMO_ONLY,NO,YES,NO
DEMO-04-0117,Kottathara,Wayanad,Vythiri,DEMO-04-13,DEMO-04/845,1,4094.4,0.4094,Mixed,11.6639119,76.1097963,793.6,30.6,41.8,282.0,0.47,0.349,0.639,947.5,499.6,562.5,0.269,0.775,45.9,MEDIUM,139,CONDITIONAL_REVIEW_REQUIRED,Monitor and apply mitigation,Synthetic parcel risk score from supplied demo dataset; not an official cadastral/hazard determination,SYNTHETIC_DEMO_NOT_OFFICIAL,SYNTHETIC_DEMO_POLYGON_NOT_OFFICIAL,DO_NOT_USE_AS_LEGAL_BOUNDARY,SYNTHETIC_DEMO_ONLY,NO,YES,NO
DEMO-04-0118,Kottathara,Wayanad,Vythiri,DEMO-04-09,DEMO-04/605,4,7465.5,0.7466,Agriculture,11.6639827,76.1104921,791.3,13.7,173.9,256.2,0.03,0.136,0.377,1755.1,712.1,1279.3,0.155,0.596,36.4,MEDIUM,53,CONDITIONAL_REVIEW_REQUIRED,Monitor and apply mitigation,Synthetic parcel risk score from supplied demo dataset; not an official cadastral/hazard determination,SYNTHETIC_DEMO_NOT_OFFICIAL,SYNTHETIC_DEMO_POLYGON_NOT_OFFICIAL,DO_NOT_USE_AS_LEGAL_BOUNDARY,SYNTHETIC_DEMO_ONLY,NO,YES,NO
DEMO-04-0119,Kottathara,Wayanad,Vythiri,DEMO-04-16,DEMO-04/498,4,4733.0,0.4733,Mixed,11.6636857,76.1117357,1035.6,12.9,165.7,366.3,0.2,0.213,0.404,1079.5,445.2,1449.7,0.098,0.495,38.4,MEDIUM,73,CONDITIONAL_REVIEW_REQUIRED,Monitor and apply mitigation,Synthetic parcel risk score from supplied demo dataset; not an official cadastral/hazard determination,SYNTHETIC_DEMO_NOT_OFFICIAL,SYNTHETIC_DEMO_POLYGON_NOT_OFFICIAL,DO_NOT_USE_AS_LEGAL_BOUNDARY,SYNTHETIC_DEMO_ONLY,NO,YES,NO
DEMO-04-0120,Kottathara,Wayanad,Vythiri,DEMO-04-03,DEMO-04/942,5,6117.2,0.6117,Plantation,11.6636717,76.1131424,882.7,19.9,86.4,251.0,0.75,0.627,0.369,2272.4,132.8,1051.4,0.632,0.471,43.6,MEDIUM,118,CONDITIONAL_REVIEW_REQUIRED,Monitor and apply mitigation,Synthetic parcel risk score from supplied demo dataset; not an official cadastral/hazard determination,SYNTHETIC_DEMO_NOT_OFFICIAL,SYNTHETIC_DEMO_POLYGON_NOT_OFFICIAL,DO_NOT_USE_AS_LEGAL_BOUNDARY,SYNTHETIC_DEMO_ONLY,NO,YES,NO
DEMO-04-0121,Kottathara,Wayanad,Vythiri,DEMO-04-07,DEMO-04/243,2,1920.8,0.1921,Agriculture,11.6637534,76.1140062,984.8,11.3,212.2,126.9,1.21,0.814,0.167,2266.3,97.8,465.4,0.622,0.258,46.0,MEDIUM,140,CONDITIONAL_REVIEW_REQUIRED,Monitor and apply mitigation,Synthetic parcel risk score from supplied demo dataset; not an official cadastral/hazard determination,SYNTHETIC_DEMO_NOT_OFFICIAL,SYNTHETIC_DEMO_POLYGON_NOT_OFFICIAL,DO_NOT_USE_AS_LEGAL_BOUNDARY,SYNTHETIC_DEMO_ONLY,NO,YES,NO
DEMO-04-0122,Kottathara,Wayanad,Vythiri,DEMO-04-01,DEMO-04/253,9,4269.1,0.4269,Residential,11.6637375,76.1153406,1009.6,32.0,196.6,266.7,0.4,0.446,0.513,1512.1,651.6,370.2,0.468,0.882,51.3,HIGH,192,NOT_RECOMMENDED_UNDER_DEMO_MODEL,High caution / prioritize mitigation,Synthetic parcel risk score from supplied demo dataset; not an official cadastral/hazard determination,SYNTHETIC_DEMO_NOT_OFFICIAL,SYNTHETIC_DEMO_POLYGON_NOT_OFFICIAL,DO_NOT_USE_AS_LEGAL_BOUNDARY,SYNTHETIC_DEMO_ONLY,NO,YES,NO
DEMO-04-0123,Kottathara,Wayanad,Vythiri,DEMO-04-04,DEMO-04/14,3,607.1,0.0607,Plantation,11.6638894,76.1163923,856.6,29.9,100.5,480.1,0.04,0.257,0.526,604.3,926.0,363.9,0.648,0.504,44.1,MEDIUM,125,CONDITIONAL_REVIEW_REQUIRED,Monitor and apply mitigation,Synthetic parcel risk score from supplied demo dataset; not an official cadastral/hazard determination,SYNTHETIC_DEMO_NOT_OFFICIAL,SYNTHETIC_DEMO_POLYGON_NOT_OFFICIAL,DO_NOT_USE_AS_LEGAL_BOUNDARY,SYNTHETIC_DEMO_ONLY,NO,YES,NO
DEMO-04-0124,Kottathara,Wayanad,Vythiri,DEMO-04-07,DEMO-04/762,6,7160.3,0.716,Plantation,11.6636417,76.117452,992.7,15.3,111.4,502.4,0.63,0.442,0.27,368.4,440.0,676.5,0.281,0.618,38.3,MEDIUM,71,CONDITIONAL_REVIEW_REQUIRED,Monitor and apply mitigation,Synthetic parcel risk score from supplied demo dataset; not an official cadastral/hazard determination,SYNTHETIC_DEMO_NOT_OFFICIAL,SYNTHETIC_DEMO_POLYGON_NOT_OFFICIAL,DO_NOT_USE_AS_LEGAL_BOUNDARY,SYNTHETIC_DEMO_ONLY,NO,YES,NO
DEMO-04-0125,Kottathara,Wayanad,Vythiri,DEMO-04-04,DEMO-04/316,9,2773.4,0.2773,Forest-fringe,11.6640144,76.1186219,857.2,23.0,149.2,530.6,0.46,0.343,0.367,593.5,1176.8,405.1,0.541,0.393,44.0,MEDIUM,122,CONDITIONAL_REVIEW_REQUIRED,Monitor and apply mitigation,Synthetic parcel risk score from supplied demo dataset; not an official cadastral/hazard determination,SYNTHETIC_DEMO_NOT_OFFICIAL,SYNTHETIC_DEMO_POLYGON_NOT_OFFICIAL,DO_NOT_USE_AS_LEGAL_BOUNDARY,SYNTHETIC_DEMO_ONLY,NO,YES,NO
DEMO-04-0126,Kottathara,Wayanad,Vythiri,DEMO-04-01,DEMO-04/348,8,7607.5,0.7608,Residential,11.6649654,76.0909268,709.1,18.0,51.4,191.9,0.0,0.048,0.267,205.0,166.2,1607.1,0.543,0.759,32.7,MEDIUM,28,CONDITIONAL_REVIEW_REQUIRED,Monitor and apply mitigation,Synthetic parcel risk score from supplied demo dataset; not an official cadastral/hazard determination,SYNTHETIC_DEMO_NOT_OFFICIAL,SYNTHETIC_DEMO_POLYGON_NOT_OFFICIAL,DO_NOT_USE_AS_LEGAL_BOUNDARY,SYNTHETIC_DEMO_ONLY,NO,YES,NO
DEMO-04-0127,Kottathara,Wayanad,Vythiri,DEMO-04-10,DEMO-04/197,3,2360.2,0.236,Agriculture,11.6650098,76.0925603,866.8,10.6,64.7,421.9,1.0,0.84,0.258,2419.5,692.8,143.8,0.101,0.766,35.4,MEDIUM,43,CONDITIONAL_REVIEW_REQUIRED,Monitor and apply mitigation,Synthetic parcel risk score from supplied demo dataset; not an official cadastral/hazard determination,SYNTHETIC_DEMO_NOT_OFFICIAL,SYNTHETIC_DEMO_POLYGON_NOT_OFFICIAL,DO_NOT_USE_AS_LEGAL_BOUNDARY,SYNTHETIC_DEMO_ONLY,NO,YES,NO
DEMO-04-0128,Kottathara,Wayanad,Vythiri,DEMO-04-16,DEMO-04/598,5,7294.8,0.7295,Mixed,11.6652929,76.0933971,763.9,5.8,78.3,111.2,0.62,0.776,0.093,976.2,85.9,231.5,0.392,0.392,32.6,MEDIUM,27,CONDITIONAL_REVIEW_REQUIRED,Monitor and apply mitigation,Synthetic parcel risk score from supplied demo dataset; not an official cadastral/hazard determination,SYNTHETIC_DEMO_NOT_OFFICIAL,SYNTHETIC_DEMO_POLYGON_NOT_OFFICIAL,DO_NOT_USE_AS_LEGAL_BOUNDARY,SYNTHETIC_DEMO_ONLY,NO,YES,NO
DEMO-04-0129,Kottathara,Wayanad,Vythiri,DEMO-04-15,DEMO-04/49,1,4038.6,0.4039,Plantation,11.6649067,76.0947791,804.9,19.4,210.4,134.6,0.2,0.301,0.422,1700.7,1096.6,1227.5,0.164,0.752,44.7,MEDIUM,130,CONDITIONAL_REVIEW_REQUIRED,Monitor and apply mitigation,Synthetic parcel risk score from supplied demo dataset; not an official cadastral/hazard determination,SYNTHETIC_DEMO_NOT_OFFICIAL,SYNTHETIC_DEMO_POLYGON_NOT_OFFICIAL,DO_NOT_USE_AS_LEGAL_BOUNDARY,SYNTHETIC_DEMO_ONLY,NO,YES,NO
DEMO-04-0130,Kottathara,Wayanad,Vythiri,DEMO-04-18,DEMO-04/2,6,2934.3,0.2934,Mixed,11.664943,76.0958944,660.5,7.1,45.8,279.1,0.35,0.448,0.334,313.1,1118.8,1531.3,0.213,0.804,36.2,MEDIUM,51,CONDITIONAL_REVIEW_REQUIRED,Monitor and apply mitigation,Synthetic parcel risk score from supplied demo dataset; not an official cadastral/hazard determination,SYNTHETIC_DEMO_NOT_OFFICIAL,SYNTHETIC_DEMO_POLYGON_NOT_OFFICIAL,DO_NOT_USE_AS_LEGAL_BOUNDARY,SYNTHETIC_DEMO_ONLY,NO,YES,NO
DEMO-04-0131,Kottathara,Wayanad,Vythiri,DEMO-04-13,DEMO-04/862,8,3778.1,0.3778,Forest-fringe,11.6649179,76.097117,874.0,11.4,144.4,303.1,0.25,0.16,0.269,811.1,1025.5,1506.2,0.546,0.263,36.5,MEDIUM,54,CONDITIONAL_REVIEW_REQUIRED,Monitor and apply mitigation,Synthetic parcel risk score from supplied demo dataset; not an official cadastral/hazard determination,SYNTHETIC_DEMO_NOT_OFFICIAL,SYNTHETIC_DEMO_POLYGON_NOT_OFFICIAL,DO_NOT_USE_AS_LEGAL_BOUNDARY,SYNTHETIC_DEMO_ONLY,NO,YES,NO
DEMO-04-0132,Kottathara,Wayanad,Vythiri,DEMO-04-03,DEMO-04/785,6,726.8,0.0727,Plantation,11.6648087,76.098138,698.2,25.8,130.1,379.9,0.39,0.114,0.666,353.4,1077.2,1498.6,0.128,0.847,50.7,HIGH,188,NOT_RECOMMENDED_UNDER_DEMO_MODEL,High caution / prioritize mitigation,Synthetic parcel risk score from supplied demo dataset; not an official cadastral/hazard determination,SYNTHETIC_DEMO_NOT_OFFICIAL,SYNTHETIC_DEMO_POLYGON_NOT_OFFICIAL,DO_NOT_USE_AS_LEGAL_BOUNDARY,SYNTHETIC_DEMO_ONLY,NO,YES,NO
DEMO-04-0133,Kottathara,Wayanad,Vythiri,DEMO-04-08,DEMO-04/957,8,5308.0,0.5308,Residential,11.6649263,76.0990127,832.4,24.9,183.3,307.7,0.89,0.672,0.458,1951.6,838.1,642.2,0.059,0.898,51.9,HIGH,198,NOT_RECOMMENDED_UNDER_DEMO_MODEL,High caution / prioritize mitigation,Synthetic parcel risk score from supplied demo dataset; not an official cadastral/hazard determination,SYNTHETIC_DEMO_NOT_OFFICIAL,SYNTHETIC_DEMO_POLYGON_NOT_OFFICIAL,DO_NOT_USE_AS_LEGAL_BOUNDARY,SYNTHETIC_DEMO_ONLY,NO,YES,NO
DEMO-04-0134,Kottathara,Wayanad,Vythiri,DEMO-04-14,DEMO-04/332,4,924.9,0.0925,Forest-fringe,11.6652993,76.1004422,728.2,31.1,80.3,377.1,0.29,0.371,0.732,1857.0,464.0,800.8,0.486,0.875,50.3,HIGH,183,NOT_RECOMMENDED_UNDER_DEMO_MODEL,High caution / prioritize mitigation,Synthetic parcel risk score from supplied demo dataset; not an official cadastral/hazard determination,SYNTHETIC_DEMO_NOT_OFFICIAL,SYNTHETIC_DEMO_POLYGON_NOT_OFFICIAL,DO_NOT_USE_AS_LEGAL_BOUNDARY,SYNTHETIC_DEMO_ONLY,NO,YES,NO
DEMO-04-0135,Kottathara,Wayanad,Vythiri,DEMO-04-09,DEMO-04/654,2,5217.1,0.5217,Plantation,11.6651523,76.1013746,785.4,23.9,177.6,252.8,0.33,0.441,0.436,2032.1,978.9,1691.4,0.104,0.8,47.9,MEDIUM,159,CONDITIONAL_REVIEW_REQUIRED,Monitor and apply mitigation,Synthetic parcel risk score from supplied demo dataset; not an official cadastral/hazard determination,SYNTHETIC_DEMO_NOT_OFFICIAL,SYNTHETIC_DEMO_POLYGON_NOT_OFFICIAL,DO_NOT_USE_AS_LEGAL_BOUNDARY,SYNTHETIC_DEMO_ONLY,NO,YES,NO
DEMO-04-0136,Kottathara,Wayanad,Vythiri,DEMO-04-10,DEMO-04/235,5,5269.1,0.5269,Forest-fringe,11.6648606,76.1027772,721.8,33.1,201.3,441.0,0.59,0.277,0.563,613.0,653.6,842.7,0.591,0.845,57.6,HIGH,233,NOT_RECOMMENDED_UNDER_DEMO_MODEL,High caution / prioritize mitigation,Synthetic parcel risk score from supplied demo dataset; not an official cadastral/hazard determination,SYNTHETIC_DEMO_NOT_OFFICIAL,SYNTHETIC_DEMO_POLYGON_NOT_OFFICIAL,DO_NOT_USE_AS_LEGAL_BOUNDARY,SYNTHETIC_DEMO_ONLY,NO,YES,NO
DEMO-04-0137,Kottathara,Wayanad,Vythiri,DEMO-04-06,DEMO-04/642,8,2141.3,0.2141,Residential,11.6647562,76.1035561,954.6,35.5,101.6,589.6,0.27,0.455,0.802,51.8,247.2,745.2,0.101,0.651,56.2,HIGH,226,NOT_RECOMMENDED_UNDER_DEMO_MODEL,High caution / prioritize mitigation,Synthetic parcel risk score from supplied demo dataset; not an official cadastral/hazard determination,SYNTHETIC_DEMO_NOT_OFFICIAL,SYNTHETIC_DEMO_POLYGON_NOT_OFFICIAL,DO_NOT_USE_AS_LEGAL_BOUNDARY,SYNTHETIC_DEMO_ONLY,NO,YES,NO
DEMO-04-0138,Kottathara,Wayanad,Vythiri,DEMO-04-05,DEMO-04/438,9,3365.1,0.3365,Residential,11.6649328,76.1051255,875.1,10.2,150.8,497.9,1.13,0.765,0.32,1609.9,52.0,118.9,0.285,0.306,44.0,MEDIUM,122,CONDITIONAL_REVIEW_REQUIRED,Monitor and apply mitigation,Synthetic parcel risk score from supplied demo dataset; not an official cadastral/hazard determination,SYNTHETIC_DEMO_NOT_OFFICIAL,SYNTHETIC_DEMO_POLYGON_NOT_OFFICIAL,DO_NOT_USE_AS_LEGAL_BOUNDARY,SYNTHETIC_DEMO_ONLY,NO,YES,NO
DEMO-04-0139,Kottathara,Wayanad,Vythiri,DEMO-04-15,DEMO-04/799,2,4798.3,0.4798,Agriculture,11.6647618,76.1061559,675.2,34.5,72.5,618.3,0.79,0.485,0.765,1086.0,500.2,1487.0,0.212,0.546,58.9,HIGH,241,NOT_RECOMMENDED_UNDER_DEMO_MODEL,High caution / prioritize mitigation,Synthetic parcel risk score from supplied demo dataset; not an official cadastral/hazard determination,SYNTHETIC_DEMO_NOT_OFFICIAL,SYNTHETIC_DEMO_POLYGON_NOT_OFFICIAL,DO_NOT_USE_AS_LEGAL_BOUNDARY,SYNTHETIC_DEMO_ONLY,NO,YES,NO
DEMO-04-0140,Kottathara,Wayanad,Vythiri,DEMO-04-09,DEMO-04/270,3,6279.8,0.628,Residential,11.6648116,76.1074068,853.5,8.8,153.5,355.0,0.73,0.782,0.243,1607.5,1102.6,1193.8,0.459,0.701,44.0,MEDIUM,122,CONDITIONAL_REVIEW_REQUIRED,Monitor and apply mitigation,Synthetic parcel risk score from supplied demo dataset; not an official cadastral/hazard determination,SYNTHETIC_DEMO_NOT_OFFICIAL,SYNTHETIC_DEMO_POLYGON_NOT_OFFICIAL,DO_NOT_USE_AS_LEGAL_BOUNDARY,SYNTHETIC_DEMO_ONLY,NO,YES,NO
DEMO-04-0141,Kottathara,Wayanad,Vythiri,DEMO-04-01,DEMO-04/632,8,2814.1,0.2814,Forest-fringe,11.6649081,76.1083318,676.3,27.8,194.5,603.0,0.21,0.157,0.508,379.4,1041.9,761.6,0.083,0.294,48.4,MEDIUM,164,CONDITIONAL_REVIEW_REQUIRED,Monitor and apply mitigation,Synthetic parcel risk score from supplied demo dataset; not an official cadastral/hazard determination,SYNTHETIC_DEMO_NOT_OFFICIAL,SYNTHETIC_DEMO_POLYGON_NOT_OFFICIAL,DO_NOT_USE_AS_LEGAL_BOUNDARY,SYNTHETIC_DEMO_ONLY,NO,YES,NO
DEMO-04-0142,Kottathara,Wayanad,Vythiri,DEMO-04-03,DEMO-04/56,2,2225.5,0.2226,Mixed,11.6650607,76.1095028,678.1,16.0,177.6,320.4,0.0,0.219,0.34,123.3,60.4,770.2,0.193,0.332,40.0,MEDIUM,85,CONDITIONAL_REVIEW_REQUIRED,Monitor and apply mitigation,Synthetic parcel risk score from supplied demo dataset; not an official cadastral/hazard determination,SYNTHETIC_DEMO_NOT_OFFICIAL,SYNTHETIC_DEMO_POLYGON_NOT_OFFICIAL,DO_NOT_USE_AS_LEGAL_BOUNDARY,SYNTHETIC_DEMO_ONLY,NO,YES,NO
DEMO-04-0143,Kottathara,Wayanad,Vythiri,DEMO-04-19,DEMO-04/260,5,7719.9,0.772,Mixed,11.6648442,76.1107229,776.3,23.8,195.1,177.1,0.34,0.428,0.532,1174.7,466.8,594.0,0.377,0.645,50.8,HIGH,190,NOT_RECOMMENDED_UNDER_DEMO_MODEL,High caution / prioritize mitigation,Synthetic parcel risk score from supplied demo dataset; not an official cadastral/hazard determination,SYNTHETIC_DEMO_NOT_OFFICIAL,SYNTHETIC_DEMO_POLYGON_NOT_OFFICIAL,DO_NOT_USE_AS_LEGAL_BOUNDARY,SYNTHETIC_DEMO_ONLY,NO,YES,NO
DEMO-04-0144,Kottathara,Wayanad,Vythiri,DEMO-04-16,DEMO-04/772,7,3121.9,0.3122,Forest-fringe,11.6650905,76.1118792,944.1,23.7,43.0,618.9,0.76,0.794,0.352,1586.3,49.1,90.4,0.231,0.411,40.5,MEDIUM,87,CONDITIONAL_REVIEW_REQUIRED,Monitor and apply mitigation,Synthetic parcel risk score from supplied demo dataset; not an official cadastral/hazard determination,SYNTHETIC_DEMO_NOT_OFFICIAL,SYNTHETIC_DEMO_POLYGON_NOT_OFFICIAL,DO_NOT_USE_AS_LEGAL_BOUNDARY,SYNTHETIC_DEMO_ONLY,NO,YES,NO
DEMO-04-0145,Kottathara,Wayanad,Vythiri,DEMO-04-12,DEMO-04/642,2,782.2,0.0782,Plantation,11.6648356,76.1131801,893.4,31.4,186.5,357.8,0.25,0.348,0.557,1096.4,1126.6,1732.4,0.24,0.782,54.1,HIGH,213,NOT_RECOMMENDED_UNDER_DEMO_MODEL,High caution / prioritize mitigation,Synthetic parcel risk score from supplied demo dataset; not an official cadastral/hazard determination,SYNTHETIC_DEMO_NOT_OFFICIAL,SYNTHETIC_DEMO_POLYGON_NOT_OFFICIAL,DO_NOT_USE_AS_LEGAL_BOUNDARY,SYNTHETIC_DEMO_ONLY,NO,YES,NO
DEMO-04-0146,Kottathara,Wayanad,Vythiri,DEMO-04-19,DEMO-04/961,6,1396.1,0.1396,Mixed,11.6651602,76.1144285,771.0,12.2,87.2,208.2,0.17,0.328,0.374,228.7,310.3,857.3,0.095,0.585,35.6,MEDIUM,46,CONDITIONAL_REVIEW_REQUIRED,Monitor and apply mitigation,Synthetic parcel risk score from supplied demo dataset; not an official cadastral/hazard determination,SYNTHETIC_DEMO_NOT_OFFICIAL,SYNTHETIC_DEMO_POLYGON_NOT_OFFICIAL,DO_NOT_USE_AS_LEGAL_BOUNDARY,SYNTHETIC_DEMO_ONLY,NO,YES,NO
DEMO-04-0147,Kottathara,Wayanad,Vythiri,DEMO-04-12,DEMO-04/788,6,891.7,0.0892,Residential,11.6651394,76.1151434,742.8,11.2,75.1,607.2,0.34,0.419,0.398,1574.2,577.3,389.2,0.641,0.7,35.9,MEDIUM,49,CONDITIONAL_REVIEW_REQUIRED,Monitor and apply mitigation,Synthetic parcel risk score from supplied demo dataset; not an official cadastral/hazard determination,SYNTHETIC_DEMO_NOT_OFFICIAL,SYNTHETIC_DEMO_POLYGON_NOT_OFFICIAL,DO_NOT_USE_AS_LEGAL_BOUNDARY,SYNTHETIC_DEMO_ONLY,NO,YES,NO
DEMO-04-0148,Kottathara,Wayanad,Vythiri,DEMO-04-05,DEMO-04/95,4,1171.0,0.1171,Residential,11.6649675,76.1164669,789.1,21.6,103.4,557.3,0.26,0.196,0.468,870.5,1058.8,1499.3,0.359,0.763,42.5,MEDIUM,104,CONDITIONAL_REVIEW_REQUIRED,Monitor and apply mitigation,Synthetic parcel risk score from supplied demo dataset; not an official cadastral/hazard determination,SYNTHETIC_DEMO_NOT_OFFICIAL,SYNTHETIC_DEMO_POLYGON_NOT_OFFICIAL,DO_NOT_USE_AS_LEGAL_BOUNDARY,SYNTHETIC_DEMO_ONLY,NO,YES,NO
DEMO-04-0149,Kottathara,Wayanad,Vythiri,DEMO-04-19,DEMO-04/250,9,1299.1,0.1299,Agriculture,11.6652572,76.117543,812.0,24.4,81.0,301.2,0.13,0.385,0.49,2332.2,974.1,356.8,0.254,0.695,37.5,MEDIUM,65,CONDITIONAL_REVIEW_REQUIRED,Monitor and apply mitigation,Synthetic parcel risk score from supplied demo dataset; not an official cadastral/hazard determination,SYNTHETIC_DEMO_NOT_OFFICIAL,SYNTHETIC_DEMO_POLYGON_NOT_OFFICIAL,DO_NOT_USE_AS_LEGAL_BOUNDARY,SYNTHETIC_DEMO_ONLY,NO,YES,NO
DEMO-04-0150,Kottathara,Wayanad,Vythiri,DEMO-04-01,DEMO-04/441,2,719.2,0.0719,Plantation,11.6650336,76.1188692,773.7,10.9,111.6,308.9,0.47,0.312,0.439,2289.0,836.1,573.4,0.646,0.518,37.2,MEDIUM,63,CONDITIONAL_REVIEW_REQUIRED,Monitor and apply mitigation,Synthetic parcel risk score from supplied demo dataset; not an official cadastral/hazard determination,SYNTHETIC_DEMO_NOT_OFFICIAL,SYNTHETIC_DEMO_POLYGON_NOT_OFFICIAL,DO_NOT_USE_AS_LEGAL_BOUNDARY,SYNTHETIC_DEMO_ONLY,NO,YES,NO
DEMO-04-0151,Kottathara,Wayanad,Vythiri,DEMO-04-18,DEMO-04/507,8,5131.0,0.5131,Agriculture,11.6659909,76.0909224,839.0,5.0,180.1,256.3,0.09,0.088,0.189,516.6,203.8,669.8,0.306,0.333,29.8,MEDIUM,14,CONDITIONAL_REVIEW_REQUIRED,Monitor and apply mitigation,Synthetic parcel risk score from supplied demo dataset; not an official cadastral/hazard determination,SYNTHETIC_DEMO_NOT_OFFICIAL,SYNTHETIC_DEMO_POLYGON_NOT_OFFICIAL,DO_NOT_USE_AS_LEGAL_BOUNDARY,SYNTHETIC_DEMO_ONLY,NO,YES,NO
DEMO-04-0152,Kottathara,Wayanad,Vythiri,DEMO-04-19,DEMO-04/51,6,5520.7,0.5521,Residential,11.6664242,76.0923548,812.6,19.7,123.2,336.7,1.02,0.736,0.345,2235.5,685.6,1220.7,0.532,0.273,48.8,MEDIUM,169,CONDITIONAL_REVIEW_REQUIRED,Monitor and apply mitigation,Synthetic parcel risk score from supplied demo dataset; not an official cadastral/hazard determination,SYNTHETIC_DEMO_NOT_OFFICIAL,SYNTHETIC_DEMO_POLYGON_NOT_OFFICIAL,DO_NOT_USE_AS_LEGAL_BOUNDARY,SYNTHETIC_DEMO_ONLY,NO,YES,NO
DEMO-04-0153,Kottathara,Wayanad,Vythiri,DEMO-04-05,DEMO-04/588,5,1592.5,0.1592,Residential,11.6663874,76.0932469,786.7,25.8,58.1,433.4,0.2,0.227,0.451,1134.9,260.4,1310.9,0.357,0.727,39.8,MEDIUM,82,CONDITIONAL_REVIEW_REQUIRED,Monitor and apply mitigation,Synthetic parcel risk score from supplied demo dataset; not an official cadastral/hazard determination,SYNTHETIC_DEMO_NOT_OFFICIAL,SYNTHETIC_DEMO_POLYGON_NOT_OFFICIAL,DO_NOT_USE_AS_LEGAL_BOUNDARY,SYNTHETIC_DEMO_ONLY,NO,YES,NO
DEMO-04-0154,Kottathara,Wayanad,Vythiri,DEMO-04-17,DEMO-04/89,4,5152.1,0.5152,Residential,11.6662897,76.0947317,773.8,22.6,71.1,231.7,0.56,0.434,0.408,512.8,736.2,1638.8,0.578,0.717,46.6,MEDIUM,145,CONDITIONAL_REVIEW_REQUIRED,Monitor and apply mitigation,Synthetic parcel risk score from supplied demo dataset; not an official cadastral/hazard determination,SYNTHETIC_DEMO_NOT_OFFICIAL,SYNTHETIC_DEMO_POLYGON_NOT_OFFICIAL,DO_NOT_USE_AS_LEGAL_BOUNDARY,SYNTHETIC_DEMO_ONLY,NO,YES,NO
DEMO-04-0155,Kottathara,Wayanad,Vythiri,DEMO-04-16,DEMO-04/600,8,6716.0,0.6716,Mixed,11.6661457,76.0960117,1007.1,30.3,174.8,474.7,0.0,0.031,0.521,154.8,240.7,706.4,0.635,0.42,46.2,MEDIUM,144,CONDITIONAL_REVIEW_REQUIRED,Monitor and apply mitigation,Synthetic parcel risk score from supplied demo dataset; not an official cadastral/hazard determination,SYNTHETIC_DEMO_NOT_OFFICIAL,SYNTHETIC_DEMO_POLYGON_NOT_OFFICIAL,DO_NOT_USE_AS_LEGAL_BOUNDARY,SYNTHETIC_DEMO_ONLY,NO,YES,NO
DEMO-04-0156,Kottathara,Wayanad,Vythiri,DEMO-04-13,DEMO-04/57,5,1893.3,0.1893,Agriculture,11.6660651,76.0969699,1018.8,18.0,35.5,183.0,0.66,0.329,0.265,574.1,1177.0,1565.9,0.323,0.567,35.5,MEDIUM,45,CONDITIONAL_REVIEW_REQUIRED,Monitor and apply mitigation,Synthetic parcel risk score from supplied demo dataset; not an official cadastral/hazard determination,SYNTHETIC_DEMO_NOT_OFFICIAL,SYNTHETIC_DEMO_POLYGON_NOT_OFFICIAL,DO_NOT_USE_AS_LEGAL_BOUNDARY,SYNTHETIC_DEMO_ONLY,NO,YES,NO
DEMO-04-0157,Kottathara,Wayanad,Vythiri,DEMO-04-07,DEMO-04/109,2,6518.6,0.6519,Forest-fringe,11.6660271,76.0980747,948.9,32.5,75.6,391.4,0.3,0.252,0.566,1241.7,960.0,901.2,0.414,0.81,44.6,MEDIUM,129,CONDITIONAL_REVIEW_REQUIRED,Monitor and apply mitigation,Synthetic parcel risk score from supplied demo dataset; not an official cadastral/hazard determination,SYNTHETIC_DEMO_NOT_OFFICIAL,SYNTHETIC_DEMO_POLYGON_NOT_OFFICIAL,DO_NOT_USE_AS_LEGAL_BOUNDARY,SYNTHETIC_DEMO_ONLY,NO,YES,NO
DEMO-04-0158,Kottathara,Wayanad,Vythiri,DEMO-04-09,DEMO-04/99,8,5050.0,0.505,Mixed,11.6664335,76.0993979,998.8,30.4,179.9,282.2,0.94,0.802,0.683,210.5,422.9,102.3,0.027,0.509,61.8,HIGH,246,NOT_RECOMMENDED_UNDER_DEMO_MODEL,High caution / prioritize mitigation,Synthetic parcel risk score from supplied demo dataset; not an official cadastral/hazard determination,SYNTHETIC_DEMO_NOT_OFFICIAL,SYNTHETIC_DEMO_POLYGON_NOT_OFFICIAL,DO_NOT_USE_AS_LEGAL_BOUNDARY,SYNTHETIC_DEMO_ONLY,NO,YES,NO
DEMO-04-0159,Kottathara,Wayanad,Vythiri,DEMO-04-20,DEMO-04/183,9,7076.3,0.7076,Plantation,11.6664128,76.1003202,999.6,29.8,171.8,483.3,0.06,0.4,0.677,2130.0,298.8,510.6,0.244,0.349,48.9,MEDIUM,170,CONDITIONAL_REVIEW_REQUIRED,Monitor and apply mitigation,Synthetic parcel risk score from supplied demo dataset; not an official cadastral/hazard determination,SYNTHETIC_DEMO_NOT_OFFICIAL,SYNTHETIC_DEMO_POLYGON_NOT_OFFICIAL,DO_NOT_USE_AS_LEGAL_BOUNDARY,SYNTHETIC_DEMO_ONLY,NO,YES,NO
DEMO-04-0160,Kottathara,Wayanad,Vythiri,DEMO-04-10,DEMO-04/56,3,973.8,0.0974,Mixed,11.6661033,76.1014807,982.3,11.6,100.0,200.6,0.99,0.812,0.393,740.0,944.7,1413.5,0.337,0.803,48.4,MEDIUM,164,CONDITIONAL_REVIEW_REQUIRED,Monitor and apply mitigation,Synthetic parcel risk score from supplied demo dataset; not an official cadastral/hazard determination,SYNTHETIC_DEMO_NOT_OFFICIAL,SYNTHETIC_DEMO_POLYGON_NOT_OFFICIAL,DO_NOT_USE_AS_LEGAL_BOUNDARY,SYNTHETIC_DEMO_ONLY,NO,YES,NO
DEMO-04-0161,Kottathara,Wayanad,Vythiri,DEMO-04-08,DEMO-04/323,4,1417.6,0.1418,Residential,11.666239,76.1028914,743.7,29.1,194.7,586.6,1.34,0.55,0.572,1772.8,126.1,1161.9,0.275,0.775,61.1,HIGH,244,NOT_RECOMMENDED_UNDER_DEMO_MODEL,High caution / prioritize mitigation,Synthetic parcel risk score from supplied demo dataset; not an official cadastral/hazard determination,SYNTHETIC_DEMO_NOT_OFFICIAL,SYNTHETIC_DEMO_POLYGON_NOT_OFFICIAL,DO_NOT_USE_AS_LEGAL_BOUNDARY,SYNTHETIC_DEMO_ONLY,NO,YES,NO
DEMO-04-0162,Kottathara,Wayanad,Vythiri,DEMO-04-09,DEMO-04/647,6,5285.1,0.5285,Forest-fringe,11.6662657,76.1036269,680.4,34.0,208.4,610.9,0.14,0.049,0.525,840.5,1079.9,875.9,0.036,0.781,49.1,MEDIUM,176,CONDITIONAL_REVIEW_REQUIRED,Monitor and apply mitigation,Synthetic parcel risk score from supplied demo dataset; not an official cadastral/hazard determination,SYNTHETIC_DEMO_NOT_OFFICIAL,SYNTHETIC_DEMO_POLYGON_NOT_OFFICIAL,DO_NOT_USE_AS_LEGAL_BOUNDARY,SYNTHETIC_DEMO_ONLY,NO,YES,NO
DEMO-04-0163,Kottathara,Wayanad,Vythiri,DEMO-04-15,DEMO-04/87,4,6471.2,0.6471,Plantation,11.6662044,76.1049105,891.0,13.4,73.0,225.9,1.03,0.67,0.436,2063.5,948.0,256.0,0.192,0.261,40.5,MEDIUM,87,CONDITIONAL_REVIEW_REQUIRED,Monitor and apply mitigation,Synthetic parcel risk score from supplied demo dataset; not an official cadastral/hazard determination,SYNTHETIC_DEMO_NOT_OFFICIAL,SYNTHETIC_DEMO_POLYGON_NOT_OFFICIAL,DO_NOT_USE_AS_LEGAL_BOUNDARY,SYNTHETIC_DEMO_ONLY,NO,YES,NO
DEMO-04-0164,Kottathara,Wayanad,Vythiri,DEMO-04-01,DEMO-04/290,9,7865.6,0.7866,Agriculture,11.6663859,76.1062538,671.5,5.6,78.3,110.0,0.06,0.162,0.09,1302.1,981.4,791.4,0.468,0.495,22.9,LOW,3,CANDIDATE_FOR_FURTHER_ASSESSMENT,Normal monitoring,Synthetic parcel risk score from supplied demo dataset; not an official cadastral/hazard determination,SYNTHETIC_DEMO_NOT_OFFICIAL,SYNTHETIC_DEMO_POLYGON_NOT_OFFICIAL,DO_NOT_USE_AS_LEGAL_BOUNDARY,SYNTHETIC_DEMO_ONLY,NO,YES,NO
DEMO-04-0165,Kottathara,Wayanad,Vythiri,DEMO-04-20,DEMO-04/549,1,2842.4,0.2842,Mixed,11.6662352,76.1073169,1014.2,18.0,67.7,522.6,0.58,0.625,0.292,1451.9,535.0,1196.8,0.373,0.558,39.1,MEDIUM,78,CONDITIONAL_REVIEW_REQUIRED,Monitor and apply mitigation,Synthetic parcel risk score from supplied demo dataset; not an official cadastral/hazard determination,SYNTHETIC_DEMO_NOT_OFFICIAL,SYNTHETIC_DEMO_POLYGON_NOT_OFFICIAL,DO_NOT_USE_AS_LEGAL_BOUNDARY,SYNTHETIC_DEMO_ONLY,NO,YES,NO
DEMO-04-0166,Kottathara,Wayanad,Vythiri,DEMO-04-02,DEMO-04/579,1,1875.1,0.1875,Mixed,11.6663003,76.1087068,763.9,13.2,57.5,407.9,0.16,0.204,0.198,714.9,315.2,375.7,0.411,0.407,27.0,MEDIUM,11,CONDITIONAL_REVIEW_REQUIRED,Monitor and apply mitigation,Synthetic parcel risk score from supplied demo dataset; not an official cadastral/hazard determination,SYNTHETIC_DEMO_NOT_OFFICIAL,SYNTHETIC_DEMO_POLYGON_NOT_OFFICIAL,DO_NOT_USE_AS_LEGAL_BOUNDARY,SYNTHETIC_DEMO_ONLY,NO,YES,NO
DEMO-04-0167,Kottathara,Wayanad,Vythiri,DEMO-04-19,DEMO-04/598,5,3085.8,0.3086,Forest-fringe,11.66625,76.1097268,904.3,9.1,146.9,148.8,0.74,0.444,0.312,1352.3,805.7,1502.4,0.302,0.292,41.3,MEDIUM,94,CONDITIONAL_REVIEW_REQUIRED,Monitor and apply mitigation,Synthetic parcel risk score from supplied demo dataset; not an official cadastral/hazard determination,SYNTHETIC_DEMO_NOT_OFFICIAL,SYNTHETIC_DEMO_POLYGON_NOT_OFFICIAL,DO_NOT_USE_AS_LEGAL_BOUNDARY,SYNTHETIC_DEMO_ONLY,NO,YES,NO
DEMO-04-0168,Kottathara,Wayanad,Vythiri,DEMO-04-05,DEMO-04/913,9,4326.5,0.4326,Agriculture,11.6660759,76.1109409,889.0,35.1,130.5,275.1,0.58,0.606,0.592,505.7,454.7,1282.2,0.344,0.505,58.6,HIGH,240,NOT_RECOMMENDED_UNDER_DEMO_MODEL,High caution / prioritize mitigation,Synthetic parcel risk score from supplied demo dataset; not an official cadastral/hazard determination,SYNTHETIC_DEMO_NOT_OFFICIAL,SYNTHETIC_DEMO_POLYGON_NOT_OFFICIAL,DO_NOT_USE_AS_LEGAL_BOUNDARY,SYNTHETIC_DEMO_ONLY,NO,YES,NO
DEMO-04-0169,Kottathara,Wayanad,Vythiri,DEMO-04-12,DEMO-04/247,4,4272.6,0.4273,Agriculture,11.6662092,76.1116869,775.5,20.8,165.8,263.7,0.3,0.38,0.321,1535.0,475.2,1431.8,0.048,0.47,42.2,MEDIUM,101,CONDITIONAL_REVIEW_REQUIRED,Monitor and apply mitigation,Synthetic parcel risk score from supplied demo dataset; not an official cadastral/hazard determination,SYNTHETIC_DEMO_NOT_OFFICIAL,SYNTHETIC_DEMO_POLYGON_NOT_OFFICIAL,DO_NOT_USE_AS_LEGAL_BOUNDARY,SYNTHETIC_DEMO_ONLY,NO,YES,NO
DEMO-04-0170,Kottathara,Wayanad,Vythiri,DEMO-04-16,DEMO-04/441,9,7832.1,0.7832,Plantation,11.6662245,76.1131833,871.8,13.6,149.8,163.5,0.44,0.121,0.373,1230.8,817.2,155.4,0.413,0.848,35.2,MEDIUM,42,CONDITIONAL_REVIEW_REQUIRED,Monitor and apply mitigation,Synthetic parcel risk score from supplied demo dataset; not an official cadastral/hazard determination,SYNTHETIC_DEMO_NOT_OFFICIAL,SYNTHETIC_DEMO_POLYGON_NOT_OFFICIAL,DO_NOT_USE_AS_LEGAL_BOUNDARY,SYNTHETIC_DEMO_ONLY,NO,YES,NO
DEMO-04-0171,Kottathara,Wayanad,Vythiri,DEMO-04-09,DEMO-04/948,5,4527.2,0.4527,Mixed,11.6660533,76.1143216,845.3,12.4,154.9,515.4,0.13,0.038,0.249,1703.8,849.0,1640.1,0.543,0.638,33.4,MEDIUM,32,CONDITIONAL_REVIEW_REQUIRED,Monitor and apply mitigation,Synthetic parcel risk score from supplied demo dataset; not an official cadastral/hazard determination,SYNTHETIC_DEMO_NOT_OFFICIAL,SYNTHETIC_DEMO_POLYGON_NOT_OFFICIAL,DO_NOT_USE_AS_LEGAL_BOUNDARY,SYNTHETIC_DEMO_ONLY,NO,YES,NO
DEMO-04-0172,Kottathara,Wayanad,Vythiri,DEMO-04-18,DEMO-04/767,7,5593.8,0.5594,Forest-fringe,11.6662372,76.1153282,838.9,9.3,200.2,518.2,0.11,0.355,0.235,504.9,471.7,1139.2,0.252,0.379,38.6,MEDIUM,75,CONDITIONAL_REVIEW_REQUIRED,Monitor and apply mitigation,Synthetic parcel risk score from supplied demo dataset; not an official cadastral/hazard determination,SYNTHETIC_DEMO_NOT_OFFICIAL,SYNTHETIC_DEMO_POLYGON_NOT_OFFICIAL,DO_NOT_USE_AS_LEGAL_BOUNDARY,SYNTHETIC_DEMO_ONLY,NO,YES,NO
DEMO-04-0173,Kottathara,Wayanad,Vythiri,DEMO-04-11,DEMO-04/437,5,2803.2,0.2803,Forest-fringe,11.6663827,76.1167028,750.1,33.7,168.5,153.6,0.17,0.253,0.621,853.0,566.3,248.9,0.578,0.848,52.0,HIGH,201,NOT_RECOMMENDED_UNDER_DEMO_MODEL,High caution / prioritize mitigation,Synthetic parcel risk score from supplied demo dataset; not an official cadastral/hazard determination,SYNTHETIC_DEMO_NOT_OFFICIAL,SYNTHETIC_DEMO_POLYGON_NOT_OFFICIAL,DO_NOT_USE_AS_LEGAL_BOUNDARY,SYNTHETIC_DEMO_ONLY,NO,YES,NO
DEMO-04-0174,Kottathara,Wayanad,Vythiri,DEMO-04-09,DEMO-04/511,6,781.1,0.0781,Residential,11.6663117,76.1178463,949.6,17.3,216.7,506.7,0.69,0.763,0.396,2305.6,334.6,296.2,0.165,0.328,47.9,MEDIUM,159,CONDITIONAL_REVIEW_REQUIRED,Monitor and apply mitigation,Synthetic parcel risk score from supplied demo dataset; not an official cadastral/hazard determination,SYNTHETIC_DEMO_NOT_OFFICIAL,SYNTHETIC_DEMO_POLYGON_NOT_OFFICIAL,DO_NOT_USE_AS_LEGAL_BOUNDARY,SYNTHETIC_DEMO_ONLY,NO,YES,NO
DEMO-04-0175,Kottathara,Wayanad,Vythiri,DEMO-04-18,DEMO-04/364,1,2675.8,0.2676,Forest-fringe,11.6664997,76.1187351,939.9,36.4,173.9,588.9,0.0,0.036,0.628,394.3,326.4,1089.5,0.264,0.515,50.4,HIGH,185,NOT_RECOMMENDED_UNDER_DEMO_MODEL,High caution / prioritize mitigation,Synthetic parcel risk score from supplied demo dataset; not an official cadastral/hazard determination,SYNTHETIC_DEMO_NOT_OFFICIAL,SYNTHETIC_DEMO_POLYGON_NOT_OFFICIAL,DO_NOT_USE_AS_LEGAL_BOUNDARY,SYNTHETIC_DEMO_ONLY,NO,YES,NO
DEMO-04-0176,Kottathara,Wayanad,Vythiri,DEMO-04-12,DEMO-04/334,3,2123.6,0.2124,Plantation,11.6673243,76.0910538,949.3,28.7,121.7,222.5,0.54,0.439,0.476,2168.6,689.7,975.7,0.111,0.368,44.8,MEDIUM,131,CONDITIONAL_REVIEW_REQUIRED,Monitor and apply mitigation,Synthetic parcel risk score from supplied demo dataset; not an official cadastral/hazard determination,SYNTHETIC_DEMO_NOT_OFFICIAL,SYNTHETIC_DEMO_POLYGON_NOT_OFFICIAL,DO_NOT_USE_AS_LEGAL_BOUNDARY,SYNTHETIC_DEMO_ONLY,NO,YES,NO
DEMO-04-0177,Kottathara,Wayanad,Vythiri,DEMO-04-09,DEMO-04/885,4,7981.3,0.7981,Mixed,11.6676374,76.092547,941.4,11.3,158.5,506.7,1.18,0.842,0.381,661.9,431.2,1291.6,0.253,0.272,52.6,HIGH,204,NOT_RECOMMENDED_UNDER_DEMO_MODEL,High caution / prioritize mitigation,Synthetic parcel risk score from supplied demo dataset; not an official cadastral/hazard determination,SYNTHETIC_DEMO_NOT_OFFICIAL,SYNTHETIC_DEMO_POLYGON_NOT_OFFICIAL,DO_NOT_USE_AS_LEGAL_BOUNDARY,SYNTHETIC_DEMO_ONLY,NO,YES,NO
DEMO-04-0178,Kottathara,Wayanad,Vythiri,DEMO-04-13,DEMO-04/424,6,3931.0,0.3931,Plantation,11.667567,76.093643,793.9,4.0,195.8,564.7,0.8,0.667,0.303,1228.2,1141.5,305.7,0.409,0.323,43.4,MEDIUM,114,CONDITIONAL_REVIEW_REQUIRED,Monitor and apply mitigation,Synthetic parcel risk score from supplied demo dataset; not an official cadastral/hazard determination,SYNTHETIC_DEMO_NOT_OFFICIAL,SYNTHETIC_DEMO_POLYGON_NOT_OFFICIAL,DO_NOT_USE_AS_LEGAL_BOUNDARY,SYNTHETIC_DEMO_ONLY,NO,YES,NO
DEMO-04-0179,Kottathara,Wayanad,Vythiri,DEMO-04-17,DEMO-04/287,7,5159.4,0.5159,Agriculture,11.6677045,76.0948677,811.3,14.3,62.8,357.6,0.15,0.28,0.431,788.7,760.6,1709.7,0.615,0.32,39.1,MEDIUM,78,CONDITIONAL_REVIEW_REQUIRED,Monitor and apply mitigation,Synthetic parcel risk score from supplied demo dataset; not an official cadastral/hazard determination,SYNTHETIC_DEMO_NOT_OFFICIAL,SYNTHETIC_DEMO_POLYGON_NOT_OFFICIAL,DO_NOT_USE_AS_LEGAL_BOUNDARY,SYNTHETIC_DEMO_ONLY,NO,YES,NO
DEMO-04-0180,Kottathara,Wayanad,Vythiri,DEMO-04-07,DEMO-04/548,4,1772.3,0.1772,Agriculture,11.667512,76.0959538,834.0,32.4,114.6,145.7,0.17,0.292,0.735,1215.6,580.1,395.4,0.259,0.6,49.5,MEDIUM,178,CONDITIONAL_REVIEW_REQUIRED,Monitor and apply mitigation,Synthetic parcel risk score from supplied demo dataset; not an official cadastral/hazard determination,SYNTHETIC_DEMO_NOT_OFFICIAL,SYNTHETIC_DEMO_POLYGON_NOT_OFFICIAL,DO_NOT_USE_AS_LEGAL_BOUNDARY,SYNTHETIC_DEMO_ONLY,NO,YES,NO
DEMO-04-0181,Kottathara,Wayanad,Vythiri,DEMO-04-13,DEMO-04/805,4,2064.5,0.2064,Agriculture,11.6676273,76.0966674,759.9,25.2,183.4,462.1,0.29,0.113,0.469,2410.5,401.6,432.9,0.244,0.441,40.9,MEDIUM,92,CONDITIONAL_REVIEW_REQUIRED,Monitor and apply mitigation,Synthetic parcel risk score from supplied demo dataset; not an official cadastral/hazard determination,SYNTHETIC_DEMO_NOT_OFFICIAL,SYNTHETIC_DEMO_POLYGON_NOT_OFFICIAL,DO_NOT_USE_AS_LEGAL_BOUNDARY,SYNTHETIC_DEMO_ONLY,NO,YES,NO
DEMO-04-0182,Kottathara,Wayanad,Vythiri,DEMO-04-01,DEMO-04/51,8,2943.4,0.2943,Forest-fringe,11.6676594,76.0980937,1015.9,33.3,67.0,210.4,0.68,0.7,0.587,894.8,166.8,1732.1,0.219,0.71,55.1,HIGH,216,NOT_RECOMMENDED_UNDER_DEMO_MODEL,High caution / prioritize mitigation,Synthetic parcel risk score from supplied demo dataset; not an official cadastral/hazard determination,SYNTHETIC_DEMO_NOT_OFFICIAL,SYNTHETIC_DEMO_POLYGON_NOT_OFFICIAL,DO_NOT_USE_AS_LEGAL_BOUNDARY,SYNTHETIC_DEMO_ONLY,NO,YES,NO
DEMO-04-0183,Kottathara,Wayanad,Vythiri,DEMO-04-03,DEMO-04/721,1,3564.2,0.3564,Residential,11.6674398,76.0993382,869.9,9.3,146.8,448.0,0.62,0.641,0.149,1672.4,221.4,174.9,0.479,0.799,35.6,MEDIUM,46,CONDITIONAL_REVIEW_REQUIRED,Monitor and apply mitigation,Synthetic parcel risk score from supplied demo dataset; not an official cadastral/hazard determination,SYNTHETIC_DEMO_NOT_OFFICIAL,SYNTHETIC_DEMO_POLYGON_NOT_OFFICIAL,DO_NOT_USE_AS_LEGAL_BOUNDARY,SYNTHETIC_DEMO_ONLY,NO,YES,NO
DEMO-04-0184,Kottathara,Wayanad,Vythiri,DEMO-04-07,DEMO-04/652,6,6490.0,0.649,Forest-fringe,11.6673916,76.1005783,807.9,14.4,121.4,288.4,0.77,0.705,0.212,38.3,462.2,1286.4,0.183,0.858,44.8,MEDIUM,131,CONDITIONAL_REVIEW_REQUIRED,Monitor and apply mitigation,Synthetic parcel risk score from supplied demo dataset; not an official cadastral/hazard determination,SYNTHETIC_DEMO_NOT_OFFICIAL,SYNTHETIC_DEMO_POLYGON_NOT_OFFICIAL,DO_NOT_USE_AS_LEGAL_BOUNDARY,SYNTHETIC_DEMO_ONLY,NO,YES,NO
DEMO-04-0185,Kottathara,Wayanad,Vythiri,DEMO-04-15,DEMO-04/851,3,3785.7,0.3786,Agriculture,11.6671979,76.1014367,910.6,15.4,49.6,355.2,0.92,0.579,0.451,1117.2,813.2,1122.2,0.185,0.717,42.6,MEDIUM,106,CONDITIONAL_REVIEW_REQUIRED,Monitor and apply mitigation,Synthetic parcel risk score from supplied demo dataset; not an official cadastral/hazard determination,SYNTHETIC_DEMO_NOT_OFFICIAL,SYNTHETIC_DEMO_POLYGON_NOT_OFFICIAL,DO_NOT_USE_AS_LEGAL_BOUNDARY,SYNTHETIC_DEMO_ONLY,NO,YES,NO
DEMO-04-0186,Kottathara,Wayanad,Vythiri,DEMO-04-18,DEMO-04/682,6,2498.4,0.2498,Forest-fringe,11.6672278,76.1026526,926.6,34.3,144.8,451.4,0.11,0.272,0.59,2263.7,152.2,848.3,0.084,0.273,45.6,MEDIUM,134,CONDITIONAL_REVIEW_REQUIRED,Monitor and apply mitigation,Synthetic parcel risk score from supplied demo dataset; not an official cadastral/hazard determination,SYNTHETIC_DEMO_NOT_OFFICIAL,SYNTHETIC_DEMO_POLYGON_NOT_OFFICIAL,DO_NOT_USE_AS_LEGAL_BOUNDARY,SYNTHETIC_DEMO_ONLY,NO,YES,NO
DEMO-04-0187,Kottathara,Wayanad,Vythiri,DEMO-04-06,DEMO-04/398,7,5503.9,0.5504,Plantation,11.6674212,76.1036239,992.0,31.5,177.4,503.0,0.09,0.144,0.467,31.3,1136.7,141.7,0.506,0.864,45.5,MEDIUM,133,CONDITIONAL_REVIEW_REQUIRED,Monitor and apply mitigation,Synthetic parcel risk score from supplied demo dataset; not an official cadastral/hazard determination,SYNTHETIC_DEMO_NOT_OFFICIAL,SYNTHETIC_DEMO_POLYGON_NOT_OFFICIAL,DO_NOT_USE_AS_LEGAL_BOUNDARY,SYNTHETIC_DEMO_ONLY,NO,YES,NO
DEMO-04-0188,Kottathara,Wayanad,Vythiri,DEMO-04-15,DEMO-04/106,3,6319.8,0.632,Forest-fringe,11.6673413,76.1047739,729.2,32.5,132.8,336.6,0.36,0.287,0.548,727.2,958.4,248.5,0.168,0.497,47.7,MEDIUM,156,CONDITIONAL_REVIEW_REQUIRED,Monitor and apply mitigation,Synthetic parcel risk score from supplied demo dataset; not an official cadastral/hazard determination,SYNTHETIC_DEMO_NOT_OFFICIAL,SYNTHETIC_DEMO_POLYGON_NOT_OFFICIAL,DO_NOT_USE_AS_LEGAL_BOUNDARY,SYNTHETIC_DEMO_ONLY,NO,YES,NO
DEMO-04-0189,Kottathara,Wayanad,Vythiri,DEMO-04-04,DEMO-04/327,7,2839.3,0.2839,Plantation,11.6672335,76.1060507,781.8,24.0,107.6,459.3,0.82,0.846,0.448,783.9,992.7,606.8,0.604,0.532,53.8,HIGH,209,NOT_RECOMMENDED_UNDER_DEMO_MODEL,High caution / prioritize mitigation,Synthetic parcel risk score from supplied demo dataset; not an official cadastral/hazard determination,SYNTHETIC_DEMO_NOT_OFFICIAL,SYNTHETIC_DEMO_POLYGON_NOT_OFFICIAL,DO_NOT_USE_AS_LEGAL_BOUNDARY,SYNTHETIC_DEMO_ONLY,NO,YES,NO
DEMO-04-0190,Kottathara,Wayanad,Vythiri,DEMO-04-03,DEMO-04/559,6,836.5,0.0836,Agriculture,11.6673591,76.1073657,878.4,15.3,46.2,530.7,0.79,0.492,0.472,1421.1,725.5,1210.2,0.33,0.475,41.5,MEDIUM,98,CONDITIONAL_REVIEW_REQUIRED,Monitor and apply mitigation,Synthetic parcel risk score from supplied demo dataset; not an official cadastral/hazard determination,SYNTHETIC_DEMO_NOT_OFFICIAL,SYNTHETIC_DEMO_POLYGON_NOT_OFFICIAL,DO_NOT_USE_AS_LEGAL_BOUNDARY,SYNTHETIC_DEMO_ONLY,NO,YES,NO
DEMO-04-0191,Kottathara,Wayanad,Vythiri,DEMO-04-20,DEMO-04/2,1,771.9,0.0772,Residential,11.6677295,76.1084093,1005.8,30.6,57.6,599.6,0.41,0.336,0.673,2387.2,452.9,1521.6,0.271,0.861,46.0,MEDIUM,140,CONDITIONAL_REVIEW_REQUIRED,Monitor and apply mitigation,Synthetic parcel risk score from supplied demo dataset; not an official cadastral/hazard determination,SYNTHETIC_DEMO_NOT_OFFICIAL,SYNTHETIC_DEMO_POLYGON_NOT_OFFICIAL,DO_NOT_USE_AS_LEGAL_BOUNDARY,SYNTHETIC_DEMO_ONLY,NO,YES,NO
DEMO-04-0192,Kottathara,Wayanad,Vythiri,DEMO-04-09,DEMO-04/37,9,7193.2,0.7193,Plantation,11.6672632,76.1093669,979.2,31.7,99.5,593.4,0.61,0.64,0.507,1807.9,1189.8,351.2,0.536,0.752,48.9,MEDIUM,170,CONDITIONAL_REVIEW_REQUIRED,Monitor and apply mitigation,Synthetic parcel risk score from supplied demo dataset; not an official cadastral/hazard determination,SYNTHETIC_DEMO_NOT_OFFICIAL,SYNTHETIC_DEMO_POLYGON_NOT_OFFICIAL,DO_NOT_USE_AS_LEGAL_BOUNDARY,SYNTHETIC_DEMO_ONLY,NO,YES,NO
DEMO-04-0193,Kottathara,Wayanad,Vythiri,DEMO-04-03,DEMO-04/581,8,4645.4,0.4645,Plantation,11.6674954,76.1105937,773.9,9.9,55.9,369.9,0.41,0.588,0.314,513.5,515.6,475.1,0.115,0.802,34.8,MEDIUM,40,CONDITIONAL_REVIEW_REQUIRED,Monitor and apply mitigation,Synthetic parcel risk score from supplied demo dataset; not an official cadastral/hazard determination,SYNTHETIC_DEMO_NOT_OFFICIAL,SYNTHETIC_DEMO_POLYGON_NOT_OFFICIAL,DO_NOT_USE_AS_LEGAL_BOUNDARY,SYNTHETIC_DEMO_ONLY,NO,YES,NO
DEMO-04-0194,Kottathara,Wayanad,Vythiri,DEMO-04-04,DEMO-04/79,4,7552.9,0.7553,Mixed,11.6673647,76.111805,843.7,8.8,170.1,323.1,0.37,0.14,0.194,1431.5,1174.2,451.3,0.249,0.614,30.1,MEDIUM,15,CONDITIONAL_REVIEW_REQUIRED,Monitor and apply mitigation,Synthetic parcel risk score from supplied demo dataset; not an official cadastral/hazard determination,SYNTHETIC_DEMO_NOT_OFFICIAL,SYNTHETIC_DEMO_POLYGON_NOT_OFFICIAL,DO_NOT_USE_AS_LEGAL_BOUNDARY,SYNTHETIC_DEMO_ONLY,NO,YES,NO
DEMO-04-0195,Kottathara,Wayanad,Vythiri,DEMO-04-01,DEMO-04/758,1,4872.5,0.4872,Residential,11.6672882,76.1132395,731.4,15.8,129.4,261.7,0.47,0.766,0.362,526.8,309.0,115.2,0.449,0.495,45.8,MEDIUM,137,CONDITIONAL_REVIEW_REQUIRED,Monitor and apply mitigation,Synthetic parcel risk score from supplied demo dataset; not an official cadastral/hazard determination,SYNTHETIC_DEMO_NOT_OFFICIAL,SYNTHETIC_DEMO_POLYGON_NOT_OFFICIAL,DO_NOT_USE_AS_LEGAL_BOUNDARY,SYNTHETIC_DEMO_ONLY,NO,YES,NO
DEMO-04-0196,Kottathara,Wayanad,Vythiri,DEMO-04-19,DEMO-04/82,8,7466.4,0.7466,Agriculture,11.6673766,76.1141741,817.0,30.2,50.0,613.9,0.87,0.784,0.579,342.6,206.8,580.0,0.578,0.744,55.5,HIGH,220,NOT_RECOMMENDED_UNDER_DEMO_MODEL,High caution / prioritize mitigation,Synthetic parcel risk score from supplied demo dataset; not an official cadastral/hazard determination,SYNTHETIC_DEMO_NOT_OFFICIAL,SYNTHETIC_DEMO_POLYGON_NOT_OFFICIAL,DO_NOT_USE_AS_LEGAL_BOUNDARY,SYNTHETIC_DEMO_ONLY,NO,YES,NO
DEMO-04-0197,Kottathara,Wayanad,Vythiri,DEMO-04-10,DEMO-04/957,1,3229.6,0.323,Agriculture,11.6676484,76.1151293,1027.1,34.5,84.9,220.3,0.61,0.749,0.559,1807.4,810.3,1008.3,0.068,0.773,51.4,HIGH,195,NOT_RECOMMENDED_UNDER_DEMO_MODEL,High caution / prioritize mitigation,Synthetic parcel risk score from supplied demo dataset; not an official cadastral/hazard determination,SYNTHETIC_DEMO_NOT_OFFICIAL,SYNTHETIC_DEMO_POLYGON_NOT_OFFICIAL,DO_NOT_USE_AS_LEGAL_BOUNDARY,SYNTHETIC_DEMO_ONLY,NO,YES,NO
DEMO-04-0198,Kottathara,Wayanad,Vythiri,DEMO-04-05,DEMO-04/84,7,698.6,0.0699,Plantation,11.6673637,76.1166717,923.8,24.8,111.9,522.9,0.76,0.776,0.396,2390.9,172.1,652.2,0.406,0.674,46.8,MEDIUM,147,CONDITIONAL_REVIEW_REQUIRED,Monitor and apply mitigation,Synthetic parcel risk score from supplied demo dataset; not an official cadastral/hazard determination,SYNTHETIC_DEMO_NOT_OFFICIAL,SYNTHETIC_DEMO_POLYGON_NOT_OFFICIAL,DO_NOT_USE_AS_LEGAL_BOUNDARY,SYNTHETIC_DEMO_ONLY,NO,YES,NO
DEMO-04-0199,Kottathara,Wayanad,Vythiri,DEMO-04-12,DEMO-04/138,7,2158.3,0.2158,Plantation,11.6672492,76.1175226,864.3,13.3,189.6,434.0,1.13,0.844,0.386,131.1,1159.6,1603.5,0.349,0.708,58.0,HIGH,235,NOT_RECOMMENDED_UNDER_DEMO_MODEL,High caution / prioritize mitigation,Synthetic parcel risk score from supplied demo dataset; not an official cadastral/hazard determination,SYNTHETIC_DEMO_NOT_OFFICIAL,SYNTHETIC_DEMO_POLYGON_NOT_OFFICIAL,DO_NOT_USE_AS_LEGAL_BOUNDARY,SYNTHETIC_DEMO_ONLY,NO,YES,NO
DEMO-04-0200,Kottathara,Wayanad,Vythiri,DEMO-04-05,DEMO-04/903,6,4078.1,0.4078,Agriculture,11.6674799,76.1188656,824.8,5.4,99.6,468.2,0.42,0.161,0.345,1708.1,406.7,1532.3,0.465,0.899,32.9,MEDIUM,29,CONDITIONAL_REVIEW_REQUIRED,Monitor and apply mitigation,Synthetic parcel risk score from supplied demo dataset; not an official cadastral/hazard determination,SYNTHETIC_DEMO_NOT_OFFICIAL,SYNTHETIC_DEMO_POLYGON_NOT_OFFICIAL,DO_NOT_USE_AS_LEGAL_BOUNDARY,SYNTHETIC_DEMO_ONLY,NO,YES,NO
DEMO-04-0201,Kottathara,Wayanad,Vythiri,DEMO-04-14,DEMO-04/7,9,2126.7,0.2127,Agriculture,11.6687429,76.0911604,715.3,16.3,80.7,589.3,0.07,0.083,0.282,2253.9,1095.4,1442.7,0.626,0.434,30.9,MEDIUM,18,CONDITIONAL_REVIEW_REQUIRED,Monitor and apply mitigation,Synthetic parcel risk score from supplied demo dataset; not an official cadastral/hazard determination,SYNTHETIC_DEMO_NOT_OFFICIAL,SYNTHETIC_DEMO_POLYGON_NOT_OFFICIAL,DO_NOT_USE_AS_LEGAL_BOUNDARY,SYNTHETIC_DEMO_ONLY,NO,YES,NO
DEMO-04-0202,Kottathara,Wayanad,Vythiri,DEMO-04-16,DEMO-04/304,5,3941.8,0.3942,Plantation,11.6685145,76.0921666,921.3,34.6,96.5,261.7,0.74,0.389,0.507,746.7,1091.5,1137.5,0.171,0.672,50.3,HIGH,183,NOT_RECOMMENDED_UNDER_DEMO_MODEL,High caution / prioritize mitigation,Synthetic parcel risk score from supplied demo dataset; not an official cadastral/hazard determination,SYNTHETIC_DEMO_NOT_OFFICIAL,SYNTHETIC_DEMO_POLYGON_NOT_OFFICIAL,DO_NOT_USE_AS_LEGAL_BOUNDARY,SYNTHETIC_DEMO_ONLY,NO,YES,NO
DEMO-04-0203,Kottathara,Wayanad,Vythiri,DEMO-04-12,DEMO-04/920,7,4322.8,0.4323,Residential,11.6687235,76.093258,871.6,30.8,206.3,258.7,0.59,0.338,0.598,795.6,771.9,1042.9,0.521,0.759,57.8,HIGH,234,NOT_RECOMMENDED_UNDER_DEMO_MODEL,High caution / prioritize mitigation,Synthetic parcel risk score from supplied demo dataset; not an official cadastral/hazard determination,SYNTHETIC_DEMO_NOT_OFFICIAL,SYNTHETIC_DEMO_POLYGON_NOT_OFFICIAL,DO_NOT_USE_AS_LEGAL_BOUNDARY,SYNTHETIC_DEMO_ONLY,NO,YES,NO
DEMO-04-0204,Kottathara,Wayanad,Vythiri,DEMO-04-02,DEMO-04/940,7,6596.0,0.6596,Residential,11.668957,76.0947928,1011.2,19.3,183.3,600.1,0.0,0.298,0.295,394.0,58.5,1596.8,0.572,0.65,43.0,MEDIUM,112,CONDITIONAL_REVIEW_REQUIRED,Monitor and apply mitigation,Synthetic parcel risk score from supplied demo dataset; not an official cadastral/hazard determination,SYNTHETIC_DEMO_NOT_OFFICIAL,SYNTHETIC_DEMO_POLYGON_NOT_OFFICIAL,DO_NOT_USE_AS_LEGAL_BOUNDARY,SYNTHETIC_DEMO_ONLY,NO,YES,NO
DEMO-04-0205,Kottathara,Wayanad,Vythiri,DEMO-04-13,DEMO-04/412,5,4061.2,0.4061,Residential,11.6685763,76.096026,967.9,5.7,184.4,391.6,0.73,0.741,0.128,2335.0,916.7,677.3,0.29,0.378,36.9,MEDIUM,56,CONDITIONAL_REVIEW_REQUIRED,Monitor and apply mitigation,Synthetic parcel risk score from supplied demo dataset; not an official cadastral/hazard determination,SYNTHETIC_DEMO_NOT_OFFICIAL,SYNTHETIC_DEMO_POLYGON_NOT_OFFICIAL,DO_NOT_USE_AS_LEGAL_BOUNDARY,SYNTHETIC_DEMO_ONLY,NO,YES,NO
DEMO-04-0206,Kottathara,Wayanad,Vythiri,DEMO-04-09,DEMO-04/785,9,2672.0,0.2672,Agriculture,11.6688113,76.0970949,906.7,8.8,60.1,398.3,0.25,0.587,0.394,2344.8,461.3,199.3,0.483,0.886,32.0,MEDIUM,23,CONDITIONAL_REVIEW_REQUIRED,Monitor and apply mitigation,Synthetic parcel risk score from supplied demo dataset; not an official cadastral/hazard determination,SYNTHETIC_DEMO_NOT_OFFICIAL,SYNTHETIC_DEMO_POLYGON_NOT_OFFICIAL,DO_NOT_USE_AS_LEGAL_BOUNDARY,SYNTHETIC_DEMO_ONLY,NO,YES,NO
DEMO-04-0207,Kottathara,Wayanad,Vythiri,DEMO-04-01,DEMO-04/413,8,3060.0,0.306,Residential,11.6685766,76.0979067,694.3,13.2,183.0,184.4,0.35,0.417,0.444,564.1,251.9,1320.9,0.289,0.588,47.8,MEDIUM,158,CONDITIONAL_REVIEW_REQUIRED,Monitor and apply mitigation,Synthetic parcel risk score from supplied demo dataset; not an official cadastral/hazard determination,SYNTHETIC_DEMO_NOT_OFFICIAL,SYNTHETIC_DEMO_POLYGON_NOT_OFFICIAL,DO_NOT_USE_AS_LEGAL_BOUNDARY,SYNTHETIC_DEMO_ONLY,NO,YES,NO
DEMO-04-0208,Kottathara,Wayanad,Vythiri,DEMO-04-18,DEMO-04/892,2,1005.7,0.1006,Agriculture,11.668769,76.099072,1018.3,24.9,91.9,602.0,0.0,0.455,0.433,1889.2,1044.3,1527.5,0.484,0.817,41.3,MEDIUM,94,CONDITIONAL_REVIEW_REQUIRED,Monitor and apply mitigation,Synthetic parcel risk score from supplied demo dataset; not an official cadastral/hazard determination,SYNTHETIC_DEMO_NOT_OFFICIAL,SYNTHETIC_DEMO_POLYGON_NOT_OFFICIAL,DO_NOT_USE_AS_LEGAL_BOUNDARY,SYNTHETIC_DEMO_ONLY,NO,YES,NO
DEMO-04-0209,Kottathara,Wayanad,Vythiri,DEMO-04-01,DEMO-04/613,1,6547.6,0.6548,Plantation,11.6687836,76.1005383,972.6,29.8,74.1,351.9,0.08,0.033,0.651,1383.8,787.4,505.2,0.327,0.534,39.5,MEDIUM,81,CONDITIONAL_REVIEW_REQUIRED,Monitor and apply mitigation,Synthetic parcel risk score from supplied demo dataset; not an official cadastral/hazard determination,SYNTHETIC_DEMO_NOT_OFFICIAL,SYNTHETIC_DEMO_POLYGON_NOT_OFFICIAL,DO_NOT_USE_AS_LEGAL_BOUNDARY,SYNTHETIC_DEMO_ONLY,NO,YES,NO
DEMO-04-0210,Kottathara,Wayanad,Vythiri,DEMO-04-18,DEMO-04/186,4,7976.6,0.7977,Agriculture,11.668655,76.101656,982.9,10.5,75.6,286.1,0.9,0.598,0.25,92.8,908.7,1156.1,0.362,0.868,40.2,MEDIUM,86,CONDITIONAL_REVIEW_REQUIRED,Monitor and apply mitigation,Synthetic parcel risk score from supplied demo dataset; not an official cadastral/hazard determination,SYNTHETIC_DEMO_NOT_OFFICIAL,SYNTHETIC_DEMO_POLYGON_NOT_OFFICIAL,DO_NOT_USE_AS_LEGAL_BOUNDARY,SYNTHETIC_DEMO_ONLY,NO,YES,NO
DEMO-04-0211,Kottathara,Wayanad,Vythiri,DEMO-04-08,DEMO-04/690,2,4723.3,0.4723,Mixed,11.668911,76.1027951,1034.0,25.2,148.2,244.6,0.0,0.074,0.373,1358.2,291.2,355.6,0.147,0.388,34.0,MEDIUM,37,CONDITIONAL_REVIEW_REQUIRED,Monitor and apply mitigation,Synthetic parcel risk score from supplied demo dataset; not an official cadastral/hazard determination,SYNTHETIC_DEMO_NOT_OFFICIAL,SYNTHETIC_DEMO_POLYGON_NOT_OFFICIAL,DO_NOT_USE_AS_LEGAL_BOUNDARY,SYNTHETIC_DEMO_ONLY,NO,YES,NO
DEMO-04-0212,Kottathara,Wayanad,Vythiri,DEMO-04-10,DEMO-04/650,1,4634.3,0.4634,Forest-fringe,11.6689566,76.1037962,684.6,25.0,180.8,524.8,1.05,0.489,0.558,1452.5,257.8,1308.8,0.423,0.726,58.2,HIGH,239,NOT_RECOMMENDED_UNDER_DEMO_MODEL,High caution / prioritize mitigation,Synthetic parcel risk score from supplied demo dataset; not an official cadastral/hazard determination,SYNTHETIC_DEMO_NOT_OFFICIAL,SYNTHETIC_DEMO_POLYGON_NOT_OFFICIAL,DO_NOT_USE_AS_LEGAL_BOUNDARY,SYNTHETIC_DEMO_ONLY,NO,YES,NO
DEMO-04-0213,Kottathara,Wayanad,Vythiri,DEMO-04-09,DEMO-04/31,5,954.1,0.0954,Agriculture,11.6687625,76.105198,670.4,26.5,182.2,371.4,0.33,0.067,0.642,1173.2,451.8,1652.1,0.095,0.596,51.3,HIGH,192,NOT_RECOMMENDED_UNDER_DEMO_MODEL,High caution / prioritize mitigation,Synthetic parcel risk score from supplied demo dataset; not an official cadastral/hazard determination,SYNTHETIC_DEMO_NOT_OFFICIAL,SYNTHETIC_DEMO_POLYGON_NOT_OFFICIAL,DO_NOT_USE_AS_LEGAL_BOUNDARY,SYNTHETIC_DEMO_ONLY,NO,YES,NO
DEMO-04-0214,Kottathara,Wayanad,Vythiri,DEMO-04-02,DEMO-04/522,5,7388.7,0.7389,Residential,11.6686405,76.105981,813.4,4.6,170.7,453.7,0.15,0.136,0.196,484.3,433.3,912.7,0.172,0.839,30.6,MEDIUM,17,CONDITIONAL_REVIEW_REQUIRED,Monitor and apply mitigation,Synthetic parcel risk score from supplied demo dataset; not an official cadastral/hazard determination,SYNTHETIC_DEMO_NOT_OFFICIAL,SYNTHETIC_DEMO_POLYGON_NOT_OFFICIAL,DO_NOT_USE_AS_LEGAL_BOUNDARY,SYNTHETIC_DEMO_ONLY,NO,YES,NO
DEMO-04-0215,Kottathara,Wayanad,Vythiri,DEMO-04-14,DEMO-04/90,1,6498.0,0.6498,Agriculture,11.6686504,76.1072953,1047.0,29.5,153.2,268.0,0.0,0.067,0.498,138.7,743.1,897.7,0.246,0.558,43.2,MEDIUM,113,CONDITIONAL_REVIEW_REQUIRED,Monitor and apply mitigation,Synthetic parcel risk score from supplied demo dataset; not an official cadastral/hazard determination,SYNTHETIC_DEMO_NOT_OFFICIAL,SYNTHETIC_DEMO_POLYGON_NOT_OFFICIAL,DO_NOT_USE_AS_LEGAL_BOUNDARY,SYNTHETIC_DEMO_ONLY,NO,YES,NO
DEMO-04-0216,Kottathara,Wayanad,Vythiri,DEMO-04-09,DEMO-04/859,2,6408.1,0.6408,Forest-fringe,11.6686719,76.1086897,1033.8,26.7,164.7,296.7,0.38,0.284,0.555,1637.3,857.8,283.9,0.544,0.44,46.0,MEDIUM,140,CONDITIONAL_REVIEW_REQUIRED,Monitor and apply mitigation,Synthetic parcel risk score from supplied demo dataset; not an official cadastral/hazard determination,SYNTHETIC_DEMO_NOT_OFFICIAL,SYNTHETIC_DEMO_POLYGON_NOT_OFFICIAL,DO_NOT_USE_AS_LEGAL_BOUNDARY,SYNTHETIC_DEMO_ONLY,NO,YES,NO
DEMO-04-0217,Kottathara,Wayanad,Vythiri,DEMO-04-03,DEMO-04/171,4,4685.0,0.4685,Plantation,11.6689753,76.1097363,993.9,11.9,130.8,230.2,0.22,0.388,0.261,2046.0,895.1,1240.3,0.297,0.35,33.5,MEDIUM,34,CONDITIONAL_REVIEW_REQUIRED,Monitor and apply mitigation,Synthetic parcel risk score from supplied demo dataset; not an official cadastral/hazard determination,SYNTHETIC_DEMO_NOT_OFFICIAL,SYNTHETIC_DEMO_POLYGON_NOT_OFFICIAL,DO_NOT_USE_AS_LEGAL_BOUNDARY,SYNTHETIC_DEMO_ONLY,NO,YES,NO
DEMO-04-0218,Kottathara,Wayanad,Vythiri,DEMO-04-12,DEMO-04/140,3,834.3,0.0834,Forest-fringe,11.6688072,76.1109175,682.4,23.1,176.0,177.5,0.0,0.236,0.352,1322.5,964.1,1443.1,0.426,0.611,43.5,MEDIUM,117,CONDITIONAL_REVIEW_REQUIRED,Monitor and apply mitigation,Synthetic parcel risk score from supplied demo dataset; not an official cadastral/hazard determination,SYNTHETIC_DEMO_NOT_OFFICIAL,SYNTHETIC_DEMO_POLYGON_NOT_OFFICIAL,DO_NOT_USE_AS_LEGAL_BOUNDARY,SYNTHETIC_DEMO_ONLY,NO,YES,NO
DEMO-04-0219,Kottathara,Wayanad,Vythiri,DEMO-04-07,DEMO-04/343,1,2708.5,0.2708,Plantation,11.6689982,76.1118161,883.0,17.4,188.7,145.7,0.17,0.085,0.258,1402.1,629.1,553.4,0.644,0.584,35.7,MEDIUM,48,CONDITIONAL_REVIEW_REQUIRED,Monitor and apply mitigation,Synthetic parcel risk score from supplied demo dataset; not an official cadastral/hazard determination,SYNTHETIC_DEMO_NOT_OFFICIAL,SYNTHETIC_DEMO_POLYGON_NOT_OFFICIAL,DO_NOT_USE_AS_LEGAL_BOUNDARY,SYNTHETIC_DEMO_ONLY,NO,YES,NO
DEMO-04-0220,Kottathara,Wayanad,Vythiri,DEMO-04-15,DEMO-04/201,3,4222.6,0.4223,Forest-fringe,11.6688513,76.1130652,687.2,31.7,143.3,335.0,0.91,0.561,0.511,1517.3,690.0,1498.2,0.517,0.395,58.1,HIGH,237,NOT_RECOMMENDED_UNDER_DEMO_MODEL,High caution / prioritize mitigation,Synthetic parcel risk score from supplied demo dataset; not an official cadastral/hazard determination,SYNTHETIC_DEMO_NOT_OFFICIAL,SYNTHETIC_DEMO_POLYGON_NOT_OFFICIAL,DO_NOT_USE_AS_LEGAL_BOUNDARY,SYNTHETIC_DEMO_ONLY,NO,YES,NO
DEMO-04-0221,Kottathara,Wayanad,Vythiri,DEMO-04-14,DEMO-04/615,7,1904.8,0.1905,Agriculture,11.6685729,76.1141203,881.5,23.7,219.3,472.3,0.35,0.485,0.346,2330.2,266.1,1702.8,0.285,0.361,48.4,MEDIUM,164,CONDITIONAL_REVIEW_REQUIRED,Monitor and apply mitigation,Synthetic parcel risk score from supplied demo dataset; not an official cadastral/hazard determination,SYNTHETIC_DEMO_NOT_OFFICIAL,SYNTHETIC_DEMO_POLYGON_NOT_OFFICIAL,DO_NOT_USE_AS_LEGAL_BOUNDARY,SYNTHETIC_DEMO_ONLY,NO,YES,NO
DEMO-04-0222,Kottathara,Wayanad,Vythiri,DEMO-04-09,DEMO-04/373,7,4494.5,0.4494,Mixed,11.6689434,76.115224,715.6,13.4,36.6,559.7,0.4,0.474,0.196,506.8,1028.2,1481.5,0.056,0.513,33.4,MEDIUM,32,CONDITIONAL_REVIEW_REQUIRED,Monitor and apply mitigation,Synthetic parcel risk score from supplied demo dataset; not an official cadastral/hazard determination,SYNTHETIC_DEMO_NOT_OFFICIAL,SYNTHETIC_DEMO_POLYGON_NOT_OFFICIAL,DO_NOT_USE_AS_LEGAL_BOUNDARY,SYNTHETIC_DEMO_ONLY,NO,YES,NO
DEMO-04-0223,Kottathara,Wayanad,Vythiri,DEMO-04-02,DEMO-04/818,4,3341.4,0.3341,Agriculture,11.6690461,76.1167711,980.7,16.9,60.4,301.6,0.71,0.663,0.45,1091.0,149.6,608.6,0.41,0.44,42.8,MEDIUM,109,CONDITIONAL_REVIEW_REQUIRED,Monitor and apply mitigation,Synthetic parcel risk score from supplied demo dataset; not an official cadastral/hazard determination,SYNTHETIC_DEMO_NOT_OFFICIAL,SYNTHETIC_DEMO_POLYGON_NOT_OFFICIAL,DO_NOT_USE_AS_LEGAL_BOUNDARY,SYNTHETIC_DEMO_ONLY,NO,YES,NO
DEMO-04-0224,Kottathara,Wayanad,Vythiri,DEMO-04-01,DEMO-04/477,5,5309.6,0.531,Agriculture,11.6685345,76.1177833,805.2,33.1,154.2,373.0,1.29,0.769,0.55,1077.1,116.4,1795.5,0.405,0.793,65.7,HIGH,250,NOT_RECOMMENDED_UNDER_DEMO_MODEL,High caution / prioritize mitigation,Synthetic parcel risk score from supplied demo dataset; not an official cadastral/hazard determination,SYNTHETIC_DEMO_NOT_OFFICIAL,SYNTHETIC_DEMO_POLYGON_NOT_OFFICIAL,DO_NOT_USE_AS_LEGAL_BOUNDARY,SYNTHETIC_DEMO_ONLY,NO,YES,NO
DEMO-04-0225,Kottathara,Wayanad,Vythiri,DEMO-04-17,DEMO-04/198,2,5704.7,0.5705,Mixed,11.6685369,76.1185361,899.7,17.9,167.6,600.0,0.25,0.716,0.451,1492.3,952.2,190.4,0.519,0.556,46.6,MEDIUM,145,CONDITIONAL_REVIEW_REQUIRED,Monitor and apply mitigation,Synthetic parcel risk score from supplied demo dataset; not an official cadastral/hazard determination,SYNTHETIC_DEMO_NOT_OFFICIAL,SYNTHETIC_DEMO_POLYGON_NOT_OFFICIAL,DO_NOT_USE_AS_LEGAL_BOUNDARY,SYNTHETIC_DEMO_ONLY,NO,YES,NO
DEMO-04-0226,Kottathara,Wayanad,Vythiri,DEMO-04-09,DEMO-04/366,6,3804.0,0.3804,Mixed,11.6700818,76.0912286,804.6,26.1,131.9,122.1,0.1,0.025,0.439,1074.2,965.6,746.5,0.079,0.654,37.7,MEDIUM,68,CONDITIONAL_REVIEW_REQUIRED,Monitor and apply mitigation,Synthetic parcel risk score from supplied demo dataset; not an official cadastral/hazard determination,SYNTHETIC_DEMO_NOT_OFFICIAL,SYNTHETIC_DEMO_POLYGON_NOT_OFFICIAL,DO_NOT_USE_AS_LEGAL_BOUNDARY,SYNTHETIC_DEMO_ONLY,NO,YES,NO
DEMO-04-0227,Kottathara,Wayanad,Vythiri,DEMO-04-17,DEMO-04/941,3,7165.0,0.7165,Plantation,11.6701846,76.0923344,820.9,12.3,218.8,180.2,0.09,0.25,0.255,384.3,275.4,1066.3,0.273,0.397,39.9,MEDIUM,83,CONDITIONAL_REVIEW_REQUIRED,Monitor and apply mitigation,Synthetic parcel risk score from supplied demo dataset; not an official cadastral/hazard determination,SYNTHETIC_DEMO_NOT_OFFICIAL,SYNTHETIC_DEMO_POLYGON_NOT_OFFICIAL,DO_NOT_USE_AS_LEGAL_BOUNDARY,SYNTHETIC_DEMO_ONLY,NO,YES,NO
DEMO-04-0228,Kottathara,Wayanad,Vythiri,DEMO-04-18,DEMO-04/821,2,1746.3,0.1746,Plantation,11.6701349,76.0934167,809.3,4.3,115.2,179.6,0.04,0.217,0.28,1625.4,29.1,983.1,0.417,0.742,28.9,MEDIUM,13,CONDITIONAL_REVIEW_REQUIRED,Monitor and apply mitigation,Synthetic parcel risk score from supplied demo dataset; not an official cadastral/hazard determination,SYNTHETIC_DEMO_NOT_OFFICIAL,SYNTHETIC_DEMO_POLYGON_NOT_OFFICIAL,DO_NOT_USE_AS_LEGAL_BOUNDARY,SYNTHETIC_DEMO_ONLY,NO,YES,NO
DEMO-04-0229,Kottathara,Wayanad,Vythiri,DEMO-04-09,DEMO-04/668,8,2291.5,0.2292,Residential,11.6699146,76.0948243,951.2,16.2,159.5,485.4,0.1,0.524,0.421,802.8,194.4,1369.9,0.472,0.511,45.8,MEDIUM,137,CONDITIONAL_REVIEW_REQUIRED,Monitor and apply mitigation,Synthetic parcel risk score from supplied demo dataset; not an official cadastral/hazard determination,SYNTHETIC_DEMO_NOT_OFFICIAL,SYNTHETIC_DEMO_POLYGON_NOT_OFFICIAL,DO_NOT_USE_AS_LEGAL_BOUNDARY,SYNTHETIC_DEMO_ONLY,NO,YES,NO
DEMO-04-0230,Kottathara,Wayanad,Vythiri,DEMO-04-18,DEMO-04/776,4,4624.5,0.4624,Agriculture,11.6700544,76.0957203,959.4,12.0,54.6,144.5,0.0,0.024,0.192,2156.4,1019.6,1423.9,0.142,0.288,20.8,LOW,1,CANDIDATE_FOR_FURTHER_ASSESSMENT,Normal monitoring,Synthetic parcel risk score from supplied demo dataset; not an official cadastral/hazard determination,SYNTHETIC_DEMO_NOT_OFFICIAL,SYNTHETIC_DEMO_POLYGON_NOT_OFFICIAL,DO_NOT_USE_AS_LEGAL_BOUNDARY,SYNTHETIC_DEMO_ONLY,NO,YES,NO
DEMO-04-0231,Kottathara,Wayanad,Vythiri,DEMO-04-02,DEMO-04/325,3,7609.1,0.7609,Residential,11.670035,76.0968661,766.3,16.1,213.7,228.7,0.62,0.664,0.269,1785.3,85.2,1658.3,0.165,0.493,48.7,MEDIUM,168,CONDITIONAL_REVIEW_REQUIRED,Monitor and apply mitigation,Synthetic parcel risk score from supplied demo dataset; not an official cadastral/hazard determination,SYNTHETIC_DEMO_NOT_OFFICIAL,SYNTHETIC_DEMO_POLYGON_NOT_OFFICIAL,DO_NOT_USE_AS_LEGAL_BOUNDARY,SYNTHETIC_DEMO_ONLY,NO,YES,NO
DEMO-04-0232,Kottathara,Wayanad,Vythiri,DEMO-04-08,DEMO-04/789,1,1513.9,0.1514,Plantation,11.670017,76.0979004,887.2,35.0,71.9,558.4,0.0,0.137,0.671,1904.0,83.7,431.3,0.25,0.483,41.5,MEDIUM,98,CONDITIONAL_REVIEW_REQUIRED,Monitor and apply mitigation,Synthetic parcel risk score from supplied demo dataset; not an official cadastral/hazard determination,SYNTHETIC_DEMO_NOT_OFFICIAL,SYNTHETIC_DEMO_POLYGON_NOT_OFFICIAL,DO_NOT_USE_AS_LEGAL_BOUNDARY,SYNTHETIC_DEMO_ONLY,NO,YES,NO
DEMO-04-0233,Kottathara,Wayanad,Vythiri,DEMO-04-03,DEMO-04/112,2,2310.8,0.2311,Agriculture,11.6702353,76.0991059,722.4,28.4,81.1,186.8,0.89,0.713,0.453,345.8,227.7,171.0,0.385,0.399,51.3,HIGH,192,NOT_RECOMMENDED_UNDER_DEMO_MODEL,High caution / prioritize mitigation,Synthetic parcel risk score from supplied demo dataset; not an official cadastral/hazard determination,SYNTHETIC_DEMO_NOT_OFFICIAL,SYNTHETIC_DEMO_POLYGON_NOT_OFFICIAL,DO_NOT_USE_AS_LEGAL_BOUNDARY,SYNTHETIC_DEMO_ONLY,NO,YES,NO
DEMO-04-0234,Kottathara,Wayanad,Vythiri,DEMO-04-18,DEMO-04/368,4,6064.8,0.6065,Residential,11.6698489,76.1006042,815.4,5.6,196.2,218.9,0.64,0.194,0.14,1193.6,776.2,1118.3,0.307,0.48,34.5,MEDIUM,39,CONDITIONAL_REVIEW_REQUIRED,Monitor and apply mitigation,Synthetic parcel risk score from supplied demo dataset; not an official cadastral/hazard determination,SYNTHETIC_DEMO_NOT_OFFICIAL,SYNTHETIC_DEMO_POLYGON_NOT_OFFICIAL,DO_NOT_USE_AS_LEGAL_BOUNDARY,SYNTHETIC_DEMO_ONLY,NO,YES,NO
DEMO-04-0235,Kottathara,Wayanad,Vythiri,DEMO-04-17,DEMO-04/688,7,7622.1,0.7622,Plantation,11.6700722,76.1016595,735.9,10.5,76.5,492.7,0.36,0.471,0.382,1831.6,324.2,1259.1,0.617,0.416,38.3,MEDIUM,71,CONDITIONAL_REVIEW_REQUIRED,Monitor and apply mitigation,Synthetic parcel risk score from supplied demo dataset; not an official cadastral/hazard determination,SYNTHETIC_DEMO_NOT_OFFICIAL,SYNTHETIC_DEMO_POLYGON_NOT_OFFICIAL,DO_NOT_USE_AS_LEGAL_BOUNDARY,SYNTHETIC_DEMO_ONLY,NO,YES,NO
DEMO-04-0236,Kottathara,Wayanad,Vythiri,DEMO-04-19,DEMO-04/184,9,2534.6,0.2535,Forest-fringe,11.6700159,76.1025553,886.1,24.5,175.1,498.4,0.05,0.217,0.649,1147.0,188.7,782.3,0.204,0.851,47.4,MEDIUM,154,CONDITIONAL_REVIEW_REQUIRED,Monitor and apply mitigation,Synthetic parcel risk score from supplied demo dataset; not an official cadastral/hazard determination,SYNTHETIC_DEMO_NOT_OFFICIAL,SYNTHETIC_DEMO_POLYGON_NOT_OFFICIAL,DO_NOT_USE_AS_LEGAL_BOUNDARY,SYNTHETIC_DEMO_ONLY,NO,YES,NO
DEMO-04-0237,Kottathara,Wayanad,Vythiri,DEMO-04-04,DEMO-04/578,4,6761.3,0.6761,Forest-fringe,11.6698867,76.1037129,844.0,17.6,92.0,254.1,0.45,0.323,0.518,1848.2,498.1,1739.1,0.178,0.517,42.2,MEDIUM,101,CONDITIONAL_REVIEW_REQUIRED,Monitor and apply mitigation,Synthetic parcel risk score from supplied demo dataset; not an official cadastral/hazard determination,SYNTHETIC_DEMO_NOT_OFFICIAL,SYNTHETIC_DEMO_POLYGON_NOT_OFFICIAL,DO_NOT_USE_AS_LEGAL_BOUNDARY,SYNTHETIC_DEMO_ONLY,NO,YES,NO
DEMO-04-0238,Kottathara,Wayanad,Vythiri,DEMO-04-03,DEMO-04/952,1,2477.9,0.2478,Forest-fringe,11.6702075,76.1048276,948.3,31.3,78.4,396.0,0.3,0.352,0.741,2132.5,738.0,771.9,0.559,0.695,48.6,MEDIUM,167,CONDITIONAL_REVIEW_REQUIRED,Monitor and apply mitigation,Synthetic parcel risk score from supplied demo dataset; not an official cadastral/hazard determination,SYNTHETIC_DEMO_NOT_OFFICIAL,SYNTHETIC_DEMO_POLYGON_NOT_OFFICIAL,DO_NOT_USE_AS_LEGAL_BOUNDARY,SYNTHETIC_DEMO_ONLY,NO,YES,NO
DEMO-04-0239,Kottathara,Wayanad,Vythiri,DEMO-04-11,DEMO-04/910,8,603.0,0.0603,Residential,11.6699673,76.1063979,916.5,5.9,69.6,608.9,0.22,0.061,0.214,357.3,69.1,1692.1,0.153,0.818,26.7,MEDIUM,10,CONDITIONAL_REVIEW_REQUIRED,Monitor and apply mitigation,Synthetic parcel risk score from supplied demo dataset; not an official cadastral/hazard determination,SYNTHETIC_DEMO_NOT_OFFICIAL,SYNTHETIC_DEMO_POLYGON_NOT_OFFICIAL,DO_NOT_USE_AS_LEGAL_BOUNDARY,SYNTHETIC_DEMO_ONLY,NO,YES,NO
DEMO-04-0240,Kottathara,Wayanad,Vythiri,DEMO-04-18,DEMO-04/171,9,546.0,0.0546,Mixed,11.6699655,76.107163,781.5,9.6,123.4,439.1,0.4,0.248,0.222,2082.4,732.1,1290.4,0.39,0.716,32.2,MEDIUM,25,CONDITIONAL_REVIEW_REQUIRED,Monitor and apply mitigation,Synthetic parcel risk score from supplied demo dataset; not an official cadastral/hazard determination,SYNTHETIC_DEMO_NOT_OFFICIAL,SYNTHETIC_DEMO_POLYGON_NOT_OFFICIAL,DO_NOT_USE_AS_LEGAL_BOUNDARY,SYNTHETIC_DEMO_ONLY,NO,YES,NO
DEMO-04-0241,Kottathara,Wayanad,Vythiri,DEMO-04-16,DEMO-04/128,7,5575.2,0.5575,Plantation,11.6701126,76.1086051,1031.4,9.5,57.1,133.4,0.59,0.21,0.138,1874.0,933.5,1174.0,0.529,0.615,25.8,MEDIUM,6,CONDITIONAL_REVIEW_REQUIRED,Monitor and apply mitigation,Synthetic parcel risk score from supplied demo dataset; not an official cadastral/hazard determination,SYNTHETIC_DEMO_NOT_OFFICIAL,SYNTHETIC_DEMO_POLYGON_NOT_OFFICIAL,DO_NOT_USE_AS_LEGAL_BOUNDARY,SYNTHETIC_DEMO_ONLY,NO,YES,NO
DEMO-04-0242,Kottathara,Wayanad,Vythiri,DEMO-04-04,DEMO-04/190,5,3070.7,0.3071,Agriculture,11.6700174,76.1095576,816.9,25.9,130.7,599.8,0.0,0.061,0.452,1262.1,523.4,1018.9,0.123,0.672,38.4,MEDIUM,73,CONDITIONAL_REVIEW_REQUIRED,Monitor and apply mitigation,Synthetic parcel risk score from supplied demo dataset; not an official cadastral/hazard determination,SYNTHETIC_DEMO_NOT_OFFICIAL,SYNTHETIC_DEMO_POLYGON_NOT_OFFICIAL,DO_NOT_USE_AS_LEGAL_BOUNDARY,SYNTHETIC_DEMO_ONLY,NO,YES,NO
DEMO-04-0243,Kottathara,Wayanad,Vythiri,DEMO-04-16,DEMO-04/172,8,5512.4,0.5512,Residential,11.6702151,76.1105904,880.1,27.5,135.6,284.1,0.16,0.053,0.426,1584.7,802.8,1749.0,0.307,0.276,41.4,MEDIUM,97,CONDITIONAL_REVIEW_REQUIRED,Monitor and apply mitigation,Synthetic parcel risk score from supplied demo dataset; not an official cadastral/hazard determination,SYNTHETIC_DEMO_NOT_OFFICIAL,SYNTHETIC_DEMO_POLYGON_NOT_OFFICIAL,DO_NOT_USE_AS_LEGAL_BOUNDARY,SYNTHETIC_DEMO_ONLY,NO,YES,NO
DEMO-04-0244,Kottathara,Wayanad,Vythiri,DEMO-04-05,DEMO-04/354,6,4902.2,0.4902,Mixed,11.6699936,76.1118319,694.0,21.1,40.5,522.3,0.39,0.376,0.602,2136.7,686.1,269.8,0.211,0.278,38.8,MEDIUM,76,CONDITIONAL_REVIEW_REQUIRED,Monitor and apply mitigation,Synthetic parcel risk score from supplied demo dataset; not an official cadastral/hazard determination,SYNTHETIC_DEMO_NOT_OFFICIAL,SYNTHETIC_DEMO_POLYGON_NOT_OFFICIAL,DO_NOT_USE_AS_LEGAL_BOUNDARY,SYNTHETIC_DEMO_ONLY,NO,YES,NO
DEMO-04-0245,Kottathara,Wayanad,Vythiri,DEMO-04-13,DEMO-04/451,3,1730.6,0.1731,Agriculture,11.6700472,76.1132111,955.3,25.2,116.1,409.5,0.77,0.328,0.538,1688.2,528.4,208.3,0.404,0.479,44.5,MEDIUM,128,CONDITIONAL_REVIEW_REQUIRED,Monitor and apply mitigation,Synthetic parcel risk score from supplied demo dataset; not an official cadastral/hazard determination,SYNTHETIC_DEMO_NOT_OFFICIAL,SYNTHETIC_DEMO_POLYGON_NOT_OFFICIAL,DO_NOT_USE_AS_LEGAL_BOUNDARY,SYNTHETIC_DEMO_ONLY,NO,YES,NO
DEMO-04-0246,Kottathara,Wayanad,Vythiri,DEMO-04-14,DEMO-04/699,9,3888.8,0.3889,Mixed,11.6700408,76.1141677,799.1,17.4,148.7,125.8,0.57,0.77,0.443,622.6,513.5,1306.6,0.212,0.306,52.0,HIGH,201,NOT_RECOMMENDED_UNDER_DEMO_MODEL,High caution / prioritize mitigation,Synthetic parcel risk score from supplied demo dataset; not an official cadastral/hazard determination,SYNTHETIC_DEMO_NOT_OFFICIAL,SYNTHETIC_DEMO_POLYGON_NOT_OFFICIAL,DO_NOT_USE_AS_LEGAL_BOUNDARY,SYNTHETIC_DEMO_ONLY,NO,YES,NO
DEMO-04-0247,Kottathara,Wayanad,Vythiri,DEMO-04-14,DEMO-04/304,9,3258.3,0.3258,Mixed,11.6699912,76.1155866,734.5,4.9,183.2,463.5,0.65,0.634,0.198,438.6,1190.4,632.2,0.492,0.864,42.4,MEDIUM,103,CONDITIONAL_REVIEW_REQUIRED,Monitor and apply mitigation,Synthetic parcel risk score from supplied demo dataset; not an official cadastral/hazard determination,SYNTHETIC_DEMO_NOT_OFFICIAL,SYNTHETIC_DEMO_POLYGON_NOT_OFFICIAL,DO_NOT_USE_AS_LEGAL_BOUNDARY,SYNTHETIC_DEMO_ONLY,NO,YES,NO
DEMO-04-0248,Kottathara,Wayanad,Vythiri,DEMO-04-06,DEMO-04/838,9,3086.5,0.3086,Forest-fringe,11.6697724,76.1163961,1009.0,23.1,106.9,456.5,0.33,0.405,0.589,84.2,113.9,1667.2,0.46,0.405,50.7,HIGH,188,NOT_RECOMMENDED_UNDER_DEMO_MODEL,High caution / prioritize mitigation,Synthetic parcel risk score from supplied demo dataset; not an official cadastral/hazard determination,SYNTHETIC_DEMO_NOT_OFFICIAL,SYNTHETIC_DEMO_POLYGON_NOT_OFFICIAL,DO_NOT_USE_AS_LEGAL_BOUNDARY,SYNTHETIC_DEMO_ONLY,NO,YES,NO
DEMO-04-0249,Kottathara,Wayanad,Vythiri,DEMO-04-15,DEMO-04/708,9,1625.3,0.1625,Forest-fringe,11.6699866,76.1174393,786.6,30.0,116.7,120.9,0.64,0.572,0.525,2323.4,995.2,749.9,0.316,0.463,49.5,MEDIUM,178,CONDITIONAL_REVIEW_REQUIRED,Monitor and apply mitigation,Synthetic parcel risk score from supplied demo dataset; not an official cadastral/hazard determination,SYNTHETIC_DEMO_NOT_OFFICIAL,SYNTHETIC_DEMO_POLYGON_NOT_OFFICIAL,DO_NOT_USE_AS_LEGAL_BOUNDARY,SYNTHETIC_DEMO_ONLY,NO,YES,NO
DEMO-04-0250,Kottathara,Wayanad,Vythiri,DEMO-04-01,DEMO-04/506,2,6633.8,0.6634,Residential,11.6698599,76.1186161,832.0,8.8,192.1,173.3,0.0,0.249,0.363,1243.9,810.2,879.0,0.411,0.536,37.6,MEDIUM,67,CONDITIONAL_REVIEW_REQUIRED,Monitor and apply mitigation,Synthetic parcel risk score from supplied demo dataset; not an official cadastral/hazard determination,SYNTHETIC_DEMO_NOT_OFFICIAL,SYNTHETIC_DEMO_POLYGON_NOT_OFFICIAL,DO_NOT_USE_AS_LEGAL_BOUNDARY,SYNTHETIC_DEMO_ONLY,NO,YES,NO
MEP-0001,Meppadi,Wayanad,Vythiri,MEP-DB-01,MEP-S-100,1,300.0,0.03,Mixed/Residential,11.54,76.11,700.0,8.0,250.0,450.0,0.0,0.45,0.7,100.0,50.0,700.0,0.3,0.55,70.0,HIGH,1,HISTORICAL_SOURCE_AREA_NOT_A_RELOCATION_DESTINATION,DO_NOT_USE_AS_RELOCATION_DESTINATION,Synthetic historical-source-area demonstration record; not an official cadastral/hazard determination,SYNTHETIC_DEMO_NOT_OFFICIAL,SYNTHETIC_DEMO_POLYGON_NOT_OFFICIAL,DO_NOT_USE_AS_LEGAL_BOUNDARY,SYNTHETIC_DEMO_ONLY,NO,YES,NO
MEP-0002,Meppadi,Wayanad,Vythiri,MEP-DB-01,MEP-S-100,2,337.0,0.0337,Mixed/Residential,11.5412,76.11,708.5,9.4,262.5,475.0,0.18,0.5,0.73,118.0,62.0,720.0,0.34,0.585,77.0,HIGH,2,HISTORICAL_SOURCE_AREA_NOT_A_RELOCATION_DESTINATION,DO_NOT_USE_AS_RELOCATION_DESTINATION,Synthetic historical-source-area demonstration record; not an official cadastral/hazard determination,SYNTHETIC_DEMO_NOT_OFFICIAL,SYNTHETIC_DEMO_POLYGON_NOT_OFFICIAL,DO_NOT_USE_AS_LEGAL_BOUNDARY,SYNTHETIC_DEMO_ONLY,NO,YES,NO
MEP-0003,Meppadi,Wayanad,Vythiri,MEP-DB-01,MEP-S-100,3,374.0,0.0374,Mixed/Residential,11.5424,76.11,717.0,10.8,275.0,500.0,0.36,0.55,0.76,136.0,74.0,740.0,0.38,0.62,84.0,HIGH,3,HISTORICAL_SOURCE_AREA_NOT_A_RELOCATION_DESTINATION,DO_NOT_USE_AS_RELOCATION_DESTINATION,Synthetic historical-source-area demonstration record; not an official cadastral/hazard determination,SYNTHETIC_DEMO_NOT_OFFICIAL,SYNTHETIC_DEMO_POLYGON_NOT_OFFICIAL,DO_NOT_USE_AS_LEGAL_BOUNDARY,SYNTHETIC_DEMO_ONLY,NO,YES,NO
MEP-0004,Meppadi,Wayanad,Vythiri,MEP-DB-01,MEP-S-100,4,411.0,0.0411,Mixed/Residential,11.5436,76.11,725.5,12.2,287.5,525.0,0.54,0.6,0.79,154.0,86.0,760.0,0.42,0.655,91.0,HIGH,4,HISTORICAL_SOURCE_AREA_NOT_A_RELOCATION_DESTINATION,DO_NOT_USE_AS_RELOCATION_DESTINATION,Synthetic historical-source-area demonstration record; not an official cadastral/hazard determination,SYNTHETIC_DEMO_NOT_OFFICIAL,SYNTHETIC_DEMO_POLYGON_NOT_OFFICIAL,DO_NOT_USE_AS_LEGAL_BOUNDARY,SYNTHETIC_DEMO_ONLY,NO,YES,NO
MEP-0005,Meppadi,Wayanad,Vythiri,MEP-DB-01,MEP-S-100,5,448.0,0.0448,Mixed/Residential,11.5448,76.11,734.0,13.6,300.0,550.0,0.72,0.65,0.82,172.0,98.0,780.0,0.46,0.69,98.0,HIGH,5,HISTORICAL_SOURCE_AREA_NOT_A_RELOCATION_DESTINATION,DO_NOT_USE_AS_RELOCATION_DESTINATION,Synthetic historical-source-area demonstration record; not an official cadastral/hazard determination,SYNTHETIC_DEMO_NOT_OFFICIAL,SYNTHETIC_DEMO_POLYGON_NOT_OFFICIAL,DO_NOT_USE_AS_LEGAL_BOUNDARY,SYNTHETIC_DEMO_ONLY,NO,YES,NO
MEP-0006,Meppadi,Wayanad,Vythiri,MEP-DB-01,MEP-S-101,1,485.0,0.0485,Mixed/Residential,11.546,76.11,742.5,15.0,312.5,575.0,0.9,0.7,0.85,190.0,110.0,800.0,0.5,0.725,75.0,HIGH,6,HISTORICAL_SOURCE_AREA_NOT_A_RELOCATION_DESTINATION,DO_NOT_USE_AS_RELOCATION_DESTINATION,Synthetic historical-source-area demonstration record; not an official cadastral/hazard determination,SYNTHETIC_DEMO_NOT_OFFICIAL,SYNTHETIC_DEMO_POLYGON_NOT_OFFICIAL,DO_NOT_USE_AS_LEGAL_BOUNDARY,SYNTHETIC_DEMO_ONLY,NO,YES,NO
MEP-0007,Meppadi,Wayanad,Vythiri,MEP-DB-01,MEP-S-101,2,522.0,0.0522,Mixed/Residential,11.5472,76.11,751.0,16.4,325.0,600.0,0.0,0.75,0.88,208.0,122.0,820.0,0.54,0.76,82.0,HIGH,7,HISTORICAL_SOURCE_AREA_NOT_A_RELOCATION_DESTINATION,DO_NOT_USE_AS_RELOCATION_DESTINATION,Synthetic historical-source-area demonstration record; not an official cadastral/hazard determination,SYNTHETIC_DEMO_NOT_OFFICIAL,SYNTHETIC_DEMO_POLYGON_NOT_OFFICIAL,DO_NOT_USE_AS_LEGAL_BOUNDARY,SYNTHETIC_DEMO_ONLY,NO,YES,NO
MEP-0008,Meppadi,Wayanad,Vythiri,MEP-DB-01,MEP-S-101,3,559.0,0.0559,Mixed/Residential,11.5484,76.11,759.5,17.8,337.5,625.0,0.18,0.8,0.91,226.0,134.0,840.0,0.58,0.795,89.0,HIGH,8,HISTORICAL_SOURCE_AREA_NOT_A_RELOCATION_DESTINATION,DO_NOT_USE_AS_RELOCATION_DESTINATION,Synthetic historical-source-area demonstration record; not an official cadastral/hazard determination,SYNTHETIC_DEMO_NOT_OFFICIAL,SYNTHETIC_DEMO_POLYGON_NOT_OFFICIAL,DO_NOT_USE_AS_LEGAL_BOUNDARY,SYNTHETIC_DEMO_ONLY,NO,YES,NO
MEP-0009,Meppadi,Wayanad,Vythiri,MEP-DB-01,MEP-S-101,4,596.0,0.0596,Mixed/Residential,11.5496,76.11,768.0,19.2,350.0,650.0,0.36,0.85,0.94,244.0,146.0,860.0,0.62,0.83,96.0,HIGH,9,HISTORICAL_SOURCE_AREA_NOT_A_RELOCATION_DESTINATION,DO_NOT_USE_AS_RELOCATION_DESTINATION,Synthetic historical-source-area demonstration record; not an official cadastral/hazard determination,SYNTHETIC_DEMO_NOT_OFFICIAL,SYNTHETIC_DEMO_POLYGON_NOT_OFFICIAL,DO_NOT_USE_AS_LEGAL_BOUNDARY,SYNTHETIC_DEMO_ONLY,NO,YES,NO
MEP-0010,Meppadi,Wayanad,Vythiri,MEP-DB-01,MEP-S-101,5,633.0,0.0633,Mixed/Residential,11.5508,76.11,776.5,20.6,362.5,675.0,0.54,0.9,0.97,262.0,158.0,880.0,0.66,0.865,73.0,HIGH,10,HISTORICAL_SOURCE_AREA_NOT_A_RELOCATION_DESTINATION,DO_NOT_USE_AS_RELOCATION_DESTINATION,Synthetic historical-source-area demonstration record; not an official cadastral/hazard determination,SYNTHETIC_DEMO_NOT_OFFICIAL,SYNTHETIC_DEMO_POLYGON_NOT_OFFICIAL,DO_NOT_USE_AS_LEGAL_BOUNDARY,SYNTHETIC_DEMO_ONLY,NO,YES,NO
MEP-0011,Meppadi,Wayanad,Vythiri,MEP-DB-01,MEP-S-102,1,670.0,0.067,Mixed/Residential,11.552,76.11,785.0,22.0,250.0,700.0,0.72,0.45,0.7,280.0,170.0,900.0,0.3,0.55,80.0,HIGH,11,HISTORICAL_SOURCE_AREA_NOT_A_RELOCATION_DESTINATION,DO_NOT_USE_AS_RELOCATION_DESTINATION,Synthetic historical-source-area demonstration record; not an official cadastral/hazard determination,SYNTHETIC_DEMO_NOT_OFFICIAL,SYNTHETIC_DEMO_POLYGON_NOT_OFFICIAL,DO_NOT_USE_AS_LEGAL_BOUNDARY,SYNTHETIC_DEMO_ONLY,NO,YES,NO
MEP-0012,Meppadi,Wayanad,Vythiri,MEP-DB-01,MEP-S-102,2,707.0,0.0707,Mixed/Residential,11.5532,76.11,793.5,23.4,262.5,725.0,0.9,0.5,0.73,298.0,182.0,920.0,0.34,0.585,87.0,HIGH,12,HISTORICAL_SOURCE_AREA_NOT_A_RELOCATION_DESTINATION,DO_NOT_USE_AS_RELOCATION_DESTINATION,Synthetic historical-source-area demonstration record; not an official cadastral/hazard determination,SYNTHETIC_DEMO_NOT_OFFICIAL,SYNTHETIC_DEMO_POLYGON_NOT_OFFICIAL,DO_NOT_USE_AS_LEGAL_BOUNDARY,SYNTHETIC_DEMO_ONLY,NO,YES,NO
MEP-0013,Meppadi,Wayanad,Vythiri,MEP-DB-01,MEP-S-102,3,744.0,0.0744,Mixed/Residential,11.5544,76.11,802.0,24.8,275.0,450.0,0.0,0.55,0.76,316.0,194.0,940.0,0.38,0.62,94.0,HIGH,13,HISTORICAL_SOURCE_AREA_NOT_A_RELOCATION_DESTINATION,DO_NOT_USE_AS_RELOCATION_DESTINATION,Synthetic historical-source-area demonstration record; not an official cadastral/hazard determination,SYNTHETIC_DEMO_NOT_OFFICIAL,SYNTHETIC_DEMO_POLYGON_NOT_OFFICIAL,DO_NOT_USE_AS_LEGAL_BOUNDARY,SYNTHETIC_DEMO_ONLY,NO,YES,NO
MEP-0014,Meppadi,Wayanad,Vythiri,MEP-DB-01,MEP-S-102,4,781.0,0.0781,Mixed/Residential,11.5556,76.11,810.5,26.2,287.5,475.0,0.18,0.6,0.79,334.0,206.0,960.0,0.42,0.655,71.0,HIGH,14,HISTORICAL_SOURCE_AREA_NOT_A_RELOCATION_DESTINATION,DO_NOT_USE_AS_RELOCATION_DESTINATION,Synthetic historical-source-area demonstration record; not an official cadastral/hazard determination,SYNTHETIC_DEMO_NOT_OFFICIAL,SYNTHETIC_DEMO_POLYGON_NOT_OFFICIAL,DO_NOT_USE_AS_LEGAL_BOUNDARY,SYNTHETIC_DEMO_ONLY,NO,YES,NO
MEP-0015,Meppadi,Wayanad,Vythiri,MEP-DB-01,MEP-S-102,5,818.0,0.0818,Mixed/Residential,11.5568,76.11,819.0,27.6,300.0,500.0,0.36,0.65,0.82,352.0,218.0,980.0,0.46,0.69,78.0,HIGH,15,HISTORICAL_SOURCE_AREA_NOT_A_RELOCATION_DESTINATION,DO_NOT_USE_AS_RELOCATION_DESTINATION,Synthetic historical-source-area demonstration record; not an official cadastral/hazard determination,SYNTHETIC_DEMO_NOT_OFFICIAL,SYNTHETIC_DEMO_POLYGON_NOT_OFFICIAL,DO_NOT_USE_AS_LEGAL_BOUNDARY,SYNTHETIC_DEMO_ONLY,NO,YES,NO
MEP-0016,Meppadi,Wayanad,Vythiri,MEP-DB-01,MEP-S-103,1,855.0,0.0855,Mixed/Residential,11.558,76.11,827.5,8.0,312.5,525.0,0.54,0.7,0.85,370.0,230.0,700.0,0.5,0.725,85.0,HIGH,16,HISTORICAL_SOURCE_AREA_NOT_A_RELOCATION_DESTINATION,DO_NOT_USE_AS_RELOCATION_DESTINATION,Synthetic historical-source-area demonstration record; not an official cadastral/hazard determination,SYNTHETIC_DEMO_NOT_OFFICIAL,SYNTHETIC_DEMO_POLYGON_NOT_OFFICIAL,DO_NOT_USE_AS_LEGAL_BOUNDARY,SYNTHETIC_DEMO_ONLY,NO,YES,NO
MEP-0017,Meppadi,Wayanad,Vythiri,MEP-DB-01,MEP-S-103,2,892.0,0.0892,Mixed/Residential,11.5592,76.11,836.0,9.4,325.0,550.0,0.72,0.75,0.88,388.0,242.0,720.0,0.54,0.76,92.0,HIGH,17,HISTORICAL_SOURCE_AREA_NOT_A_RELOCATION_DESTINATION,DO_NOT_USE_AS_RELOCATION_DESTINATION,Synthetic historical-source-area demonstration record; not an official cadastral/hazard determination,SYNTHETIC_DEMO_NOT_OFFICIAL,SYNTHETIC_DEMO_POLYGON_NOT_OFFICIAL,DO_NOT_USE_AS_LEGAL_BOUNDARY,SYNTHETIC_DEMO_ONLY,NO,YES,NO
MEP-0018,Meppadi,Wayanad,Vythiri,MEP-DB-01,MEP-S-103,3,929.0,0.0929,Mixed/Residential,11.5604,76.11,844.5,10.8,337.5,575.0,0.9,0.8,0.91,406.0,254.0,740.0,0.58,0.795,99.0,HIGH,18,HISTORICAL_SOURCE_AREA_NOT_A_RELOCATION_DESTINATION,DO_NOT_USE_AS_RELOCATION_DESTINATION,Synthetic historical-source-area demonstration record; not an official cadastral/hazard determination,SYNTHETIC_DEMO_NOT_OFFICIAL,SYNTHETIC_DEMO_POLYGON_NOT_OFFICIAL,DO_NOT_USE_AS_LEGAL_BOUNDARY,SYNTHETIC_DEMO_ONLY,NO,YES,NO
MEP-0019,Meppadi,Wayanad,Vythiri,MEP-DB-01,MEP-S-103,4,966.0,0.0966,Mixed/Residential,11.5616,76.11,853.0,12.2,350.0,600.0,0.0,0.85,0.94,424.0,266.0,760.0,0.62,0.83,76.0,HIGH,19,HISTORICAL_SOURCE_AREA_NOT_A_RELOCATION_DESTINATION,DO_NOT_USE_AS_RELOCATION_DESTINATION,Synthetic historical-source-area demonstration record; not an official cadastral/hazard determination,SYNTHETIC_DEMO_NOT_OFFICIAL,SYNTHETIC_DEMO_POLYGON_NOT_OFFICIAL,DO_NOT_USE_AS_LEGAL_BOUNDARY,SYNTHETIC_DEMO_ONLY,NO,YES,NO
MEP-0020,Meppadi,Wayanad,Vythiri,MEP-DB-01,MEP-S-103,5,1003.0,0.1003,Mixed/Residential,11.5628,76.11,861.5,13.6,362.5,625.0,0.18,0.9,0.97,442.0,278.0,780.0,0.66,0.865,83.0,HIGH,20,HISTORICAL_SOURCE_AREA_NOT_A_RELOCATION_DESTINATION,DO_NOT_USE_AS_RELOCATION_DESTINATION,Synthetic historical-source-area demonstration record; not an official cadastral/hazard determination,SYNTHETIC_DEMO_NOT_OFFICIAL,SYNTHETIC_DEMO_POLYGON_NOT_OFFICIAL,DO_NOT_USE_AS_LEGAL_BOUNDARY,SYNTHETIC_DEMO_ONLY,NO,YES,NO
MEP-0021,Meppadi,Wayanad,Vythiri,MEP-DB-01,MEP-S-104,1,1040.0,0.104,Mixed/Residential,11.564,76.11,700.0,15.0,250.0,650.0,0.36,0.45,0.7,460.0,50.0,800.0,0.3,0.55,90.0,HIGH,21,HISTORICAL_SOURCE_AREA_NOT_A_RELOCATION_DESTINATION,DO_NOT_USE_AS_RELOCATION_DESTINATION,Synthetic historical-source-area demonstration record; not an official cadastral/hazard determination,SYNTHETIC_DEMO_NOT_OFFICIAL,SYNTHETIC_DEMO_POLYGON_NOT_OFFICIAL,DO_NOT_USE_AS_LEGAL_BOUNDARY,SYNTHETIC_DEMO_ONLY,NO,YES,NO
MEP-0022,Meppadi,Wayanad,Vythiri,MEP-DB-01,MEP-S-104,2,1077.0,0.1077,Mixed/Residential,11.5652,76.11,708.5,16.4,262.5,675.0,0.54,0.5,0.73,478.0,62.0,820.0,0.34,0.585,97.0,HIGH,22,HISTORICAL_SOURCE_AREA_NOT_A_RELOCATION_DESTINATION,DO_NOT_USE_AS_RELOCATION_DESTINATION,Synthetic historical-source-area demonstration record; not an official cadastral/hazard determination,SYNTHETIC_DEMO_NOT_OFFICIAL,SYNTHETIC_DEMO_POLYGON_NOT_OFFICIAL,DO_NOT_USE_AS_LEGAL_BOUNDARY,SYNTHETIC_DEMO_ONLY,NO,YES,NO
MEP-0023,Meppadi,Wayanad,Vythiri,MEP-DB-01,MEP-S-104,3,1114.0,0.1114,Mixed/Residential,11.5664,76.11,717.0,17.8,275.0,700.0,0.72,0.55,0.76,496.0,74.0,840.0,0.38,0.62,74.0,HIGH,23,HISTORICAL_SOURCE_AREA_NOT_A_RELOCATION_DESTINATION,DO_NOT_USE_AS_RELOCATION_DESTINATION,Synthetic historical-source-area demonstration record; not an official cadastral/hazard determination,SYNTHETIC_DEMO_NOT_OFFICIAL,SYNTHETIC_DEMO_POLYGON_NOT_OFFICIAL,DO_NOT_USE_AS_LEGAL_BOUNDARY,SYNTHETIC_DEMO_ONLY,NO,YES,NO
MEP-0024,Meppadi,Wayanad,Vythiri,MEP-DB-01,MEP-S-104,4,1151.0,0.1151,Mixed/Residential,11.5676,76.11,725.5,19.2,287.5,725.0,0.9,0.6,0.79,514.0,86.0,860.0,0.42,0.655,81.0,HIGH,24,HISTORICAL_SOURCE_AREA_NOT_A_RELOCATION_DESTINATION,DO_NOT_USE_AS_RELOCATION_DESTINATION,Synthetic historical-source-area demonstration record; not an official cadastral/hazard determination,SYNTHETIC_DEMO_NOT_OFFICIAL,SYNTHETIC_DEMO_POLYGON_NOT_OFFICIAL,DO_NOT_USE_AS_LEGAL_BOUNDARY,SYNTHETIC_DEMO_ONLY,NO,YES,NO
MEP-0025,Meppadi,Wayanad,Vythiri,MEP-DB-01,MEP-S-104,5,1188.0,0.1188,Mixed/Residential,11.5688,76.11,734.0,20.6,300.0,450.0,0.0,0.65,0.82,532.0,98.0,880.0,0.46,0.69,88.0,HIGH,25,HISTORICAL_SOURCE_AREA_NOT_A_RELOCATION_DESTINATION,DO_NOT_USE_AS_RELOCATION_DESTINATION,Synthetic historical-source-area demonstration record; not an official cadastral/hazard determination,SYNTHETIC_DEMO_NOT_OFFICIAL,SYNTHETIC_DEMO_POLYGON_NOT_OFFICIAL,DO_NOT_USE_AS_LEGAL_BOUNDARY,SYNTHETIC_DEMO_ONLY,NO,YES,NO
MEP-0026,Meppadi,Wayanad,Vythiri,MEP-DB-01,MEP-S-105,1,300.0,0.03,Mixed/Residential,11.54,76.1112,742.5,22.0,312.5,475.0,0.18,0.7,0.85,550.0,110.0,900.0,0.5,0.725,95.0,HIGH,26,HISTORICAL_SOURCE_AREA_NOT_A_RELOCATION_DESTINATION,DO_NOT_USE_AS_RELOCATION_DESTINATION,Synthetic historical-source-area demonstration record; not an official cadastral/hazard determination,SYNTHETIC_DEMO_NOT_OFFICIAL,SYNTHETIC_DEMO_POLYGON_NOT_OFFICIAL,DO_NOT_USE_AS_LEGAL_BOUNDARY,SYNTHETIC_DEMO_ONLY,NO,YES,NO
MEP-0027,Meppadi,Wayanad,Vythiri,MEP-DB-01,MEP-S-105,2,337.0,0.0337,Mixed/Residential,11.5412,76.1112,751.0,23.4,325.0,500.0,0.36,0.75,0.88,568.0,122.0,920.0,0.54,0.76,72.0,HIGH,27,HISTORICAL_SOURCE_AREA_NOT_A_RELOCATION_DESTINATION,DO_NOT_USE_AS_RELOCATION_DESTINATION,Synthetic historical-source-area demonstration record; not an official cadastral/hazard determination,SYNTHETIC_DEMO_NOT_OFFICIAL,SYNTHETIC_DEMO_POLYGON_NOT_OFFICIAL,DO_NOT_USE_AS_LEGAL_BOUNDARY,SYNTHETIC_DEMO_ONLY,NO,YES,NO
MEP-0028,Meppadi,Wayanad,Vythiri,MEP-DB-01,MEP-S-105,3,374.0,0.0374,Mixed/Residential,11.5424,76.1112,759.5,24.8,337.5,525.0,0.54,0.8,0.91,586.0,134.0,940.0,0.58,0.795,79.0,HIGH,28,HISTORICAL_SOURCE_AREA_NOT_A_RELOCATION_DESTINATION,DO_NOT_USE_AS_RELOCATION_DESTINATION,Synthetic historical-source-area demonstration record; not an official cadastral/hazard determination,SYNTHETIC_DEMO_NOT_OFFICIAL,SYNTHETIC_DEMO_POLYGON_NOT_OFFICIAL,DO_NOT_USE_AS_LEGAL_BOUNDARY,SYNTHETIC_DEMO_ONLY,NO,YES,NO
MEP-0029,Meppadi,Wayanad,Vythiri,MEP-DB-01,MEP-S-105,4,411.0,0.0411,Mixed/Residential,11.5436,76.1112,768.0,26.2,350.0,550.0,0.72,0.85,0.94,604.0,146.0,960.0,0.62,0.83,86.0,HIGH,29,HISTORICAL_SOURCE_AREA_NOT_A_RELOCATION_DESTINATION,DO_NOT_USE_AS_RELOCATION_DESTINATION,Synthetic historical-source-area demonstration record; not an official cadastral/hazard determination,SYNTHETIC_DEMO_NOT_OFFICIAL,SYNTHETIC_DEMO_POLYGON_NOT_OFFICIAL,DO_NOT_USE_AS_LEGAL_BOUNDARY,SYNTHETIC_DEMO_ONLY,NO,YES,NO
MEP-0030,Meppadi,Wayanad,Vythiri,MEP-DB-01,MEP-S-105,5,448.0,0.0448,Mixed/Residential,11.5448,76.1112,776.5,27.6,362.5,575.0,0.9,0.9,0.97,622.0,158.0,980.0,0.66,0.865,93.0,HIGH,30,HISTORICAL_SOURCE_AREA_NOT_A_RELOCATION_DESTINATION,DO_NOT_USE_AS_RELOCATION_DESTINATION,Synthetic historical-source-area demonstration record; not an official cadastral/hazard determination,SYNTHETIC_DEMO_NOT_OFFICIAL,SYNTHETIC_DEMO_POLYGON_NOT_OFFICIAL,DO_NOT_USE_AS_LEGAL_BOUNDARY,SYNTHETIC_DEMO_ONLY,NO,YES,NO
MEP-0031,Meppadi,Wayanad,Vythiri,MEP-DB-01,MEP-S-106,1,485.0,0.0485,Mixed/Residential,11.546,76.1112,785.0,8.0,250.0,600.0,0.0,0.45,0.7,100.0,170.0,700.0,0.3,0.55,70.0,HIGH,31,HISTORICAL_SOURCE_AREA_NOT_A_RELOCATION_DESTINATION,DO_NOT_USE_AS_RELOCATION_DESTINATION,Synthetic historical-source-area demonstration record; not an official cadastral/hazard determination,SYNTHETIC_DEMO_NOT_OFFICIAL,SYNTHETIC_DEMO_POLYGON_NOT_OFFICIAL,DO_NOT_USE_AS_LEGAL_BOUNDARY,SYNTHETIC_DEMO_ONLY,NO,YES,NO
MEP-0032,Meppadi,Wayanad,Vythiri,MEP-DB-01,MEP-S-106,2,522.0,0.0522,Mixed/Residential,11.5472,76.1112,793.5,9.4,262.5,625.0,0.18,0.5,0.73,118.0,182.0,720.0,0.34,0.585,77.0,HIGH,32,HISTORICAL_SOURCE_AREA_NOT_A_RELOCATION_DESTINATION,DO_NOT_USE_AS_RELOCATION_DESTINATION,Synthetic historical-source-area demonstration record; not an official cadastral/hazard determination,SYNTHETIC_DEMO_NOT_OFFICIAL,SYNTHETIC_DEMO_POLYGON_NOT_OFFICIAL,DO_NOT_USE_AS_LEGAL_BOUNDARY,SYNTHETIC_DEMO_ONLY,NO,YES,NO
MEP-0033,Meppadi,Wayanad,Vythiri,MEP-DB-01,MEP-S-106,3,559.0,0.0559,Mixed/Residential,11.5484,76.1112,802.0,10.8,275.0,650.0,0.36,0.55,0.76,136.0,194.0,740.0,0.38,0.62,84.0,HIGH,33,HISTORICAL_SOURCE_AREA_NOT_A_RELOCATION_DESTINATION,DO_NOT_USE_AS_RELOCATION_DESTINATION,Synthetic historical-source-area demonstration record; not an official cadastral/hazard determination,SYNTHETIC_DEMO_NOT_OFFICIAL,SYNTHETIC_DEMO_POLYGON_NOT_OFFICIAL,DO_NOT_USE_AS_LEGAL_BOUNDARY,SYNTHETIC_DEMO_ONLY,NO,YES,NO
MEP-0034,Meppadi,Wayanad,Vythiri,MEP-DB-01,MEP-S-106,4,596.0,0.0596,Mixed/Residential,11.5496,76.1112,810.5,12.2,287.5,675.0,0.54,0.6,0.79,154.0,206.0,760.0,0.42,0.655,91.0,HIGH,34,HISTORICAL_SOURCE_AREA_NOT_A_RELOCATION_DESTINATION,DO_NOT_USE_AS_RELOCATION_DESTINATION,Synthetic historical-source-area demonstration record; not an official cadastral/hazard determination,SYNTHETIC_DEMO_NOT_OFFICIAL,SYNTHETIC_DEMO_POLYGON_NOT_OFFICIAL,DO_NOT_USE_AS_LEGAL_BOUNDARY,SYNTHETIC_DEMO_ONLY,NO,YES,NO
MEP-0035,Meppadi,Wayanad,Vythiri,MEP-DB-01,MEP-S-106,5,633.0,0.0633,Mixed/Residential,11.5508,76.1112,819.0,13.6,300.0,700.0,0.72,0.65,0.82,172.0,218.0,780.0,0.46,0.69,98.0,HIGH,35,HISTORICAL_SOURCE_AREA_NOT_A_RELOCATION_DESTINATION,DO_NOT_USE_AS_RELOCATION_DESTINATION,Synthetic historical-source-area demonstration record; not an official cadastral/hazard determination,SYNTHETIC_DEMO_NOT_OFFICIAL,SYNTHETIC_DEMO_POLYGON_NOT_OFFICIAL,DO_NOT_USE_AS_LEGAL_BOUNDARY,SYNTHETIC_DEMO_ONLY,NO,YES,NO
MEP-0036,Meppadi,Wayanad,Vythiri,MEP-DB-01,MEP-S-107,1,670.0,0.067,Mixed/Residential,11.552,76.1112,827.5,15.0,312.5,725.0,0.9,0.7,0.85,190.0,230.0,800.0,0.5,0.725,75.0,HIGH,36,HISTORICAL_SOURCE_AREA_NOT_A_RELOCATION_DESTINATION,DO_NOT_USE_AS_RELOCATION_DESTINATION,Synthetic historical-source-area demonstration record; not an official cadastral/hazard determination,SYNTHETIC_DEMO_NOT_OFFICIAL,SYNTHETIC_DEMO_POLYGON_NOT_OFFICIAL,DO_NOT_USE_AS_LEGAL_BOUNDARY,SYNTHETIC_DEMO_ONLY,NO,YES,NO
MEP-0037,Meppadi,Wayanad,Vythiri,MEP-DB-01,MEP-S-107,2,707.0,0.0707,Mixed/Residential,11.5532,76.1112,836.0,16.4,325.0,450.0,0.0,0.75,0.88,208.0,242.0,820.0,0.54,0.76,82.0,HIGH,37,HISTORICAL_SOURCE_AREA_NOT_A_RELOCATION_DESTINATION,DO_NOT_USE_AS_RELOCATION_DESTINATION,Synthetic historical-source-area demonstration record; not an official cadastral/hazard determination,SYNTHETIC_DEMO_NOT_OFFICIAL,SYNTHETIC_DEMO_POLYGON_NOT_OFFICIAL,DO_NOT_USE_AS_LEGAL_BOUNDARY,SYNTHETIC_DEMO_ONLY,NO,YES,NO
MEP-0038,Meppadi,Wayanad,Vythiri,MEP-DB-01,MEP-S-107,3,744.0,0.0744,Mixed/Residential,11.5544,76.1112,844.5,17.8,337.5,475.0,0.18,0.8,0.91,226.0,254.0,840.0,0.58,0.795,89.0,HIGH,38,HISTORICAL_SOURCE_AREA_NOT_A_RELOCATION_DESTINATION,DO_NOT_USE_AS_RELOCATION_DESTINATION,Synthetic historical-source-area demonstration record; not an official cadastral/hazard determination,SYNTHETIC_DEMO_NOT_OFFICIAL,SYNTHETIC_DEMO_POLYGON_NOT_OFFICIAL,DO_NOT_USE_AS_LEGAL_BOUNDARY,SYNTHETIC_DEMO_ONLY,NO,YES,NO
MEP-0039,Meppadi,Wayanad,Vythiri,MEP-DB-01,MEP-S-107,4,781.0,0.0781,Mixed/Residential,11.5556,76.1112,853.0,19.2,350.0,500.0,0.36,0.85,0.94,244.0,266.0,860.0,0.62,0.83,96.0,HIGH,39,HISTORICAL_SOURCE_AREA_NOT_A_RELOCATION_DESTINATION,DO_NOT_USE_AS_RELOCATION_DESTINATION,Synthetic historical-source-area demonstration record; not an official cadastral/hazard determination,SYNTHETIC_DEMO_NOT_OFFICIAL,SYNTHETIC_DEMO_POLYGON_NOT_OFFICIAL,DO_NOT_USE_AS_LEGAL_BOUNDARY,SYNTHETIC_DEMO_ONLY,NO,YES,NO
MEP-0040,Meppadi,Wayanad,Vythiri,MEP-DB-01,MEP-S-107,5,818.0,0.0818,Mixed/Residential,11.5568,76.1112,861.5,20.6,362.5,525.0,0.54,0.9,0.97,262.0,278.0,880.0,0.66,0.865,73.0,HIGH,40,HISTORICAL_SOURCE_AREA_NOT_A_RELOCATION_DESTINATION,DO_NOT_USE_AS_RELOCATION_DESTINATION,Synthetic historical-source-area demonstration record; not an official cadastral/hazard determination,SYNTHETIC_DEMO_NOT_OFFICIAL,SYNTHETIC_DEMO_POLYGON_NOT_OFFICIAL,DO_NOT_USE_AS_LEGAL_BOUNDARY,SYNTHETIC_DEMO_ONLY,NO,YES,NO
MEP-0041,Meppadi,Wayanad,Vythiri,MEP-DB-01,MEP-S-108,1,855.0,0.0855,Mixed/Residential,11.558,76.1112,700.0,22.0,250.0,550.0,0.72,0.45,0.7,280.0,50.0,900.0,0.3,0.55,80.0,HIGH,41,HISTORICAL_SOURCE_AREA_NOT_A_RELOCATION_DESTINATION,DO_NOT_USE_AS_RELOCATION_DESTINATION,Synthetic historical-source-area demonstration record; not an official cadastral/hazard determination,SYNTHETIC_DEMO_NOT_OFFICIAL,SYNTHETIC_DEMO_POLYGON_NOT_OFFICIAL,DO_NOT_USE_AS_LEGAL_BOUNDARY,SYNTHETIC_DEMO_ONLY,NO,YES,NO
MEP-0042,Meppadi,Wayanad,Vythiri,MEP-DB-01,MEP-S-108,2,892.0,0.0892,Mixed/Residential,11.5592,76.1112,708.5,23.4,262.5,575.0,0.9,0.5,0.73,298.0,62.0,920.0,0.34,0.585,87.0,HIGH,42,HISTORICAL_SOURCE_AREA_NOT_A_RELOCATION_DESTINATION,DO_NOT_USE_AS_RELOCATION_DESTINATION,Synthetic historical-source-area demonstration record; not an official cadastral/hazard determination,SYNTHETIC_DEMO_NOT_OFFICIAL,SYNTHETIC_DEMO_POLYGON_NOT_OFFICIAL,DO_NOT_USE_AS_LEGAL_BOUNDARY,SYNTHETIC_DEMO_ONLY,NO,YES,NO
MEP-0043,Meppadi,Wayanad,Vythiri,MEP-DB-01,MEP-S-108,3,929.0,0.0929,Mixed/Residential,11.5604,76.1112,717.0,24.8,275.0,600.0,0.0,0.55,0.76,316.0,74.0,940.0,0.38,0.62,94.0,HIGH,43,HISTORICAL_SOURCE_AREA_NOT_A_RELOCATION_DESTINATION,DO_NOT_USE_AS_RELOCATION_DESTINATION,Synthetic historical-source-area demonstration record; not an official cadastral/hazard determination,SYNTHETIC_DEMO_NOT_OFFICIAL,SYNTHETIC_DEMO_POLYGON_NOT_OFFICIAL,DO_NOT_USE_AS_LEGAL_BOUNDARY,SYNTHETIC_DEMO_ONLY,NO,YES,NO
MEP-0044,Meppadi,Wayanad,Vythiri,MEP-DB-01,MEP-S-108,4,966.0,0.0966,Mixed/Residential,11.5616,76.1112,725.5,26.2,287.5,625.0,0.18,0.6,0.79,334.0,86.0,960.0,0.42,0.655,71.0,HIGH,44,HISTORICAL_SOURCE_AREA_NOT_A_RELOCATION_DESTINATION,DO_NOT_USE_AS_RELOCATION_DESTINATION,Synthetic historical-source-area demonstration record; not an official cadastral/hazard determination,SYNTHETIC_DEMO_NOT_OFFICIAL,SYNTHETIC_DEMO_POLYGON_NOT_OFFICIAL,DO_NOT_USE_AS_LEGAL_BOUNDARY,SYNTHETIC_DEMO_ONLY,NO,YES,NO
MEP-0045,Meppadi,Wayanad,Vythiri,MEP-DB-01,MEP-S-108,5,1003.0,0.1003,Mixed/Residential,11.5628,76.1112,734.0,27.6,300.0,650.0,0.36,0.65,0.82,352.0,98.0,980.0,0.46,0.69,78.0,HIGH,45,HISTORICAL_SOURCE_AREA_NOT_A_RELOCATION_DESTINATION,DO_NOT_USE_AS_RELOCATION_DESTINATION,Synthetic historical-source-area demonstration record; not an official cadastral/hazard determination,SYNTHETIC_DEMO_NOT_OFFICIAL,SYNTHETIC_DEMO_POLYGON_NOT_OFFICIAL,DO_NOT_USE_AS_LEGAL_BOUNDARY,SYNTHETIC_DEMO_ONLY,NO,YES,NO
MEP-0046,Meppadi,Wayanad,Vythiri,MEP-DB-01,MEP-S-109,1,1040.0,0.104,Mixed/Residential,11.564,76.1112,742.5,8.0,312.5,675.0,0.54,0.7,0.85,370.0,110.0,700.0,0.5,0.725,85.0,HIGH,46,HISTORICAL_SOURCE_AREA_NOT_A_RELOCATION_DESTINATION,DO_NOT_USE_AS_RELOCATION_DESTINATION,Synthetic historical-source-area demonstration record; not an official cadastral/hazard determination,SYNTHETIC_DEMO_NOT_OFFICIAL,SYNTHETIC_DEMO_POLYGON_NOT_OFFICIAL,DO_NOT_USE_AS_LEGAL_BOUNDARY,SYNTHETIC_DEMO_ONLY,NO,YES,NO
MEP-0047,Meppadi,Wayanad,Vythiri,MEP-DB-01,MEP-S-109,2,1077.0,0.1077,Mixed/Residential,11.5652,76.1112,751.0,9.4,325.0,700.0,0.72,0.75,0.88,388.0,122.0,720.0,0.54,0.76,92.0,HIGH,47,HISTORICAL_SOURCE_AREA_NOT_A_RELOCATION_DESTINATION,DO_NOT_USE_AS_RELOCATION_DESTINATION,Synthetic historical-source-area demonstration record; not an official cadastral/hazard determination,SYNTHETIC_DEMO_NOT_OFFICIAL,SYNTHETIC_DEMO_POLYGON_NOT_OFFICIAL,DO_NOT_USE_AS_LEGAL_BOUNDARY,SYNTHETIC_DEMO_ONLY,NO,YES,NO
MEP-0048,Meppadi,Wayanad,Vythiri,MEP-DB-01,MEP-S-109,3,1114.0,0.1114,Mixed/Residential,11.5664,76.1112,759.5,10.8,337.5,725.0,0.9,0.8,0.91,406.0,134.0,740.0,0.58,0.795,99.0,HIGH,48,HISTORICAL_SOURCE_AREA_NOT_A_RELOCATION_DESTINATION,DO_NOT_USE_AS_RELOCATION_DESTINATION,Synthetic historical-source-area demonstration record; not an official cadastral/hazard determination,SYNTHETIC_DEMO_NOT_OFFICIAL,SYNTHETIC_DEMO_POLYGON_NOT_OFFICIAL,DO_NOT_USE_AS_LEGAL_BOUNDARY,SYNTHETIC_DEMO_ONLY,NO,YES,NO
MEP-0049,Meppadi,Wayanad,Vythiri,MEP-DB-01,MEP-S-109,4,1151.0,0.1151,Mixed/Residential,11.5676,76.1112,768.0,12.2,350.0,450.0,0.0,0.85,0.94,424.0,146.0,760.0,0.62,0.83,76.0,HIGH,49,HISTORICAL_SOURCE_AREA_NOT_A_RELOCATION_DESTINATION,DO_NOT_USE_AS_RELOCATION_DESTINATION,Synthetic historical-source-area demonstration record; not an official cadastral/hazard determination,SYNTHETIC_DEMO_NOT_OFFICIAL,SYNTHETIC_DEMO_POLYGON_NOT_OFFICIAL,DO_NOT_USE_AS_LEGAL_BOUNDARY,SYNTHETIC_DEMO_ONLY,NO,YES,NO
MEP-0050,Meppadi,Wayanad,Vythiri,MEP-DB-01,MEP-S-109,5,1188.0,0.1188,Mixed/Residential,11.5688,76.1112,776.5,13.6,362.5,475.0,0.18,0.9,0.97,442.0,158.0,780.0,0.66,0.865,83.0,HIGH,50,HISTORICAL_SOURCE_AREA_NOT_A_RELOCATION_DESTINATION,DO_NOT_USE_AS_RELOCATION_DESTINATION,Synthetic historical-source-area demonstration record; not an official cadastral/hazard determination,SYNTHETIC_DEMO_NOT_OFFICIAL,SYNTHETIC_DEMO_POLYGON_NOT_OFFICIAL,DO_NOT_USE_AS_LEGAL_BOUNDARY,SYNTHETIC_DEMO_ONLY,NO,YES,NO
MEP-0051,Meppadi,Wayanad,Vythiri,MEP-DB-02,MEP-S-110,1,300.0,0.03,Mixed/Residential,11.54,76.1124,785.0,15.0,250.0,500.0,0.36,0.45,0.7,460.0,170.0,800.0,0.3,0.55,90.0,HIGH,51,HISTORICAL_SOURCE_AREA_NOT_A_RELOCATION_DESTINATION,DO_NOT_USE_AS_RELOCATION_DESTINATION,Synthetic historical-source-area demonstration record; not an official cadastral/hazard determination,SYNTHETIC_DEMO_NOT_OFFICIAL,SYNTHETIC_DEMO_POLYGON_NOT_OFFICIAL,DO_NOT_USE_AS_LEGAL_BOUNDARY,SYNTHETIC_DEMO_ONLY,NO,YES,NO
MEP-0052,Meppadi,Wayanad,Vythiri,MEP-DB-02,MEP-S-110,2,337.0,0.0337,Mixed/Residential,11.5412,76.1124,793.5,16.4,262.5,525.0,0.54,0.5,0.73,478.0,182.0,820.0,0.34,0.585,97.0,HIGH,52,HISTORICAL_SOURCE_AREA_NOT_A_RELOCATION_DESTINATION,DO_NOT_USE_AS_RELOCATION_DESTINATION,Synthetic historical-source-area demonstration record; not an official cadastral/hazard determination,SYNTHETIC_DEMO_NOT_OFFICIAL,SYNTHETIC_DEMO_POLYGON_NOT_OFFICIAL,DO_NOT_USE_AS_LEGAL_BOUNDARY,SYNTHETIC_DEMO_ONLY,NO,YES,NO
MEP-0053,Meppadi,Wayanad,Vythiri,MEP-DB-02,MEP-S-110,3,374.0,0.0374,Mixed/Residential,11.5424,76.1124,802.0,17.8,275.0,550.0,0.72,0.55,0.76,496.0,194.0,840.0,0.38,0.62,74.0,HIGH,53,HISTORICAL_SOURCE_AREA_NOT_A_RELOCATION_DESTINATION,DO_NOT_USE_AS_RELOCATION_DESTINATION,Synthetic historical-source-area demonstration record; not an official cadastral/hazard determination,SYNTHETIC_DEMO_NOT_OFFICIAL,SYNTHETIC_DEMO_POLYGON_NOT_OFFICIAL,DO_NOT_USE_AS_LEGAL_BOUNDARY,SYNTHETIC_DEMO_ONLY,NO,YES,NO
MEP-0054,Meppadi,Wayanad,Vythiri,MEP-DB-02,MEP-S-110,4,411.0,0.0411,Mixed/Residential,11.5436,76.1124,810.5,19.2,287.5,575.0,0.9,0.6,0.79,514.0,206.0,860.0,0.42,0.655,81.0,HIGH,54,HISTORICAL_SOURCE_AREA_NOT_A_RELOCATION_DESTINATION,DO_NOT_USE_AS_RELOCATION_DESTINATION,Synthetic historical-source-area demonstration record; not an official cadastral/hazard determination,SYNTHETIC_DEMO_NOT_OFFICIAL,SYNTHETIC_DEMO_POLYGON_NOT_OFFICIAL,DO_NOT_USE_AS_LEGAL_BOUNDARY,SYNTHETIC_DEMO_ONLY,NO,YES,NO
MEP-0055,Meppadi,Wayanad,Vythiri,MEP-DB-02,MEP-S-110,5,448.0,0.0448,Mixed/Residential,11.5448,76.1124,819.0,20.6,300.0,600.0,0.0,0.65,0.82,532.0,218.0,880.0,0.46,0.69,88.0,HIGH,55,HISTORICAL_SOURCE_AREA_NOT_A_RELOCATION_DESTINATION,DO_NOT_USE_AS_RELOCATION_DESTINATION,Synthetic historical-source-area demonstration record; not an official cadastral/hazard determination,SYNTHETIC_DEMO_NOT_OFFICIAL,SYNTHETIC_DEMO_POLYGON_NOT_OFFICIAL,DO_NOT_USE_AS_LEGAL_BOUNDARY,SYNTHETIC_DEMO_ONLY,NO,YES,NO
MEP-0056,Meppadi,Wayanad,Vythiri,MEP-DB-02,MEP-S-111,1,485.0,0.0485,Mixed/Residential,11.546,76.1124,827.5,22.0,312.5,625.0,0.18,0.7,0.85,550.0,230.0,900.0,0.5,0.725,95.0,HIGH,56,HISTORICAL_SOURCE_AREA_NOT_A_RELOCATION_DESTINATION,DO_NOT_USE_AS_RELOCATION_DESTINATION,Synthetic historical-source-area demonstration record; not an official cadastral/hazard determination,SYNTHETIC_DEMO_NOT_OFFICIAL,SYNTHETIC_DEMO_POLYGON_NOT_OFFICIAL,DO_NOT_USE_AS_LEGAL_BOUNDARY,SYNTHETIC_DEMO_ONLY,NO,YES,NO
MEP-0057,Meppadi,Wayanad,Vythiri,MEP-DB-02,MEP-S-111,2,522.0,0.0522,Mixed/Residential,11.5472,76.1124,836.0,23.4,325.0,650.0,0.36,0.75,0.88,568.0,242.0,920.0,0.54,0.76,72.0,HIGH,57,HISTORICAL_SOURCE_AREA_NOT_A_RELOCATION_DESTINATION,DO_NOT_USE_AS_RELOCATION_DESTINATION,Synthetic historical-source-area demonstration record; not an official cadastral/hazard determination,SYNTHETIC_DEMO_NOT_OFFICIAL,SYNTHETIC_DEMO_POLYGON_NOT_OFFICIAL,DO_NOT_USE_AS_LEGAL_BOUNDARY,SYNTHETIC_DEMO_ONLY,NO,YES,NO
MEP-0058,Meppadi,Wayanad,Vythiri,MEP-DB-02,MEP-S-111,3,559.0,0.0559,Mixed/Residential,11.5484,76.1124,844.5,24.8,337.5,675.0,0.54,0.8,0.91,586.0,254.0,940.0,0.58,0.795,79.0,HIGH,58,HISTORICAL_SOURCE_AREA_NOT_A_RELOCATION_DESTINATION,DO_NOT_USE_AS_RELOCATION_DESTINATION,Synthetic historical-source-area demonstration record; not an official cadastral/hazard determination,SYNTHETIC_DEMO_NOT_OFFICIAL,SYNTHETIC_DEMO_POLYGON_NOT_OFFICIAL,DO_NOT_USE_AS_LEGAL_BOUNDARY,SYNTHETIC_DEMO_ONLY,NO,YES,NO
MEP-0059,Meppadi,Wayanad,Vythiri,MEP-DB-02,MEP-S-111,4,596.0,0.0596,Mixed/Residential,11.5496,76.1124,853.0,26.2,350.0,700.0,0.72,0.85,0.94,604.0,266.0,960.0,0.62,0.83,86.0,HIGH,59,HISTORICAL_SOURCE_AREA_NOT_A_RELOCATION_DESTINATION,DO_NOT_USE_AS_RELOCATION_DESTINATION,Synthetic historical-source-area demonstration record; not an official cadastral/hazard determination,SYNTHETIC_DEMO_NOT_OFFICIAL,SYNTHETIC_DEMO_POLYGON_NOT_OFFICIAL,DO_NOT_USE_AS_LEGAL_BOUNDARY,SYNTHETIC_DEMO_ONLY,NO,YES,NO
MEP-0060,Meppadi,Wayanad,Vythiri,MEP-DB-02,MEP-S-111,5,633.0,0.0633,Mixed/Residential,11.5508,76.1124,861.5,27.6,362.5,725.0,0.9,0.9,0.97,622.0,278.0,980.0,0.66,0.865,93.0,HIGH,60,HISTORICAL_SOURCE_AREA_NOT_A_RELOCATION_DESTINATION,DO_NOT_USE_AS_RELOCATION_DESTINATION,Synthetic historical-source-area demonstration record; not an official cadastral/hazard determination,SYNTHETIC_DEMO_NOT_OFFICIAL,SYNTHETIC_DEMO_POLYGON_NOT_OFFICIAL,DO_NOT_USE_AS_LEGAL_BOUNDARY,SYNTHETIC_DEMO_ONLY,NO,YES,NO
MEP-0061,Meppadi,Wayanad,Vythiri,MEP-DB-02,MEP-S-112,1,670.0,0.067,Mixed/Residential,11.552,76.1124,700.0,8.0,250.0,450.0,0.0,0.45,0.7,100.0,50.0,700.0,0.3,0.55,70.0,HIGH,61,HISTORICAL_SOURCE_AREA_NOT_A_RELOCATION_DESTINATION,DO_NOT_USE_AS_RELOCATION_DESTINATION,Synthetic historical-source-area demonstration record; not an official cadastral/hazard determination,SYNTHETIC_DEMO_NOT_OFFICIAL,SYNTHETIC_DEMO_POLYGON_NOT_OFFICIAL,DO_NOT_USE_AS_LEGAL_BOUNDARY,SYNTHETIC_DEMO_ONLY,NO,YES,NO
MEP-0062,Meppadi,Wayanad,Vythiri,MEP-DB-02,MEP-S-112,2,707.0,0.0707,Mixed/Residential,11.5532,76.1124,708.5,9.4,262.5,475.0,0.18,0.5,0.73,118.0,62.0,720.0,0.34,0.585,77.0,HIGH,62,HISTORICAL_SOURCE_AREA_NOT_A_RELOCATION_DESTINATION,DO_NOT_USE_AS_RELOCATION_DESTINATION,Synthetic historical-source-area demonstration record; not an official cadastral/hazard determination,SYNTHETIC_DEMO_NOT_OFFICIAL,SYNTHETIC_DEMO_POLYGON_NOT_OFFICIAL,DO_NOT_USE_AS_LEGAL_BOUNDARY,SYNTHETIC_DEMO_ONLY,NO,YES,NO
MEP-0063,Meppadi,Wayanad,Vythiri,MEP-DB-02,MEP-S-112,3,744.0,0.0744,Mixed/Residential,11.5544,76.1124,717.0,10.8,275.0,500.0,0.36,0.55,0.76,136.0,74.0,740.0,0.38,0.62,84.0,HIGH,63,HISTORICAL_SOURCE_AREA_NOT_A_RELOCATION_DESTINATION,DO_NOT_USE_AS_RELOCATION_DESTINATION,Synthetic historical-source-area demonstration record; not an official cadastral/hazard determination,SYNTHETIC_DEMO_NOT_OFFICIAL,SYNTHETIC_DEMO_POLYGON_NOT_OFFICIAL,DO_NOT_USE_AS_LEGAL_BOUNDARY,SYNTHETIC_DEMO_ONLY,NO,YES,NO
MEP-0064,Meppadi,Wayanad,Vythiri,MEP-DB-02,MEP-S-112,4,781.0,0.0781,Mixed/Residential,11.5556,76.1124,725.5,12.2,287.5,525.0,0.54,0.6,0.79,154.0,86.0,760.0,0.42,0.655,91.0,HIGH,64,HISTORICAL_SOURCE_AREA_NOT_A_RELOCATION_DESTINATION,DO_NOT_USE_AS_RELOCATION_DESTINATION,Synthetic historical-source-area demonstration record; not an official cadastral/hazard determination,SYNTHETIC_DEMO_NOT_OFFICIAL,SYNTHETIC_DEMO_POLYGON_NOT_OFFICIAL,DO_NOT_USE_AS_LEGAL_BOUNDARY,SYNTHETIC_DEMO_ONLY,NO,YES,NO
MEP-0065,Meppadi,Wayanad,Vythiri,MEP-DB-02,MEP-S-112,5,818.0,0.0818,Mixed/Residential,11.5568,76.1124,734.0,13.6,300.0,550.0,0.72,0.65,0.82,172.0,98.0,780.0,0.46,0.69,98.0,HIGH,65,HISTORICAL_SOURCE_AREA_NOT_A_RELOCATION_DESTINATION,DO_NOT_USE_AS_RELOCATION_DESTINATION,Synthetic historical-source-area demonstration record; not an official cadastral/hazard determination,SYNTHETIC_DEMO_NOT_OFFICIAL,SYNTHETIC_DEMO_POLYGON_NOT_OFFICIAL,DO_NOT_USE_AS_LEGAL_BOUNDARY,SYNTHETIC_DEMO_ONLY,NO,YES,NO
MEP-0066,Meppadi,Wayanad,Vythiri,MEP-DB-02,MEP-S-113,1,855.0,0.0855,Mixed/Residential,11.558,76.1124,742.5,15.0,312.5,575.0,0.9,0.7,0.85,190.0,110.0,800.0,0.5,0.725,75.0,HIGH,66,HISTORICAL_SOURCE_AREA_NOT_A_RELOCATION_DESTINATION,DO_NOT_USE_AS_RELOCATION_DESTINATION,Synthetic historical-source-area demonstration record; not an official cadastral/hazard determination,SYNTHETIC_DEMO_NOT_OFFICIAL,SYNTHETIC_DEMO_POLYGON_NOT_OFFICIAL,DO_NOT_USE_AS_LEGAL_BOUNDARY,SYNTHETIC_DEMO_ONLY,NO,YES,NO
MEP-0067,Meppadi,Wayanad,Vythiri,MEP-DB-02,MEP-S-113,2,892.0,0.0892,Mixed/Residential,11.5592,76.1124,751.0,16.4,325.0,600.0,0.0,0.75,0.88,208.0,122.0,820.0,0.54,0.76,82.0,HIGH,67,HISTORICAL_SOURCE_AREA_NOT_A_RELOCATION_DESTINATION,DO_NOT_USE_AS_RELOCATION_DESTINATION,Synthetic historical-source-area demonstration record; not an official cadastral/hazard determination,SYNTHETIC_DEMO_NOT_OFFICIAL,SYNTHETIC_DEMO_POLYGON_NOT_OFFICIAL,DO_NOT_USE_AS_LEGAL_BOUNDARY,SYNTHETIC_DEMO_ONLY,NO,YES,NO
MEP-0068,Meppadi,Wayanad,Vythiri,MEP-DB-02,MEP-S-113,3,929.0,0.0929,Mixed/Residential,11.5604,76.1124,759.5,17.8,337.5,625.0,0.18,0.8,0.91,226.0,134.0,840.0,0.58,0.795,89.0,HIGH,68,HISTORICAL_SOURCE_AREA_NOT_A_RELOCATION_DESTINATION,DO_NOT_USE_AS_RELOCATION_DESTINATION,Synthetic historical-source-area demonstration record; not an official cadastral/hazard determination,SYNTHETIC_DEMO_NOT_OFFICIAL,SYNTHETIC_DEMO_POLYGON_NOT_OFFICIAL,DO_NOT_USE_AS_LEGAL_BOUNDARY,SYNTHETIC_DEMO_ONLY,NO,YES,NO
MEP-0069,Meppadi,Wayanad,Vythiri,MEP-DB-02,MEP-S-113,4,966.0,0.0966,Mixed/Residential,11.5616,76.1124,768.0,19.2,350.0,650.0,0.36,0.85,0.94,244.0,146.0,860.0,0.62,0.83,96.0,HIGH,69,HISTORICAL_SOURCE_AREA_NOT_A_RELOCATION_DESTINATION,DO_NOT_USE_AS_RELOCATION_DESTINATION,Synthetic historical-source-area demonstration record; not an official cadastral/hazard determination,SYNTHETIC_DEMO_NOT_OFFICIAL,SYNTHETIC_DEMO_POLYGON_NOT_OFFICIAL,DO_NOT_USE_AS_LEGAL_BOUNDARY,SYNTHETIC_DEMO_ONLY,NO,YES,NO
MEP-0070,Meppadi,Wayanad,Vythiri,MEP-DB-02,MEP-S-113,5,1003.0,0.1003,Mixed/Residential,11.5628,76.1124,776.5,20.6,362.5,675.0,0.54,0.9,0.97,262.0,158.0,880.0,0.66,0.865,73.0,HIGH,70,HISTORICAL_SOURCE_AREA_NOT_A_RELOCATION_DESTINATION,DO_NOT_USE_AS_RELOCATION_DESTINATION,Synthetic historical-source-area demonstration record; not an official cadastral/hazard determination,SYNTHETIC_DEMO_NOT_OFFICIAL,SYNTHETIC_DEMO_POLYGON_NOT_OFFICIAL,DO_NOT_USE_AS_LEGAL_BOUNDARY,SYNTHETIC_DEMO_ONLY,NO,YES,NO
MEP-0071,Meppadi,Wayanad,Vythiri,MEP-DB-02,MEP-S-114,1,1040.0,0.104,Mixed/Residential,11.564,76.1124,785.0,22.0,250.0,700.0,0.72,0.45,0.7,280.0,170.0,900.0,0.3,0.55,80.0,HIGH,71,HISTORICAL_SOURCE_AREA_NOT_A_RELOCATION_DESTINATION,DO_NOT_USE_AS_RELOCATION_DESTINATION,Synthetic historical-source-area demonstration record; not an official cadastral/hazard determination,SYNTHETIC_DEMO_NOT_OFFICIAL,SYNTHETIC_DEMO_POLYGON_NOT_OFFICIAL,DO_NOT_USE_AS_LEGAL_BOUNDARY,SYNTHETIC_DEMO_ONLY,NO,YES,NO
MEP-0072,Meppadi,Wayanad,Vythiri,MEP-DB-02,MEP-S-114,2,1077.0,0.1077,Mixed/Residential,11.5652,76.1124,793.5,23.4,262.5,725.0,0.9,0.5,0.73,298.0,182.0,920.0,0.34,0.585,87.0,HIGH,72,HISTORICAL_SOURCE_AREA_NOT_A_RELOCATION_DESTINATION,DO_NOT_USE_AS_RELOCATION_DESTINATION,Synthetic historical-source-area demonstration record; not an official cadastral/hazard determination,SYNTHETIC_DEMO_NOT_OFFICIAL,SYNTHETIC_DEMO_POLYGON_NOT_OFFICIAL,DO_NOT_USE_AS_LEGAL_BOUNDARY,SYNTHETIC_DEMO_ONLY,NO,YES,NO
MEP-0073,Meppadi,Wayanad,Vythiri,MEP-DB-02,MEP-S-114,3,1114.0,0.1114,Mixed/Residential,11.5664,76.1124,802.0,24.8,275.0,450.0,0.0,0.55,0.76,316.0,194.0,940.0,0.38,0.62,94.0,HIGH,73,HISTORICAL_SOURCE_AREA_NOT_A_RELOCATION_DESTINATION,DO_NOT_USE_AS_RELOCATION_DESTINATION,Synthetic historical-source-area demonstration record; not an official cadastral/hazard determination,SYNTHETIC_DEMO_NOT_OFFICIAL,SYNTHETIC_DEMO_POLYGON_NOT_OFFICIAL,DO_NOT_USE_AS_LEGAL_BOUNDARY,SYNTHETIC_DEMO_ONLY,NO,YES,NO
MEP-0074,Meppadi,Wayanad,Vythiri,MEP-DB-02,MEP-S-114,4,1151.0,0.1151,Mixed/Residential,11.5676,76.1124,810.5,26.2,287.5,475.0,0.18,0.6,0.79,334.0,206.0,960.0,0.42,0.655,71.0,HIGH,74,HISTORICAL_SOURCE_AREA_NOT_A_RELOCATION_DESTINATION,DO_NOT_USE_AS_RELOCATION_DESTINATION,Synthetic historical-source-area demonstration record; not an official cadastral/hazard determination,SYNTHETIC_DEMO_NOT_OFFICIAL,SYNTHETIC_DEMO_POLYGON_NOT_OFFICIAL,DO_NOT_USE_AS_LEGAL_BOUNDARY,SYNTHETIC_DEMO_ONLY,NO,YES,NO
MEP-0075,Meppadi,Wayanad,Vythiri,MEP-DB-02,MEP-S-114,5,1188.0,0.1188,Mixed/Residential,11.5688,76.1124,819.0,27.6,300.0,500.0,0.36,0.65,0.82,352.0,218.0,980.0,0.46,0.69,78.0,HIGH,75,HISTORICAL_SOURCE_AREA_NOT_A_RELOCATION_DESTINATION,DO_NOT_USE_AS_RELOCATION_DESTINATION,Synthetic historical-source-area demonstration record; not an official cadastral/hazard determination,SYNTHETIC_DEMO_NOT_OFFICIAL,SYNTHETIC_DEMO_POLYGON_NOT_OFFICIAL,DO_NOT_USE_AS_LEGAL_BOUNDARY,SYNTHETIC_DEMO_ONLY,NO,YES,NO
MEP-0076,Meppadi,Wayanad,Vythiri,MEP-DB-02,MEP-S-115,1,300.0,0.03,Mixed/Residential,11.54,76.1136,827.5,8.0,312.5,525.0,0.54,0.7,0.85,370.0,230.0,700.0,0.5,0.725,85.0,HIGH,76,HISTORICAL_SOURCE_AREA_NOT_A_RELOCATION_DESTINATION,DO_NOT_USE_AS_RELOCATION_DESTINATION,Synthetic historical-source-area demonstration record; not an official cadastral/hazard determination,SYNTHETIC_DEMO_NOT_OFFICIAL,SYNTHETIC_DEMO_POLYGON_NOT_OFFICIAL,DO_NOT_USE_AS_LEGAL_BOUNDARY,SYNTHETIC_DEMO_ONLY,NO,YES,NO
MEP-0077,Meppadi,Wayanad,Vythiri,MEP-DB-02,MEP-S-115,2,337.0,0.0337,Mixed/Residential,11.5412,76.1136,836.0,9.4,325.0,550.0,0.72,0.75,0.88,388.0,242.0,720.0,0.54,0.76,92.0,HIGH,77,HISTORICAL_SOURCE_AREA_NOT_A_RELOCATION_DESTINATION,DO_NOT_USE_AS_RELOCATION_DESTINATION,Synthetic historical-source-area demonstration record; not an official cadastral/hazard determination,SYNTHETIC_DEMO_NOT_OFFICIAL,SYNTHETIC_DEMO_POLYGON_NOT_OFFICIAL,DO_NOT_USE_AS_LEGAL_BOUNDARY,SYNTHETIC_DEMO_ONLY,NO,YES,NO
MEP-0078,Meppadi,Wayanad,Vythiri,MEP-DB-02,MEP-S-115,3,374.0,0.0374,Mixed/Residential,11.5424,76.1136,844.5,10.8,337.5,575.0,0.9,0.8,0.91,406.0,254.0,740.0,0.58,0.795,99.0,HIGH,78,HISTORICAL_SOURCE_AREA_NOT_A_RELOCATION_DESTINATION,DO_NOT_USE_AS_RELOCATION_DESTINATION,Synthetic historical-source-area demonstration record; not an official cadastral/hazard determination,SYNTHETIC_DEMO_NOT_OFFICIAL,SYNTHETIC_DEMO_POLYGON_NOT_OFFICIAL,DO_NOT_USE_AS_LEGAL_BOUNDARY,SYNTHETIC_DEMO_ONLY,NO,YES,NO
MEP-0079,Meppadi,Wayanad,Vythiri,MEP-DB-02,MEP-S-115,4,411.0,0.0411,Mixed/Residential,11.5436,76.1136,853.0,12.2,350.0,600.0,0.0,0.85,0.94,424.0,266.0,760.0,0.62,0.83,76.0,HIGH,79,HISTORICAL_SOURCE_AREA_NOT_A_RELOCATION_DESTINATION,DO_NOT_USE_AS_RELOCATION_DESTINATION,Synthetic historical-source-area demonstration record; not an official cadastral/hazard determination,SYNTHETIC_DEMO_NOT_OFFICIAL,SYNTHETIC_DEMO_POLYGON_NOT_OFFICIAL,DO_NOT_USE_AS_LEGAL_BOUNDARY,SYNTHETIC_DEMO_ONLY,NO,YES,NO
MEP-0080,Meppadi,Wayanad,Vythiri,MEP-DB-02,MEP-S-115,5,448.0,0.0448,Mixed/Residential,11.5448,76.1136,861.5,13.6,362.5,625.0,0.18,0.9,0.97,442.0,278.0,780.0,0.66,0.865,83.0,HIGH,80,HISTORICAL_SOURCE_AREA_NOT_A_RELOCATION_DESTINATION,DO_NOT_USE_AS_RELOCATION_DESTINATION,Synthetic historical-source-area demonstration record; not an official cadastral/hazard determination,SYNTHETIC_DEMO_NOT_OFFICIAL,SYNTHETIC_DEMO_POLYGON_NOT_OFFICIAL,DO_NOT_USE_AS_LEGAL_BOUNDARY,SYNTHETIC_DEMO_ONLY,NO,YES,NO
MEP-0081,Meppadi,Wayanad,Vythiri,MEP-DB-02,MEP-S-116,1,485.0,0.0485,Mixed/Residential,11.546,76.1136,700.0,15.0,250.0,650.0,0.36,0.45,0.7,460.0,50.0,800.0,0.3,0.55,90.0,HIGH,81,HISTORICAL_SOURCE_AREA_NOT_A_RELOCATION_DESTINATION,DO_NOT_USE_AS_RELOCATION_DESTINATION,Synthetic historical-source-area demonstration record; not an official cadastral/hazard determination,SYNTHETIC_DEMO_NOT_OFFICIAL,SYNTHETIC_DEMO_POLYGON_NOT_OFFICIAL,DO_NOT_USE_AS_LEGAL_BOUNDARY,SYNTHETIC_DEMO_ONLY,NO,YES,NO
MEP-0082,Meppadi,Wayanad,Vythiri,MEP-DB-02,MEP-S-116,2,522.0,0.0522,Mixed/Residential,11.5472,76.1136,708.5,16.4,262.5,675.0,0.54,0.5,0.73,478.0,62.0,820.0,0.34,0.585,97.0,HIGH,82,HISTORICAL_SOURCE_AREA_NOT_A_RELOCATION_DESTINATION,DO_NOT_USE_AS_RELOCATION_DESTINATION,Synthetic historical-source-area demonstration record; not an official cadastral/hazard determination,SYNTHETIC_DEMO_NOT_OFFICIAL,SYNTHETIC_DEMO_POLYGON_NOT_OFFICIAL,DO_NOT_USE_AS_LEGAL_BOUNDARY,SYNTHETIC_DEMO_ONLY,NO,YES,NO
MEP-0083,Meppadi,Wayanad,Vythiri,MEP-DB-02,MEP-S-116,3,559.0,0.0559,Mixed/Residential,11.5484,76.1136,717.0,17.8,275.0,700.0,0.72,0.55,0.76,496.0,74.0,840.0,0.38,0.62,74.0,HIGH,83,HISTORICAL_SOURCE_AREA_NOT_A_RELOCATION_DESTINATION,DO_NOT_USE_AS_RELOCATION_DESTINATION,Synthetic historical-source-area demonstration record; not an official cadastral/hazard determination,SYNTHETIC_DEMO_NOT_OFFICIAL,SYNTHETIC_DEMO_POLYGON_NOT_OFFICIAL,DO_NOT_USE_AS_LEGAL_BOUNDARY,SYNTHETIC_DEMO_ONLY,NO,YES,NO
MEP-0084,Meppadi,Wayanad,Vythiri,MEP-DB-02,MEP-S-116,4,596.0,0.0596,Mixed/Residential,11.5496,76.1136,725.5,19.2,287.5,725.0,0.9,0.6,0.79,514.0,86.0,860.0,0.42,0.655,81.0,HIGH,84,HISTORICAL_SOURCE_AREA_NOT_A_RELOCATION_DESTINATION,DO_NOT_USE_AS_RELOCATION_DESTINATION,Synthetic historical-source-area demonstration record; not an official cadastral/hazard determination,SYNTHETIC_DEMO_NOT_OFFICIAL,SYNTHETIC_DEMO_POLYGON_NOT_OFFICIAL,DO_NOT_USE_AS_LEGAL_BOUNDARY,SYNTHETIC_DEMO_ONLY,NO,YES,NO
MEP-0085,Meppadi,Wayanad,Vythiri,MEP-DB-02,MEP-S-116,5,633.0,0.0633,Mixed/Residential,11.5508,76.1136,734.0,20.6,300.0,450.0,0.0,0.65,0.82,532.0,98.0,880.0,0.46,0.69,88.0,HIGH,85,HISTORICAL_SOURCE_AREA_NOT_A_RELOCATION_DESTINATION,DO_NOT_USE_AS_RELOCATION_DESTINATION,Synthetic historical-source-area demonstration record; not an official cadastral/hazard determination,SYNTHETIC_DEMO_NOT_OFFICIAL,SYNTHETIC_DEMO_POLYGON_NOT_OFFICIAL,DO_NOT_USE_AS_LEGAL_BOUNDARY,SYNTHETIC_DEMO_ONLY,NO,YES,NO
MEP-0086,Meppadi,Wayanad,Vythiri,MEP-DB-02,MEP-S-117,1,670.0,0.067,Mixed/Residential,11.552,76.1136,742.5,22.0,312.5,475.0,0.18,0.7,0.85,550.0,110.0,900.0,0.5,0.725,95.0,HIGH,86,HISTORICAL_SOURCE_AREA_NOT_A_RELOCATION_DESTINATION,DO_NOT_USE_AS_RELOCATION_DESTINATION,Synthetic historical-source-area demonstration record; not an official cadastral/hazard determination,SYNTHETIC_DEMO_NOT_OFFICIAL,SYNTHETIC_DEMO_POLYGON_NOT_OFFICIAL,DO_NOT_USE_AS_LEGAL_BOUNDARY,SYNTHETIC_DEMO_ONLY,NO,YES,NO
MEP-0087,Meppadi,Wayanad,Vythiri,MEP-DB-02,MEP-S-117,2,707.0,0.0707,Mixed/Residential,11.5532,76.1136,751.0,23.4,325.0,500.0,0.36,0.75,0.88,568.0,122.0,920.0,0.54,0.76,72.0,HIGH,87,HISTORICAL_SOURCE_AREA_NOT_A_RELOCATION_DESTINATION,DO_NOT_USE_AS_RELOCATION_DESTINATION,Synthetic historical-source-area demonstration record; not an official cadastral/hazard determination,SYNTHETIC_DEMO_NOT_OFFICIAL,SYNTHETIC_DEMO_POLYGON_NOT_OFFICIAL,DO_NOT_USE_AS_LEGAL_BOUNDARY,SYNTHETIC_DEMO_ONLY,NO,YES,NO
MEP-0088,Meppadi,Wayanad,Vythiri,MEP-DB-02,MEP-S-117,3,744.0,0.0744,Mixed/Residential,11.5544,76.1136,759.5,24.8,337.5,525.0,0.54,0.8,0.91,586.0,134.0,940.0,0.58,0.795,79.0,HIGH,88,HISTORICAL_SOURCE_AREA_NOT_A_RELOCATION_DESTINATION,DO_NOT_USE_AS_RELOCATION_DESTINATION,Synthetic historical-source-area demonstration record; not an official cadastral/hazard determination,SYNTHETIC_DEMO_NOT_OFFICIAL,SYNTHETIC_DEMO_POLYGON_NOT_OFFICIAL,DO_NOT_USE_AS_LEGAL_BOUNDARY,SYNTHETIC_DEMO_ONLY,NO,YES,NO
MEP-0089,Meppadi,Wayanad,Vythiri,MEP-DB-02,MEP-S-117,4,781.0,0.0781,Mixed/Residential,11.5556,76.1136,768.0,26.2,350.0,550.0,0.72,0.85,0.94,604.0,146.0,960.0,0.62,0.83,86.0,HIGH,89,HISTORICAL_SOURCE_AREA_NOT_A_RELOCATION_DESTINATION,DO_NOT_USE_AS_RELOCATION_DESTINATION,Synthetic historical-source-area demonstration record; not an official cadastral/hazard determination,SYNTHETIC_DEMO_NOT_OFFICIAL,SYNTHETIC_DEMO_POLYGON_NOT_OFFICIAL,DO_NOT_USE_AS_LEGAL_BOUNDARY,SYNTHETIC_DEMO_ONLY,NO,YES,NO
MEP-0090,Meppadi,Wayanad,Vythiri,MEP-DB-02,MEP-S-117,5,818.0,0.0818,Mixed/Residential,11.5568,76.1136,776.5,27.6,362.5,575.0,0.9,0.9,0.97,622.0,158.0,980.0,0.66,0.865,93.0,HIGH,90,HISTORICAL_SOURCE_AREA_NOT_A_RELOCATION_DESTINATION,DO_NOT_USE_AS_RELOCATION_DESTINATION,Synthetic historical-source-area demonstration record; not an official cadastral/hazard determination,SYNTHETIC_DEMO_NOT_OFFICIAL,SYNTHETIC_DEMO_POLYGON_NOT_OFFICIAL,DO_NOT_USE_AS_LEGAL_BOUNDARY,SYNTHETIC_DEMO_ONLY,NO,YES,NO
MEP-0091,Meppadi,Wayanad,Vythiri,MEP-DB-02,MEP-S-118,1,855.0,0.0855,Mixed/Residential,11.558,76.1136,785.0,8.0,250.0,600.0,0.0,0.45,0.7,100.0,170.0,700.0,0.3,0.55,70.0,HIGH,91,HISTORICAL_SOURCE_AREA_NOT_A_RELOCATION_DESTINATION,DO_NOT_USE_AS_RELOCATION_DESTINATION,Synthetic historical-source-area demonstration record; not an official cadastral/hazard determination,SYNTHETIC_DEMO_NOT_OFFICIAL,SYNTHETIC_DEMO_POLYGON_NOT_OFFICIAL,DO_NOT_USE_AS_LEGAL_BOUNDARY,SYNTHETIC_DEMO_ONLY,NO,YES,NO
MEP-0092,Meppadi,Wayanad,Vythiri,MEP-DB-02,MEP-S-118,2,892.0,0.0892,Mixed/Residential,11.5592,76.1136,793.5,9.4,262.5,625.0,0.18,0.5,0.73,118.0,182.0,720.0,0.34,0.585,77.0,HIGH,92,HISTORICAL_SOURCE_AREA_NOT_A_RELOCATION_DESTINATION,DO_NOT_USE_AS_RELOCATION_DESTINATION,Synthetic historical-source-area demonstration record; not an official cadastral/hazard determination,SYNTHETIC_DEMO_NOT_OFFICIAL,SYNTHETIC_DEMO_POLYGON_NOT_OFFICIAL,DO_NOT_USE_AS_LEGAL_BOUNDARY,SYNTHETIC_DEMO_ONLY,NO,YES,NO
MEP-0093,Meppadi,Wayanad,Vythiri,MEP-DB-02,MEP-S-118,3,929.0,0.0929,Mixed/Residential,11.5604,76.1136,802.0,10.8,275.0,650.0,0.36,0.55,0.76,136.0,194.0,740.0,0.38,0.62,84.0,HIGH,93,HISTORICAL_SOURCE_AREA_NOT_A_RELOCATION_DESTINATION,DO_NOT_USE_AS_RELOCATION_DESTINATION,Synthetic historical-source-area demonstration record; not an official cadastral/hazard determination,SYNTHETIC_DEMO_NOT_OFFICIAL,SYNTHETIC_DEMO_POLYGON_NOT_OFFICIAL,DO_NOT_USE_AS_LEGAL_BOUNDARY,SYNTHETIC_DEMO_ONLY,NO,YES,NO
MEP-0094,Meppadi,Wayanad,Vythiri,MEP-DB-02,MEP-S-118,4,966.0,0.0966,Mixed/Residential,11.5616,76.1136,810.5,12.2,287.5,675.0,0.54,0.6,0.79,154.0,206.0,760.0,0.42,0.655,91.0,HIGH,94,HISTORICAL_SOURCE_AREA_NOT_A_RELOCATION_DESTINATION,DO_NOT_USE_AS_RELOCATION_DESTINATION,Synthetic historical-source-area demonstration record; not an official cadastral/hazard determination,SYNTHETIC_DEMO_NOT_OFFICIAL,SYNTHETIC_DEMO_POLYGON_NOT_OFFICIAL,DO_NOT_USE_AS_LEGAL_BOUNDARY,SYNTHETIC_DEMO_ONLY,NO,YES,NO
MEP-0095,Meppadi,Wayanad,Vythiri,MEP-DB-02,MEP-S-118,5,1003.0,0.1003,Mixed/Residential,11.5628,76.1136,819.0,13.6,300.0,700.0,0.72,0.65,0.82,172.0,218.0,780.0,0.46,0.69,98.0,HIGH,95,HISTORICAL_SOURCE_AREA_NOT_A_RELOCATION_DESTINATION,DO_NOT_USE_AS_RELOCATION_DESTINATION,Synthetic historical-source-area demonstration record; not an official cadastral/hazard determination,SYNTHETIC_DEMO_NOT_OFFICIAL,SYNTHETIC_DEMO_POLYGON_NOT_OFFICIAL,DO_NOT_USE_AS_LEGAL_BOUNDARY,SYNTHETIC_DEMO_ONLY,NO,YES,NO
MEP-0096,Meppadi,Wayanad,Vythiri,MEP-DB-02,MEP-S-119,1,1040.0,0.104,Mixed/Residential,11.564,76.1136,827.5,15.0,312.5,725.0,0.9,0.7,0.85,190.0,230.0,800.0,0.5,0.725,75.0,HIGH,96,HISTORICAL_SOURCE_AREA_NOT_A_RELOCATION_DESTINATION,DO_NOT_USE_AS_RELOCATION_DESTINATION,Synthetic historical-source-area demonstration record; not an official cadastral/hazard determination,SYNTHETIC_DEMO_NOT_OFFICIAL,SYNTHETIC_DEMO_POLYGON_NOT_OFFICIAL,DO_NOT_USE_AS_LEGAL_BOUNDARY,SYNTHETIC_DEMO_ONLY,NO,YES,NO
MEP-0097,Meppadi,Wayanad,Vythiri,MEP-DB-02,MEP-S-119,2,1077.0,0.1077,Mixed/Residential,11.5652,76.1136,836.0,16.4,325.0,450.0,0.0,0.75,0.88,208.0,242.0,820.0,0.54,0.76,82.0,HIGH,97,HISTORICAL_SOURCE_AREA_NOT_A_RELOCATION_DESTINATION,DO_NOT_USE_AS_RELOCATION_DESTINATION,Synthetic historical-source-area demonstration record; not an official cadastral/hazard determination,SYNTHETIC_DEMO_NOT_OFFICIAL,SYNTHETIC_DEMO_POLYGON_NOT_OFFICIAL,DO_NOT_USE_AS_LEGAL_BOUNDARY,SYNTHETIC_DEMO_ONLY,NO,YES,NO
MEP-0098,Meppadi,Wayanad,Vythiri,MEP-DB-02,MEP-S-119,3,1114.0,0.1114,Mixed/Residential,11.5664,76.1136,844.5,17.8,337.5,475.0,0.18,0.8,0.91,226.0,254.0,840.0,0.58,0.795,89.0,HIGH,98,HISTORICAL_SOURCE_AREA_NOT_A_RELOCATION_DESTINATION,DO_NOT_USE_AS_RELOCATION_DESTINATION,Synthetic historical-source-area demonstration record; not an official cadastral/hazard determination,SYNTHETIC_DEMO_NOT_OFFICIAL,SYNTHETIC_DEMO_POLYGON_NOT_OFFICIAL,DO_NOT_USE_AS_LEGAL_BOUNDARY,SYNTHETIC_DEMO_ONLY,NO,YES,NO
MEP-0099,Meppadi,Wayanad,Vythiri,MEP-DB-02,MEP-S-119,4,1151.0,0.1151,Mixed/Residential,11.5676,76.1136,853.0,19.2,350.0,500.0,0.36,0.85,0.94,244.0,266.0,860.0,0.62,0.83,96.0,HIGH,99,HISTORICAL_SOURCE_AREA_NOT_A_RELOCATION_DESTINATION,DO_NOT_USE_AS_RELOCATION_DESTINATION,Synthetic historical-source-area demonstration record; not an official cadastral/hazard determination,SYNTHETIC_DEMO_NOT_OFFICIAL,SYNTHETIC_DEMO_POLYGON_NOT_OFFICIAL,DO_NOT_USE_AS_LEGAL_BOUNDARY,SYNTHETIC_DEMO_ONLY,NO,YES,NO
MEP-0100,Meppadi,Wayanad,Vythiri,MEP-DB-02,MEP-S-119,5,1188.0,0.1188,Mixed/Residential,11.5688,76.1136,861.5,20.6,362.5,525.0,0.54,0.9,0.97,262.0,278.0,880.0,0.66,0.865,73.0,HIGH,100,HISTORICAL_SOURCE_AREA_NOT_A_RELOCATION_DESTINATION,DO_NOT_USE_AS_RELOCATION_DESTINATION,Synthetic historical-source-area demonstration record; not an official cadastral/hazard determination,SYNTHETIC_DEMO_NOT_OFFICIAL,SYNTHETIC_DEMO_POLYGON_NOT_OFFICIAL,DO_NOT_USE_AS_LEGAL_BOUNDARY,SYNTHETIC_DEMO_ONLY,NO,YES,NO
MEP-0101,Meppadi,Wayanad,Vythiri,MEP-DB-03,MEP-S-120,1,300.0,0.03,Mixed/Residential,11.54,76.1148,700.0,22.0,250.0,550.0,0.72,0.45,0.7,280.0,50.0,900.0,0.3,0.55,80.0,HIGH,101,HISTORICAL_SOURCE_AREA_NOT_A_RELOCATION_DESTINATION,DO_NOT_USE_AS_RELOCATION_DESTINATION,Synthetic historical-source-area demonstration record; not an official cadastral/hazard determination,SYNTHETIC_DEMO_NOT_OFFICIAL,SYNTHETIC_DEMO_POLYGON_NOT_OFFICIAL,DO_NOT_USE_AS_LEGAL_BOUNDARY,SYNTHETIC_DEMO_ONLY,NO,YES,NO
MEP-0102,Meppadi,Wayanad,Vythiri,MEP-DB-03,MEP-S-120,2,337.0,0.0337,Mixed/Residential,11.5412,76.1148,708.5,23.4,262.5,575.0,0.9,0.5,0.73,298.0,62.0,920.0,0.34,0.585,87.0,HIGH,102,HISTORICAL_SOURCE_AREA_NOT_A_RELOCATION_DESTINATION,DO_NOT_USE_AS_RELOCATION_DESTINATION,Synthetic historical-source-area demonstration record; not an official cadastral/hazard determination,SYNTHETIC_DEMO_NOT_OFFICIAL,SYNTHETIC_DEMO_POLYGON_NOT_OFFICIAL,DO_NOT_USE_AS_LEGAL_BOUNDARY,SYNTHETIC_DEMO_ONLY,NO,YES,NO
MEP-0103,Meppadi,Wayanad,Vythiri,MEP-DB-03,MEP-S-120,3,374.0,0.0374,Mixed/Residential,11.5424,76.1148,717.0,24.8,275.0,600.0,0.0,0.55,0.76,316.0,74.0,940.0,0.38,0.62,94.0,HIGH,103,HISTORICAL_SOURCE_AREA_NOT_A_RELOCATION_DESTINATION,DO_NOT_USE_AS_RELOCATION_DESTINATION,Synthetic historical-source-area demonstration record; not an official cadastral/hazard determination,SYNTHETIC_DEMO_NOT_OFFICIAL,SYNTHETIC_DEMO_POLYGON_NOT_OFFICIAL,DO_NOT_USE_AS_LEGAL_BOUNDARY,SYNTHETIC_DEMO_ONLY,NO,YES,NO
MEP-0104,Meppadi,Wayanad,Vythiri,MEP-DB-03,MEP-S-120,4,411.0,0.0411,Mixed/Residential,11.5436,76.1148,725.5,26.2,287.5,625.0,0.18,0.6,0.79,334.0,86.0,960.0,0.42,0.655,71.0,HIGH,104,HISTORICAL_SOURCE_AREA_NOT_A_RELOCATION_DESTINATION,DO_NOT_USE_AS_RELOCATION_DESTINATION,Synthetic historical-source-area demonstration record; not an official cadastral/hazard determination,SYNTHETIC_DEMO_NOT_OFFICIAL,SYNTHETIC_DEMO_POLYGON_NOT_OFFICIAL,DO_NOT_USE_AS_LEGAL_BOUNDARY,SYNTHETIC_DEMO_ONLY,NO,YES,NO
MEP-0105,Meppadi,Wayanad,Vythiri,MEP-DB-03,MEP-S-120,5,448.0,0.0448,Mixed/Residential,11.5448,76.1148,734.0,27.6,300.0,650.0,0.36,0.65,0.82,352.0,98.0,980.0,0.46,0.69,78.0,HIGH,105,HISTORICAL_SOURCE_AREA_NOT_A_RELOCATION_DESTINATION,DO_NOT_USE_AS_RELOCATION_DESTINATION,Synthetic historical-source-area demonstration record; not an official cadastral/hazard determination,SYNTHETIC_DEMO_NOT_OFFICIAL,SYNTHETIC_DEMO_POLYGON_NOT_OFFICIAL,DO_NOT_USE_AS_LEGAL_BOUNDARY,SYNTHETIC_DEMO_ONLY,NO,YES,NO
MEP-0106,Meppadi,Wayanad,Vythiri,MEP-DB-03,MEP-S-121,1,485.0,0.0485,Mixed/Residential,11.546,76.1148,742.5,8.0,312.5,675.0,0.54,0.7,0.85,370.0,110.0,700.0,0.5,0.725,85.0,HIGH,106,HISTORICAL_SOURCE_AREA_NOT_A_RELOCATION_DESTINATION,DO_NOT_USE_AS_RELOCATION_DESTINATION,Synthetic historical-source-area demonstration record; not an official cadastral/hazard determination,SYNTHETIC_DEMO_NOT_OFFICIAL,SYNTHETIC_DEMO_POLYGON_NOT_OFFICIAL,DO_NOT_USE_AS_LEGAL_BOUNDARY,SYNTHETIC_DEMO_ONLY,NO,YES,NO
MEP-0107,Meppadi,Wayanad,Vythiri,MEP-DB-03,MEP-S-121,2,522.0,0.0522,Mixed/Residential,11.5472,76.1148,751.0,9.4,325.0,700.0,0.72,0.75,0.88,388.0,122.0,720.0,0.54,0.76,92.0,HIGH,107,HISTORICAL_SOURCE_AREA_NOT_A_RELOCATION_DESTINATION,DO_NOT_USE_AS_RELOCATION_DESTINATION,Synthetic historical-source-area demonstration record; not an official cadastral/hazard determination,SYNTHETIC_DEMO_NOT_OFFICIAL,SYNTHETIC_DEMO_POLYGON_NOT_OFFICIAL,DO_NOT_USE_AS_LEGAL_BOUNDARY,SYNTHETIC_DEMO_ONLY,NO,YES,NO
MEP-0108,Meppadi,Wayanad,Vythiri,MEP-DB-03,MEP-S-121,3,559.0,0.0559,Mixed/Residential,11.5484,76.1148,759.5,10.8,337.5,725.0,0.9,0.8,0.91,406.0,134.0,740.0,0.58,0.795,99.0,HIGH,108,HISTORICAL_SOURCE_AREA_NOT_A_RELOCATION_DESTINATION,DO_NOT_USE_AS_RELOCATION_DESTINATION,Synthetic historical-source-area demonstration record; not an official cadastral/hazard determination,SYNTHETIC_DEMO_NOT_OFFICIAL,SYNTHETIC_DEMO_POLYGON_NOT_OFFICIAL,DO_NOT_USE_AS_LEGAL_BOUNDARY,SYNTHETIC_DEMO_ONLY,NO,YES,NO
MEP-0109,Meppadi,Wayanad,Vythiri,MEP-DB-03,MEP-S-121,4,596.0,0.0596,Mixed/Residential,11.5496,76.1148,768.0,12.2,350.0,450.0,0.0,0.85,0.94,424.0,146.0,760.0,0.62,0.83,76.0,HIGH,109,HISTORICAL_SOURCE_AREA_NOT_A_RELOCATION_DESTINATION,DO_NOT_USE_AS_RELOCATION_DESTINATION,Synthetic historical-source-area demonstration record; not an official cadastral/hazard determination,SYNTHETIC_DEMO_NOT_OFFICIAL,SYNTHETIC_DEMO_POLYGON_NOT_OFFICIAL,DO_NOT_USE_AS_LEGAL_BOUNDARY,SYNTHETIC_DEMO_ONLY,NO,YES,NO
MEP-0110,Meppadi,Wayanad,Vythiri,MEP-DB-03,MEP-S-121,5,633.0,0.0633,Mixed/Residential,11.5508,76.1148,776.5,13.6,362.5,475.0,0.18,0.9,0.97,442.0,158.0,780.0,0.66,0.865,83.0,HIGH,110,HISTORICAL_SOURCE_AREA_NOT_A_RELOCATION_DESTINATION,DO_NOT_USE_AS_RELOCATION_DESTINATION,Synthetic historical-source-area demonstration record; not an official cadastral/hazard determination,SYNTHETIC_DEMO_NOT_OFFICIAL,SYNTHETIC_DEMO_POLYGON_NOT_OFFICIAL,DO_NOT_USE_AS_LEGAL_BOUNDARY,SYNTHETIC_DEMO_ONLY,NO,YES,NO
MEP-0111,Meppadi,Wayanad,Vythiri,MEP-DB-03,MEP-S-122,1,670.0,0.067,Mixed/Residential,11.552,76.1148,785.0,15.0,250.0,500.0,0.36,0.45,0.7,460.0,170.0,800.0,0.3,0.55,90.0,HIGH,111,HISTORICAL_SOURCE_AREA_NOT_A_RELOCATION_DESTINATION,DO_NOT_USE_AS_RELOCATION_DESTINATION,Synthetic historical-source-area demonstration record; not an official cadastral/hazard determination,SYNTHETIC_DEMO_NOT_OFFICIAL,SYNTHETIC_DEMO_POLYGON_NOT_OFFICIAL,DO_NOT_USE_AS_LEGAL_BOUNDARY,SYNTHETIC_DEMO_ONLY,NO,YES,NO
MEP-0112,Meppadi,Wayanad,Vythiri,MEP-DB-03,MEP-S-122,2,707.0,0.0707,Mixed/Residential,11.5532,76.1148,793.5,16.4,262.5,525.0,0.54,0.5,0.73,478.0,182.0,820.0,0.34,0.585,97.0,HIGH,112,HISTORICAL_SOURCE_AREA_NOT_A_RELOCATION_DESTINATION,DO_NOT_USE_AS_RELOCATION_DESTINATION,Synthetic historical-source-area demonstration record; not an official cadastral/hazard determination,SYNTHETIC_DEMO_NOT_OFFICIAL,SYNTHETIC_DEMO_POLYGON_NOT_OFFICIAL,DO_NOT_USE_AS_LEGAL_BOUNDARY,SYNTHETIC_DEMO_ONLY,NO,YES,NO
MEP-0113,Meppadi,Wayanad,Vythiri,MEP-DB-03,MEP-S-122,3,744.0,0.0744,Mixed/Residential,11.5544,76.1148,802.0,17.8,275.0,550.0,0.72,0.55,0.76,496.0,194.0,840.0,0.38,0.62,74.0,HIGH,113,HISTORICAL_SOURCE_AREA_NOT_A_RELOCATION_DESTINATION,DO_NOT_USE_AS_RELOCATION_DESTINATION,Synthetic historical-source-area demonstration record; not an official cadastral/hazard determination,SYNTHETIC_DEMO_NOT_OFFICIAL,SYNTHETIC_DEMO_POLYGON_NOT_OFFICIAL,DO_NOT_USE_AS_LEGAL_BOUNDARY,SYNTHETIC_DEMO_ONLY,NO,YES,NO
MEP-0114,Meppadi,Wayanad,Vythiri,MEP-DB-03,MEP-S-122,4,781.0,0.0781,Mixed/Residential,11.5556,76.1148,810.5,19.2,287.5,575.0,0.9,0.6,0.79,514.0,206.0,860.0,0.42,0.655,81.0,HIGH,114,HISTORICAL_SOURCE_AREA_NOT_A_RELOCATION_DESTINATION,DO_NOT_USE_AS_RELOCATION_DESTINATION,Synthetic historical-source-area demonstration record; not an official cadastral/hazard determination,SYNTHETIC_DEMO_NOT_OFFICIAL,SYNTHETIC_DEMO_POLYGON_NOT_OFFICIAL,DO_NOT_USE_AS_LEGAL_BOUNDARY,SYNTHETIC_DEMO_ONLY,NO,YES,NO
MEP-0115,Meppadi,Wayanad,Vythiri,MEP-DB-03,MEP-S-122,5,818.0,0.0818,Mixed/Residential,11.5568,76.1148,819.0,20.6,300.0,600.0,0.0,0.65,0.82,532.0,218.0,880.0,0.46,0.69,88.0,HIGH,115,HISTORICAL_SOURCE_AREA_NOT_A_RELOCATION_DESTINATION,DO_NOT_USE_AS_RELOCATION_DESTINATION,Synthetic historical-source-area demonstration record; not an official cadastral/hazard determination,SYNTHETIC_DEMO_NOT_OFFICIAL,SYNTHETIC_DEMO_POLYGON_NOT_OFFICIAL,DO_NOT_USE_AS_LEGAL_BOUNDARY,SYNTHETIC_DEMO_ONLY,NO,YES,NO
MEP-0116,Meppadi,Wayanad,Vythiri,MEP-DB-03,MEP-S-123,1,855.0,0.0855,Mixed/Residential,11.558,76.1148,827.5,22.0,312.5,625.0,0.18,0.7,0.85,550.0,230.0,900.0,0.5,0.725,95.0,HIGH,116,HISTORICAL_SOURCE_AREA_NOT_A_RELOCATION_DESTINATION,DO_NOT_USE_AS_RELOCATION_DESTINATION,Synthetic historical-source-area demonstration record; not an official cadastral/hazard determination,SYNTHETIC_DEMO_NOT_OFFICIAL,SYNTHETIC_DEMO_POLYGON_NOT_OFFICIAL,DO_NOT_USE_AS_LEGAL_BOUNDARY,SYNTHETIC_DEMO_ONLY,NO,YES,NO
MEP-0117,Meppadi,Wayanad,Vythiri,MEP-DB-03,MEP-S-123,2,892.0,0.0892,Mixed/Residential,11.5592,76.1148,836.0,23.4,325.0,650.0,0.36,0.75,0.88,568.0,242.0,920.0,0.54,0.76,72.0,HIGH,117,HISTORICAL_SOURCE_AREA_NOT_A_RELOCATION_DESTINATION,DO_NOT_USE_AS_RELOCATION_DESTINATION,Synthetic historical-source-area demonstration record; not an official cadastral/hazard determination,SYNTHETIC_DEMO_NOT_OFFICIAL,SYNTHETIC_DEMO_POLYGON_NOT_OFFICIAL,DO_NOT_USE_AS_LEGAL_BOUNDARY,SYNTHETIC_DEMO_ONLY,NO,YES,NO
MEP-0118,Meppadi,Wayanad,Vythiri,MEP-DB-03,MEP-S-123,3,929.0,0.0929,Mixed/Residential,11.5604,76.1148,844.5,24.8,337.5,675.0,0.54,0.8,0.91,586.0,254.0,940.0,0.58,0.795,79.0,HIGH,118,HISTORICAL_SOURCE_AREA_NOT_A_RELOCATION_DESTINATION,DO_NOT_USE_AS_RELOCATION_DESTINATION,Synthetic historical-source-area demonstration record; not an official cadastral/hazard determination,SYNTHETIC_DEMO_NOT_OFFICIAL,SYNTHETIC_DEMO_POLYGON_NOT_OFFICIAL,DO_NOT_USE_AS_LEGAL_BOUNDARY,SYNTHETIC_DEMO_ONLY,NO,YES,NO
MEP-0119,Meppadi,Wayanad,Vythiri,MEP-DB-03,MEP-S-123,4,966.0,0.0966,Mixed/Residential,11.5616,76.1148,853.0,26.2,350.0,700.0,0.72,0.85,0.94,604.0,266.0,960.0,0.62,0.83,86.0,HIGH,119,HISTORICAL_SOURCE_AREA_NOT_A_RELOCATION_DESTINATION,DO_NOT_USE_AS_RELOCATION_DESTINATION,Synthetic historical-source-area demonstration record; not an official cadastral/hazard determination,SYNTHETIC_DEMO_NOT_OFFICIAL,SYNTHETIC_DEMO_POLYGON_NOT_OFFICIAL,DO_NOT_USE_AS_LEGAL_BOUNDARY,SYNTHETIC_DEMO_ONLY,NO,YES,NO
MEP-0120,Meppadi,Wayanad,Vythiri,MEP-DB-03,MEP-S-123,5,1003.0,0.1003,Mixed/Residential,11.5628,76.1148,861.5,27.6,362.5,725.0,0.9,0.9,0.97,622.0,278.0,980.0,0.66,0.865,93.0,HIGH,120,HISTORICAL_SOURCE_AREA_NOT_A_RELOCATION_DESTINATION,DO_NOT_USE_AS_RELOCATION_DESTINATION,Synthetic historical-source-area demonstration record; not an official cadastral/hazard determination,SYNTHETIC_DEMO_NOT_OFFICIAL,SYNTHETIC_DEMO_POLYGON_NOT_OFFICIAL,DO_NOT_USE_AS_LEGAL_BOUNDARY,SYNTHETIC_DEMO_ONLY,NO,YES,NO
MEP-0121,Meppadi,Wayanad,Vythiri,MEP-DB-03,MEP-S-124,1,1040.0,0.104,Mixed/Residential,11.564,76.1148,700.0,8.0,250.0,450.0,0.0,0.45,0.7,100.0,50.0,700.0,0.3,0.55,70.0,HIGH,121,HISTORICAL_SOURCE_AREA_NOT_A_RELOCATION_DESTINATION,DO_NOT_USE_AS_RELOCATION_DESTINATION,Synthetic historical-source-area demonstration record; not an official cadastral/hazard determination,SYNTHETIC_DEMO_NOT_OFFICIAL,SYNTHETIC_DEMO_POLYGON_NOT_OFFICIAL,DO_NOT_USE_AS_LEGAL_BOUNDARY,SYNTHETIC_DEMO_ONLY,NO,YES,NO
MEP-0122,Meppadi,Wayanad,Vythiri,MEP-DB-03,MEP-S-124,2,1077.0,0.1077,Mixed/Residential,11.5652,76.1148,708.5,9.4,262.5,475.0,0.18,0.5,0.73,118.0,62.0,720.0,0.34,0.585,77.0,HIGH,122,HISTORICAL_SOURCE_AREA_NOT_A_RELOCATION_DESTINATION,DO_NOT_USE_AS_RELOCATION_DESTINATION,Synthetic historical-source-area demonstration record; not an official cadastral/hazard determination,SYNTHETIC_DEMO_NOT_OFFICIAL,SYNTHETIC_DEMO_POLYGON_NOT_OFFICIAL,DO_NOT_USE_AS_LEGAL_BOUNDARY,SYNTHETIC_DEMO_ONLY,NO,YES,NO
MEP-0123,Meppadi,Wayanad,Vythiri,MEP-DB-03,MEP-S-124,3,1114.0,0.1114,Mixed/Residential,11.5664,76.1148,717.0,10.8,275.0,500.0,0.36,0.55,0.76,136.0,74.0,740.0,0.38,0.62,84.0,HIGH,123,HISTORICAL_SOURCE_AREA_NOT_A_RELOCATION_DESTINATION,DO_NOT_USE_AS_RELOCATION_DESTINATION,Synthetic historical-source-area demonstration record; not an official cadastral/hazard determination,SYNTHETIC_DEMO_NOT_OFFICIAL,SYNTHETIC_DEMO_POLYGON_NOT_OFFICIAL,DO_NOT_USE_AS_LEGAL_BOUNDARY,SYNTHETIC_DEMO_ONLY,NO,YES,NO
MEP-0124,Meppadi,Wayanad,Vythiri,MEP-DB-03,MEP-S-124,4,1151.0,0.1151,Mixed/Residential,11.5676,76.1148,725.5,12.2,287.5,525.0,0.54,0.6,0.79,154.0,86.0,760.0,0.42,0.655,91.0,HIGH,124,HISTORICAL_SOURCE_AREA_NOT_A_RELOCATION_DESTINATION,DO_NOT_USE_AS_RELOCATION_DESTINATION,Synthetic historical-source-area demonstration record; not an official cadastral/hazard determination,SYNTHETIC_DEMO_NOT_OFFICIAL,SYNTHETIC_DEMO_POLYGON_NOT_OFFICIAL,DO_NOT_USE_AS_LEGAL_BOUNDARY,SYNTHETIC_DEMO_ONLY,NO,YES,NO
MEP-0125,Meppadi,Wayanad,Vythiri,MEP-DB-03,MEP-S-124,5,1188.0,0.1188,Mixed/Residential,11.5688,76.1148,734.0,13.6,300.0,550.0,0.72,0.65,0.82,172.0,98.0,780.0,0.46,0.69,98.0,HIGH,125,HISTORICAL_SOURCE_AREA_NOT_A_RELOCATION_DESTINATION,DO_NOT_USE_AS_RELOCATION_DESTINATION,Synthetic historical-source-area demonstration record; not an official cadastral/hazard determination,SYNTHETIC_DEMO_NOT_OFFICIAL,SYNTHETIC_DEMO_POLYGON_NOT_OFFICIAL,DO_NOT_USE_AS_LEGAL_BOUNDARY,SYNTHETIC_DEMO_ONLY,NO,YES,NO
MEP-0126,Meppadi,Wayanad,Vythiri,MEP-DB-03,MEP-S-125,1,300.0,0.03,Mixed/Residential,11.54,76.116,742.5,15.0,312.5,575.0,0.9,0.7,0.85,190.0,110.0,800.0,0.5,0.725,75.0,HIGH,126,HISTORICAL_SOURCE_AREA_NOT_A_RELOCATION_DESTINATION,DO_NOT_USE_AS_RELOCATION_DESTINATION,Synthetic historical-source-area demonstration record; not an official cadastral/hazard determination,SYNTHETIC_DEMO_NOT_OFFICIAL,SYNTHETIC_DEMO_POLYGON_NOT_OFFICIAL,DO_NOT_USE_AS_LEGAL_BOUNDARY,SYNTHETIC_DEMO_ONLY,NO,YES,NO
MEP-0127,Meppadi,Wayanad,Vythiri,MEP-DB-03,MEP-S-125,2,337.0,0.0337,Mixed/Residential,11.5412,76.116,751.0,16.4,325.0,600.0,0.0,0.75,0.88,208.0,122.0,820.0,0.54,0.76,82.0,HIGH,127,HISTORICAL_SOURCE_AREA_NOT_A_RELOCATION_DESTINATION,DO_NOT_USE_AS_RELOCATION_DESTINATION,Synthetic historical-source-area demonstration record; not an official cadastral/hazard determination,SYNTHETIC_DEMO_NOT_OFFICIAL,SYNTHETIC_DEMO_POLYGON_NOT_OFFICIAL,DO_NOT_USE_AS_LEGAL_BOUNDARY,SYNTHETIC_DEMO_ONLY,NO,YES,NO
MEP-0128,Meppadi,Wayanad,Vythiri,MEP-DB-03,MEP-S-125,3,374.0,0.0374,Mixed/Residential,11.5424,76.116,759.5,17.8,337.5,625.0,0.18,0.8,0.91,226.0,134.0,840.0,0.58,0.795,89.0,HIGH,128,HISTORICAL_SOURCE_AREA_NOT_A_RELOCATION_DESTINATION,DO_NOT_USE_AS_RELOCATION_DESTINATION,Synthetic historical-source-area demonstration record; not an official cadastral/hazard determination,SYNTHETIC_DEMO_NOT_OFFICIAL,SYNTHETIC_DEMO_POLYGON_NOT_OFFICIAL,DO_NOT_USE_AS_LEGAL_BOUNDARY,SYNTHETIC_DEMO_ONLY,NO,YES,NO
MEP-0129,Meppadi,Wayanad,Vythiri,MEP-DB-03,MEP-S-125,4,411.0,0.0411,Mixed/Residential,11.5436,76.116,768.0,19.2,350.0,650.0,0.36,0.85,0.94,244.0,146.0,860.0,0.62,0.83,96.0,HIGH,129,HISTORICAL_SOURCE_AREA_NOT_A_RELOCATION_DESTINATION,DO_NOT_USE_AS_RELOCATION_DESTINATION,Synthetic historical-source-area demonstration record; not an official cadastral/hazard determination,SYNTHETIC_DEMO_NOT_OFFICIAL,SYNTHETIC_DEMO_POLYGON_NOT_OFFICIAL,DO_NOT_USE_AS_LEGAL_BOUNDARY,SYNTHETIC_DEMO_ONLY,NO,YES,NO
MEP-0130,Meppadi,Wayanad,Vythiri,MEP-DB-03,MEP-S-125,5,448.0,0.0448,Mixed/Residential,11.5448,76.116,776.5,20.6,362.5,675.0,0.54,0.9,0.97,262.0,158.0,880.0,0.66,0.865,73.0,HIGH,130,HISTORICAL_SOURCE_AREA_NOT_A_RELOCATION_DESTINATION,DO_NOT_USE_AS_RELOCATION_DESTINATION,Synthetic historical-source-area demonstration record; not an official cadastral/hazard determination,SYNTHETIC_DEMO_NOT_OFFICIAL,SYNTHETIC_DEMO_POLYGON_NOT_OFFICIAL,DO_NOT_USE_AS_LEGAL_BOUNDARY,SYNTHETIC_DEMO_ONLY,NO,YES,NO
MEP-0131,Meppadi,Wayanad,Vythiri,MEP-DB-03,MEP-S-126,1,485.0,0.0485,Mixed/Residential,11.546,76.116,785.0,22.0,250.0,700.0,0.72,0.45,0.7,280.0,170.0,900.0,0.3,0.55,80.0,HIGH,131,HISTORICAL_SOURCE_AREA_NOT_A_RELOCATION_DESTINATION,DO_NOT_USE_AS_RELOCATION_DESTINATION,Synthetic historical-source-area demonstration record; not an official cadastral/hazard determination,SYNTHETIC_DEMO_NOT_OFFICIAL,SYNTHETIC_DEMO_POLYGON_NOT_OFFICIAL,DO_NOT_USE_AS_LEGAL_BOUNDARY,SYNTHETIC_DEMO_ONLY,NO,YES,NO
MEP-0132,Meppadi,Wayanad,Vythiri,MEP-DB-03,MEP-S-126,2,522.0,0.0522,Mixed/Residential,11.5472,76.116,793.5,23.4,262.5,725.0,0.9,0.5,0.73,298.0,182.0,920.0,0.34,0.585,87.0,HIGH,132,HISTORICAL_SOURCE_AREA_NOT_A_RELOCATION_DESTINATION,DO_NOT_USE_AS_RELOCATION_DESTINATION,Synthetic historical-source-area demonstration record; not an official cadastral/hazard determination,SYNTHETIC_DEMO_NOT_OFFICIAL,SYNTHETIC_DEMO_POLYGON_NOT_OFFICIAL,DO_NOT_USE_AS_LEGAL_BOUNDARY,SYNTHETIC_DEMO_ONLY,NO,YES,NO
MEP-0133,Meppadi,Wayanad,Vythiri,MEP-DB-03,MEP-S-126,3,559.0,0.0559,Mixed/Residential,11.5484,76.116,802.0,24.8,275.0,450.0,0.0,0.55,0.76,316.0,194.0,940.0,0.38,0.62,94.0,HIGH,133,HISTORICAL_SOURCE_AREA_NOT_A_RELOCATION_DESTINATION,DO_NOT_USE_AS_RELOCATION_DESTINATION,Synthetic historical-source-area demonstration record; not an official cadastral/hazard determination,SYNTHETIC_DEMO_NOT_OFFICIAL,SYNTHETIC_DEMO_POLYGON_NOT_OFFICIAL,DO_NOT_USE_AS_LEGAL_BOUNDARY,SYNTHETIC_DEMO_ONLY,NO,YES,NO
MEP-0134,Meppadi,Wayanad,Vythiri,MEP-DB-03,MEP-S-126,4,596.0,0.0596,Mixed/Residential,11.5496,76.116,810.5,26.2,287.5,475.0,0.18,0.6,0.79,334.0,206.0,960.0,0.42,0.655,71.0,HIGH,134,HISTORICAL_SOURCE_AREA_NOT_A_RELOCATION_DESTINATION,DO_NOT_USE_AS_RELOCATION_DESTINATION,Synthetic historical-source-area demonstration record; not an official cadastral/hazard determination,SYNTHETIC_DEMO_NOT_OFFICIAL,SYNTHETIC_DEMO_POLYGON_NOT_OFFICIAL,DO_NOT_USE_AS_LEGAL_BOUNDARY,SYNTHETIC_DEMO_ONLY,NO,YES,NO
MEP-0135,Meppadi,Wayanad,Vythiri,MEP-DB-03,MEP-S-126,5,633.0,0.0633,Mixed/Residential,11.5508,76.116,819.0,27.6,300.0,500.0,0.36,0.65,0.82,352.0,218.0,980.0,0.46,0.69,78.0,HIGH,135,HISTORICAL_SOURCE_AREA_NOT_A_RELOCATION_DESTINATION,DO_NOT_USE_AS_RELOCATION_DESTINATION,Synthetic historical-source-area demonstration record; not an official cadastral/hazard determination,SYNTHETIC_DEMO_NOT_OFFICIAL,SYNTHETIC_DEMO_POLYGON_NOT_OFFICIAL,DO_NOT_USE_AS_LEGAL_BOUNDARY,SYNTHETIC_DEMO_ONLY,NO,YES,NO
MEP-0136,Meppadi,Wayanad,Vythiri,MEP-DB-03,MEP-S-127,1,670.0,0.067,Mixed/Residential,11.552,76.116,827.5,8.0,312.5,525.0,0.54,0.7,0.85,370.0,230.0,700.0,0.5,0.725,85.0,HIGH,136,HISTORICAL_SOURCE_AREA_NOT_A_RELOCATION_DESTINATION,DO_NOT_USE_AS_RELOCATION_DESTINATION,Synthetic historical-source-area demonstration record; not an official cadastral/hazard determination,SYNTHETIC_DEMO_NOT_OFFICIAL,SYNTHETIC_DEMO_POLYGON_NOT_OFFICIAL,DO_NOT_USE_AS_LEGAL_BOUNDARY,SYNTHETIC_DEMO_ONLY,NO,YES,NO
MEP-0137,Meppadi,Wayanad,Vythiri,MEP-DB-03,MEP-S-127,2,707.0,0.0707,Mixed/Residential,11.5532,76.116,836.0,9.4,325.0,550.0,0.72,0.75,0.88,388.0,242.0,720.0,0.54,0.76,92.0,HIGH,137,HISTORICAL_SOURCE_AREA_NOT_A_RELOCATION_DESTINATION,DO_NOT_USE_AS_RELOCATION_DESTINATION,Synthetic historical-source-area demonstration record; not an official cadastral/hazard determination,SYNTHETIC_DEMO_NOT_OFFICIAL,SYNTHETIC_DEMO_POLYGON_NOT_OFFICIAL,DO_NOT_USE_AS_LEGAL_BOUNDARY,SYNTHETIC_DEMO_ONLY,NO,YES,NO
MEP-0138,Meppadi,Wayanad,Vythiri,MEP-DB-03,MEP-S-127,3,744.0,0.0744,Mixed/Residential,11.5544,76.116,844.5,10.8,337.5,575.0,0.9,0.8,0.91,406.0,254.0,740.0,0.58,0.795,99.0,HIGH,138,HISTORICAL_SOURCE_AREA_NOT_A_RELOCATION_DESTINATION,DO_NOT_USE_AS_RELOCATION_DESTINATION,Synthetic historical-source-area demonstration record; not an official cadastral/hazard determination,SYNTHETIC_DEMO_NOT_OFFICIAL,SYNTHETIC_DEMO_POLYGON_NOT_OFFICIAL,DO_NOT_USE_AS_LEGAL_BOUNDARY,SYNTHETIC_DEMO_ONLY,NO,YES,NO
MEP-0139,Meppadi,Wayanad,Vythiri,MEP-DB-03,MEP-S-127,4,781.0,0.0781,Mixed/Residential,11.5556,76.116,853.0,12.2,350.0,600.0,0.0,0.85,0.94,424.0,266.0,760.0,0.62,0.83,76.0,HIGH,139,HISTORICAL_SOURCE_AREA_NOT_A_RELOCATION_DESTINATION,DO_NOT_USE_AS_RELOCATION_DESTINATION,Synthetic historical-source-area demonstration record; not an official cadastral/hazard determination,SYNTHETIC_DEMO_NOT_OFFICIAL,SYNTHETIC_DEMO_POLYGON_NOT_OFFICIAL,DO_NOT_USE_AS_LEGAL_BOUNDARY,SYNTHETIC_DEMO_ONLY,NO,YES,NO
MEP-0140,Meppadi,Wayanad,Vythiri,MEP-DB-03,MEP-S-127,5,818.0,0.0818,Mixed/Residential,11.5568,76.116,861.5,13.6,362.5,625.0,0.18,0.9,0.97,442.0,278.0,780.0,0.66,0.865,83.0,HIGH,140,HISTORICAL_SOURCE_AREA_NOT_A_RELOCATION_DESTINATION,DO_NOT_USE_AS_RELOCATION_DESTINATION,Synthetic historical-source-area demonstration record; not an official cadastral/hazard determination,SYNTHETIC_DEMO_NOT_OFFICIAL,SYNTHETIC_DEMO_POLYGON_NOT_OFFICIAL,DO_NOT_USE_AS_LEGAL_BOUNDARY,SYNTHETIC_DEMO_ONLY,NO,YES,NO
MEP-0141,Meppadi,Wayanad,Vythiri,MEP-DB-03,MEP-S-128,1,855.0,0.0855,Mixed/Residential,11.558,76.116,700.0,15.0,250.0,650.0,0.36,0.45,0.7,460.0,50.0,800.0,0.3,0.55,90.0,HIGH,141,HISTORICAL_SOURCE_AREA_NOT_A_RELOCATION_DESTINATION,DO_NOT_USE_AS_RELOCATION_DESTINATION,Synthetic historical-source-area demonstration record; not an official cadastral/hazard determination,SYNTHETIC_DEMO_NOT_OFFICIAL,SYNTHETIC_DEMO_POLYGON_NOT_OFFICIAL,DO_NOT_USE_AS_LEGAL_BOUNDARY,SYNTHETIC_DEMO_ONLY,NO,YES,NO
MEP-0142,Meppadi,Wayanad,Vythiri,MEP-DB-03,MEP-S-128,2,892.0,0.0892,Mixed/Residential,11.5592,76.116,708.5,16.4,262.5,675.0,0.54,0.5,0.73,478.0,62.0,820.0,0.34,0.585,97.0,HIGH,142,HISTORICAL_SOURCE_AREA_NOT_A_RELOCATION_DESTINATION,DO_NOT_USE_AS_RELOCATION_DESTINATION,Synthetic historical-source-area demonstration record; not an official cadastral/hazard determination,SYNTHETIC_DEMO_NOT_OFFICIAL,SYNTHETIC_DEMO_POLYGON_NOT_OFFICIAL,DO_NOT_USE_AS_LEGAL_BOUNDARY,SYNTHETIC_DEMO_ONLY,NO,YES,NO
MEP-0143,Meppadi,Wayanad,Vythiri,MEP-DB-03,MEP-S-128,3,929.0,0.0929,Mixed/Residential,11.5604,76.116,717.0,17.8,275.0,700.0,0.72,0.55,0.76,496.0,74.0,840.0,0.38,0.62,74.0,HIGH,143,HISTORICAL_SOURCE_AREA_NOT_A_RELOCATION_DESTINATION,DO_NOT_USE_AS_RELOCATION_DESTINATION,Synthetic historical-source-area demonstration record; not an official cadastral/hazard determination,SYNTHETIC_DEMO_NOT_OFFICIAL,SYNTHETIC_DEMO_POLYGON_NOT_OFFICIAL,DO_NOT_USE_AS_LEGAL_BOUNDARY,SYNTHETIC_DEMO_ONLY,NO,YES,NO
MEP-0144,Meppadi,Wayanad,Vythiri,MEP-DB-03,MEP-S-128,4,966.0,0.0966,Mixed/Residential,11.5616,76.116,725.5,19.2,287.5,725.0,0.9,0.6,0.79,514.0,86.0,860.0,0.42,0.655,81.0,HIGH,144,HISTORICAL_SOURCE_AREA_NOT_A_RELOCATION_DESTINATION,DO_NOT_USE_AS_RELOCATION_DESTINATION,Synthetic historical-source-area demonstration record; not an official cadastral/hazard determination,SYNTHETIC_DEMO_NOT_OFFICIAL,SYNTHETIC_DEMO_POLYGON_NOT_OFFICIAL,DO_NOT_USE_AS_LEGAL_BOUNDARY,SYNTHETIC_DEMO_ONLY,NO,YES,NO
MEP-0145,Meppadi,Wayanad,Vythiri,MEP-DB-03,MEP-S-128,5,1003.0,0.1003,Mixed/Residential,11.5628,76.116,734.0,20.6,300.0,450.0,0.0,0.65,0.82,532.0,98.0,880.0,0.46,0.69,88.0,HIGH,145,HISTORICAL_SOURCE_AREA_NOT_A_RELOCATION_DESTINATION,DO_NOT_USE_AS_RELOCATION_DESTINATION,Synthetic historical-source-area demonstration record; not an official cadastral/hazard determination,SYNTHETIC_DEMO_NOT_OFFICIAL,SYNTHETIC_DEMO_POLYGON_NOT_OFFICIAL,DO_NOT_USE_AS_LEGAL_BOUNDARY,SYNTHETIC_DEMO_ONLY,NO,YES,NO
MEP-0146,Meppadi,Wayanad,Vythiri,MEP-DB-03,MEP-S-129,1,1040.0,0.104,Mixed/Residential,11.564,76.116,742.5,22.0,312.5,475.0,0.18,0.7,0.85,550.0,110.0,900.0,0.5,0.725,95.0,HIGH,146,HISTORICAL_SOURCE_AREA_NOT_A_RELOCATION_DESTINATION,DO_NOT_USE_AS_RELOCATION_DESTINATION,Synthetic historical-source-area demonstration record; not an official cadastral/hazard determination,SYNTHETIC_DEMO_NOT_OFFICIAL,SYNTHETIC_DEMO_POLYGON_NOT_OFFICIAL,DO_NOT_USE_AS_LEGAL_BOUNDARY,SYNTHETIC_DEMO_ONLY,NO,YES,NO
MEP-0147,Meppadi,Wayanad,Vythiri,MEP-DB-03,MEP-S-129,2,1077.0,0.1077,Mixed/Residential,11.5652,76.116,751.0,23.4,325.0,500.0,0.36,0.75,0.88,568.0,122.0,920.0,0.54,0.76,72.0,HIGH,147,HISTORICAL_SOURCE_AREA_NOT_A_RELOCATION_DESTINATION,DO_NOT_USE_AS_RELOCATION_DESTINATION,Synthetic historical-source-area demonstration record; not an official cadastral/hazard determination,SYNTHETIC_DEMO_NOT_OFFICIAL,SYNTHETIC_DEMO_POLYGON_NOT_OFFICIAL,DO_NOT_USE_AS_LEGAL_BOUNDARY,SYNTHETIC_DEMO_ONLY,NO,YES,NO
MEP-0148,Meppadi,Wayanad,Vythiri,MEP-DB-03,MEP-S-129,3,1114.0,0.1114,Mixed/Residential,11.5664,76.116,759.5,24.8,337.5,525.0,0.54,0.8,0.91,586.0,134.0,940.0,0.58,0.795,79.0,HIGH,148,HISTORICAL_SOURCE_AREA_NOT_A_RELOCATION_DESTINATION,DO_NOT_USE_AS_RELOCATION_DESTINATION,Synthetic historical-source-area demonstration record; not an official cadastral/hazard determination,SYNTHETIC_DEMO_NOT_OFFICIAL,SYNTHETIC_DEMO_POLYGON_NOT_OFFICIAL,DO_NOT_USE_AS_LEGAL_BOUNDARY,SYNTHETIC_DEMO_ONLY,NO,YES,NO
MEP-0149,Meppadi,Wayanad,Vythiri,MEP-DB-03,MEP-S-129,4,1151.0,0.1151,Mixed/Residential,11.5676,76.116,768.0,26.2,350.0,550.0,0.72,0.85,0.94,604.0,146.0,960.0,0.62,0.83,86.0,HIGH,149,HISTORICAL_SOURCE_AREA_NOT_A_RELOCATION_DESTINATION,DO_NOT_USE_AS_RELOCATION_DESTINATION,Synthetic historical-source-area demonstration record; not an official cadastral/hazard determination,SYNTHETIC_DEMO_NOT_OFFICIAL,SYNTHETIC_DEMO_POLYGON_NOT_OFFICIAL,DO_NOT_USE_AS_LEGAL_BOUNDARY,SYNTHETIC_DEMO_ONLY,NO,YES,NO
MEP-0150,Meppadi,Wayanad,Vythiri,MEP-DB-03,MEP-S-129,5,1188.0,0.1188,Mixed/Residential,11.5688,76.116,776.5,27.6,362.5,575.0,0.9,0.9,0.97,622.0,158.0,980.0,0.66,0.865,93.0,HIGH,150,HISTORICAL_SOURCE_AREA_NOT_A_RELOCATION_DESTINATION,DO_NOT_USE_AS_RELOCATION_DESTINATION,Synthetic historical-source-area demonstration record; not an official cadastral/hazard determination,SYNTHETIC_DEMO_NOT_OFFICIAL,SYNTHETIC_DEMO_POLYGON_NOT_OFFICIAL,DO_NOT_USE_AS_LEGAL_BOUNDARY,SYNTHETIC_DEMO_ONLY,NO,YES,NO
MEP-0151,Meppadi,Wayanad,Vythiri,MEP-DB-04,MEP-S-130,1,300.0,0.03,Mixed/Residential,11.54,76.1172,785.0,8.0,250.0,600.0,0.0,0.45,0.7,100.0,170.0,700.0,0.3,0.55,70.0,HIGH,151,HISTORICAL_SOURCE_AREA_NOT_A_RELOCATION_DESTINATION,DO_NOT_USE_AS_RELOCATION_DESTINATION,Synthetic historical-source-area demonstration record; not an official cadastral/hazard determination,SYNTHETIC_DEMO_NOT_OFFICIAL,SYNTHETIC_DEMO_POLYGON_NOT_OFFICIAL,DO_NOT_USE_AS_LEGAL_BOUNDARY,SYNTHETIC_DEMO_ONLY,NO,YES,NO
MEP-0152,Meppadi,Wayanad,Vythiri,MEP-DB-04,MEP-S-130,2,337.0,0.0337,Mixed/Residential,11.5412,76.1172,793.5,9.4,262.5,625.0,0.18,0.5,0.73,118.0,182.0,720.0,0.34,0.585,77.0,HIGH,152,HISTORICAL_SOURCE_AREA_NOT_A_RELOCATION_DESTINATION,DO_NOT_USE_AS_RELOCATION_DESTINATION,Synthetic historical-source-area demonstration record; not an official cadastral/hazard determination,SYNTHETIC_DEMO_NOT_OFFICIAL,SYNTHETIC_DEMO_POLYGON_NOT_OFFICIAL,DO_NOT_USE_AS_LEGAL_BOUNDARY,SYNTHETIC_DEMO_ONLY,NO,YES,NO
MEP-0153,Meppadi,Wayanad,Vythiri,MEP-DB-04,MEP-S-130,3,374.0,0.0374,Mixed/Residential,11.5424,76.1172,802.0,10.8,275.0,650.0,0.36,0.55,0.76,136.0,194.0,740.0,0.38,0.62,84.0,HIGH,153,HISTORICAL_SOURCE_AREA_NOT_A_RELOCATION_DESTINATION,DO_NOT_USE_AS_RELOCATION_DESTINATION,Synthetic historical-source-area demonstration record; not an official cadastral/hazard determination,SYNTHETIC_DEMO_NOT_OFFICIAL,SYNTHETIC_DEMO_POLYGON_NOT_OFFICIAL,DO_NOT_USE_AS_LEGAL_BOUNDARY,SYNTHETIC_DEMO_ONLY,NO,YES,NO
MEP-0154,Meppadi,Wayanad,Vythiri,MEP-DB-04,MEP-S-130,4,411.0,0.0411,Mixed/Residential,11.5436,76.1172,810.5,12.2,287.5,675.0,0.54,0.6,0.79,154.0,206.0,760.0,0.42,0.655,91.0,HIGH,154,HISTORICAL_SOURCE_AREA_NOT_A_RELOCATION_DESTINATION,DO_NOT_USE_AS_RELOCATION_DESTINATION,Synthetic historical-source-area demonstration record; not an official cadastral/hazard determination,SYNTHETIC_DEMO_NOT_OFFICIAL,SYNTHETIC_DEMO_POLYGON_NOT_OFFICIAL,DO_NOT_USE_AS_LEGAL_BOUNDARY,SYNTHETIC_DEMO_ONLY,NO,YES,NO
MEP-0155,Meppadi,Wayanad,Vythiri,MEP-DB-04,MEP-S-130,5,448.0,0.0448,Mixed/Residential,11.5448,76.1172,819.0,13.6,300.0,700.0,0.72,0.65,0.82,172.0,218.0,780.0,0.46,0.69,98.0,HIGH,155,HISTORICAL_SOURCE_AREA_NOT_A_RELOCATION_DESTINATION,DO_NOT_USE_AS_RELOCATION_DESTINATION,Synthetic historical-source-area demonstration record; not an official cadastral/hazard determination,SYNTHETIC_DEMO_NOT_OFFICIAL,SYNTHETIC_DEMO_POLYGON_NOT_OFFICIAL,DO_NOT_USE_AS_LEGAL_BOUNDARY,SYNTHETIC_DEMO_ONLY,NO,YES,NO
MEP-0156,Meppadi,Wayanad,Vythiri,MEP-DB-04,MEP-S-131,1,485.0,0.0485,Mixed/Residential,11.546,76.1172,827.5,15.0,312.5,725.0,0.9,0.7,0.85,190.0,230.0,800.0,0.5,0.725,75.0,HIGH,156,HISTORICAL_SOURCE_AREA_NOT_A_RELOCATION_DESTINATION,DO_NOT_USE_AS_RELOCATION_DESTINATION,Synthetic historical-source-area demonstration record; not an official cadastral/hazard determination,SYNTHETIC_DEMO_NOT_OFFICIAL,SYNTHETIC_DEMO_POLYGON_NOT_OFFICIAL,DO_NOT_USE_AS_LEGAL_BOUNDARY,SYNTHETIC_DEMO_ONLY,NO,YES,NO
MEP-0157,Meppadi,Wayanad,Vythiri,MEP-DB-04,MEP-S-131,2,522.0,0.0522,Mixed/Residential,11.5472,76.1172,836.0,16.4,325.0,450.0,0.0,0.75,0.88,208.0,242.0,820.0,0.54,0.76,82.0,HIGH,157,HISTORICAL_SOURCE_AREA_NOT_A_RELOCATION_DESTINATION,DO_NOT_USE_AS_RELOCATION_DESTINATION,Synthetic historical-source-area demonstration record; not an official cadastral/hazard determination,SYNTHETIC_DEMO_NOT_OFFICIAL,SYNTHETIC_DEMO_POLYGON_NOT_OFFICIAL,DO_NOT_USE_AS_LEGAL_BOUNDARY,SYNTHETIC_DEMO_ONLY,NO,YES,NO
MEP-0158,Meppadi,Wayanad,Vythiri,MEP-DB-04,MEP-S-131,3,559.0,0.0559,Mixed/Residential,11.5484,76.1172,844.5,17.8,337.5,475.0,0.18,0.8,0.91,226.0,254.0,840.0,0.58,0.795,89.0,HIGH,158,HISTORICAL_SOURCE_AREA_NOT_A_RELOCATION_DESTINATION,DO_NOT_USE_AS_RELOCATION_DESTINATION,Synthetic historical-source-area demonstration record; not an official cadastral/hazard determination,SYNTHETIC_DEMO_NOT_OFFICIAL,SYNTHETIC_DEMO_POLYGON_NOT_OFFICIAL,DO_NOT_USE_AS_LEGAL_BOUNDARY,SYNTHETIC_DEMO_ONLY,NO,YES,NO
MEP-0159,Meppadi,Wayanad,Vythiri,MEP-DB-04,MEP-S-131,4,596.0,0.0596,Mixed/Residential,11.5496,76.1172,853.0,19.2,350.0,500.0,0.36,0.85,0.94,244.0,266.0,860.0,0.62,0.83,96.0,HIGH,159,HISTORICAL_SOURCE_AREA_NOT_A_RELOCATION_DESTINATION,DO_NOT_USE_AS_RELOCATION_DESTINATION,Synthetic historical-source-area demonstration record; not an official cadastral/hazard determination,SYNTHETIC_DEMO_NOT_OFFICIAL,SYNTHETIC_DEMO_POLYGON_NOT_OFFICIAL,DO_NOT_USE_AS_LEGAL_BOUNDARY,SYNTHETIC_DEMO_ONLY,NO,YES,NO
MEP-0160,Meppadi,Wayanad,Vythiri,MEP-DB-04,MEP-S-131,5,633.0,0.0633,Mixed/Residential,11.5508,76.1172,861.5,20.6,362.5,525.0,0.54,0.9,0.97,262.0,278.0,880.0,0.66,0.865,73.0,HIGH,160,HISTORICAL_SOURCE_AREA_NOT_A_RELOCATION_DESTINATION,DO_NOT_USE_AS_RELOCATION_DESTINATION,Synthetic historical-source-area demonstration record; not an official cadastral/hazard determination,SYNTHETIC_DEMO_NOT_OFFICIAL,SYNTHETIC_DEMO_POLYGON_NOT_OFFICIAL,DO_NOT_USE_AS_LEGAL_BOUNDARY,SYNTHETIC_DEMO_ONLY,NO,YES,NO
MEP-0161,Meppadi,Wayanad,Vythiri,MEP-DB-04,MEP-S-132,1,670.0,0.067,Mixed/Residential,11.552,76.1172,700.0,22.0,250.0,550.0,0.72,0.45,0.7,280.0,50.0,900.0,0.3,0.55,80.0,HIGH,161,HISTORICAL_SOURCE_AREA_NOT_A_RELOCATION_DESTINATION,DO_NOT_USE_AS_RELOCATION_DESTINATION,Synthetic historical-source-area demonstration record; not an official cadastral/hazard determination,SYNTHETIC_DEMO_NOT_OFFICIAL,SYNTHETIC_DEMO_POLYGON_NOT_OFFICIAL,DO_NOT_USE_AS_LEGAL_BOUNDARY,SYNTHETIC_DEMO_ONLY,NO,YES,NO
MEP-0162,Meppadi,Wayanad,Vythiri,MEP-DB-04,MEP-S-132,2,707.0,0.0707,Mixed/Residential,11.5532,76.1172,708.5,23.4,262.5,575.0,0.9,0.5,0.73,298.0,62.0,920.0,0.34,0.585,87.0,HIGH,162,HISTORICAL_SOURCE_AREA_NOT_A_RELOCATION_DESTINATION,DO_NOT_USE_AS_RELOCATION_DESTINATION,Synthetic historical-source-area demonstration record; not an official cadastral/hazard determination,SYNTHETIC_DEMO_NOT_OFFICIAL,SYNTHETIC_DEMO_POLYGON_NOT_OFFICIAL,DO_NOT_USE_AS_LEGAL_BOUNDARY,SYNTHETIC_DEMO_ONLY,NO,YES,NO
MEP-0163,Meppadi,Wayanad,Vythiri,MEP-DB-04,MEP-S-132,3,744.0,0.0744,Mixed/Residential,11.5544,76.1172,717.0,24.8,275.0,600.0,0.0,0.55,0.76,316.0,74.0,940.0,0.38,0.62,94.0,HIGH,163,HISTORICAL_SOURCE_AREA_NOT_A_RELOCATION_DESTINATION,DO_NOT_USE_AS_RELOCATION_DESTINATION,Synthetic historical-source-area demonstration record; not an official cadastral/hazard determination,SYNTHETIC_DEMO_NOT_OFFICIAL,SYNTHETIC_DEMO_POLYGON_NOT_OFFICIAL,DO_NOT_USE_AS_LEGAL_BOUNDARY,SYNTHETIC_DEMO_ONLY,NO,YES,NO
MEP-0164,Meppadi,Wayanad,Vythiri,MEP-DB-04,MEP-S-132,4,781.0,0.0781,Mixed/Residential,11.5556,76.1172,725.5,26.2,287.5,625.0,0.18,0.6,0.79,334.0,86.0,960.0,0.42,0.655,71.0,HIGH,164,HISTORICAL_SOURCE_AREA_NOT_A_RELOCATION_DESTINATION,DO_NOT_USE_AS_RELOCATION_DESTINATION,Synthetic historical-source-area demonstration record; not an official cadastral/hazard determination,SYNTHETIC_DEMO_NOT_OFFICIAL,SYNTHETIC_DEMO_POLYGON_NOT_OFFICIAL,DO_NOT_USE_AS_LEGAL_BOUNDARY,SYNTHETIC_DEMO_ONLY,NO,YES,NO
MEP-0165,Meppadi,Wayanad,Vythiri,MEP-DB-04,MEP-S-132,5,818.0,0.0818,Mixed/Residential,11.5568,76.1172,734.0,27.6,300.0,650.0,0.36,0.65,0.82,352.0,98.0,980.0,0.46,0.69,78.0,HIGH,165,HISTORICAL_SOURCE_AREA_NOT_A_RELOCATION_DESTINATION,DO_NOT_USE_AS_RELOCATION_DESTINATION,Synthetic historical-source-area demonstration record; not an official cadastral/hazard determination,SYNTHETIC_DEMO_NOT_OFFICIAL,SYNTHETIC_DEMO_POLYGON_NOT_OFFICIAL,DO_NOT_USE_AS_LEGAL_BOUNDARY,SYNTHETIC_DEMO_ONLY,NO,YES,NO
MEP-0166,Meppadi,Wayanad,Vythiri,MEP-DB-04,MEP-S-133,1,855.0,0.0855,Mixed/Residential,11.558,76.1172,742.5,8.0,312.5,675.0,0.54,0.7,0.85,370.0,110.0,700.0,0.5,0.725,85.0,HIGH,166,HISTORICAL_SOURCE_AREA_NOT_A_RELOCATION_DESTINATION,DO_NOT_USE_AS_RELOCATION_DESTINATION,Synthetic historical-source-area demonstration record; not an official cadastral/hazard determination,SYNTHETIC_DEMO_NOT_OFFICIAL,SYNTHETIC_DEMO_POLYGON_NOT_OFFICIAL,DO_NOT_USE_AS_LEGAL_BOUNDARY,SYNTHETIC_DEMO_ONLY,NO,YES,NO
MEP-0167,Meppadi,Wayanad,Vythiri,MEP-DB-04,MEP-S-133,2,892.0,0.0892,Mixed/Residential,11.5592,76.1172,751.0,9.4,325.0,700.0,0.72,0.75,0.88,388.0,122.0,720.0,0.54,0.76,92.0,HIGH,167,HISTORICAL_SOURCE_AREA_NOT_A_RELOCATION_DESTINATION,DO_NOT_USE_AS_RELOCATION_DESTINATION,Synthetic historical-source-area demonstration record; not an official cadastral/hazard determination,SYNTHETIC_DEMO_NOT_OFFICIAL,SYNTHETIC_DEMO_POLYGON_NOT_OFFICIAL,DO_NOT_USE_AS_LEGAL_BOUNDARY,SYNTHETIC_DEMO_ONLY,NO,YES,NO
MEP-0168,Meppadi,Wayanad,Vythiri,MEP-DB-04,MEP-S-133,3,929.0,0.0929,Mixed/Residential,11.5604,76.1172,759.5,10.8,337.5,725.0,0.9,0.8,0.91,406.0,134.0,740.0,0.58,0.795,99.0,HIGH,168,HISTORICAL_SOURCE_AREA_NOT_A_RELOCATION_DESTINATION,DO_NOT_USE_AS_RELOCATION_DESTINATION,Synthetic historical-source-area demonstration record; not an official cadastral/hazard determination,SYNTHETIC_DEMO_NOT_OFFICIAL,SYNTHETIC_DEMO_POLYGON_NOT_OFFICIAL,DO_NOT_USE_AS_LEGAL_BOUNDARY,SYNTHETIC_DEMO_ONLY,NO,YES,NO
MEP-0169,Meppadi,Wayanad,Vythiri,MEP-DB-04,MEP-S-133,4,966.0,0.0966,Mixed/Residential,11.5616,76.1172,768.0,12.2,350.0,450.0,0.0,0.85,0.94,424.0,146.0,760.0,0.62,0.83,76.0,HIGH,169,HISTORICAL_SOURCE_AREA_NOT_A_RELOCATION_DESTINATION,DO_NOT_USE_AS_RELOCATION_DESTINATION,Synthetic historical-source-area demonstration record; not an official cadastral/hazard determination,SYNTHETIC_DEMO_NOT_OFFICIAL,SYNTHETIC_DEMO_POLYGON_NOT_OFFICIAL,DO_NOT_USE_AS_LEGAL_BOUNDARY,SYNTHETIC_DEMO_ONLY,NO,YES,NO
MEP-0170,Meppadi,Wayanad,Vythiri,MEP-DB-04,MEP-S-133,5,1003.0,0.1003,Mixed/Residential,11.5628,76.1172,776.5,13.6,362.5,475.0,0.18,0.9,0.97,442.0,158.0,780.0,0.66,0.865,83.0,HIGH,170,HISTORICAL_SOURCE_AREA_NOT_A_RELOCATION_DESTINATION,DO_NOT_USE_AS_RELOCATION_DESTINATION,Synthetic historical-source-area demonstration record; not an official cadastral/hazard determination,SYNTHETIC_DEMO_NOT_OFFICIAL,SYNTHETIC_DEMO_POLYGON_NOT_OFFICIAL,DO_NOT_USE_AS_LEGAL_BOUNDARY,SYNTHETIC_DEMO_ONLY,NO,YES,NO
MEP-0171,Meppadi,Wayanad,Vythiri,MEP-DB-04,MEP-S-134,1,1040.0,0.104,Mixed/Residential,11.564,76.1172,785.0,15.0,250.0,500.0,0.36,0.45,0.7,460.0,170.0,800.0,0.3,0.55,90.0,HIGH,171,HISTORICAL_SOURCE_AREA_NOT_A_RELOCATION_DESTINATION,DO_NOT_USE_AS_RELOCATION_DESTINATION,Synthetic historical-source-area demonstration record; not an official cadastral/hazard determination,SYNTHETIC_DEMO_NOT_OFFICIAL,SYNTHETIC_DEMO_POLYGON_NOT_OFFICIAL,DO_NOT_USE_AS_LEGAL_BOUNDARY,SYNTHETIC_DEMO_ONLY,NO,YES,NO
MEP-0172,Meppadi,Wayanad,Vythiri,MEP-DB-04,MEP-S-134,2,1077.0,0.1077,Mixed/Residential,11.5652,76.1172,793.5,16.4,262.5,525.0,0.54,0.5,0.73,478.0,182.0,820.0,0.34,0.585,97.0,HIGH,172,HISTORICAL_SOURCE_AREA_NOT_A_RELOCATION_DESTINATION,DO_NOT_USE_AS_RELOCATION_DESTINATION,Synthetic historical-source-area demonstration record; not an official cadastral/hazard determination,SYNTHETIC_DEMO_NOT_OFFICIAL,SYNTHETIC_DEMO_POLYGON_NOT_OFFICIAL,DO_NOT_USE_AS_LEGAL_BOUNDARY,SYNTHETIC_DEMO_ONLY,NO,YES,NO
MEP-0173,Meppadi,Wayanad,Vythiri,MEP-DB-04,MEP-S-134,3,1114.0,0.1114,Mixed/Residential,11.5664,76.1172,802.0,17.8,275.0,550.0,0.72,0.55,0.76,496.0,194.0,840.0,0.38,0.62,74.0,HIGH,173,HISTORICAL_SOURCE_AREA_NOT_A_RELOCATION_DESTINATION,DO_NOT_USE_AS_RELOCATION_DESTINATION,Synthetic historical-source-area demonstration record; not an official cadastral/hazard determination,SYNTHETIC_DEMO_NOT_OFFICIAL,SYNTHETIC_DEMO_POLYGON_NOT_OFFICIAL,DO_NOT_USE_AS_LEGAL_BOUNDARY,SYNTHETIC_DEMO_ONLY,NO,YES,NO
MEP-0174,Meppadi,Wayanad,Vythiri,MEP-DB-04,MEP-S-134,4,1151.0,0.1151,Mixed/Residential,11.5676,76.1172,810.5,19.2,287.5,575.0,0.9,0.6,0.79,514.0,206.0,860.0,0.42,0.655,81.0,HIGH,174,HISTORICAL_SOURCE_AREA_NOT_A_RELOCATION_DESTINATION,DO_NOT_USE_AS_RELOCATION_DESTINATION,Synthetic historical-source-area demonstration record; not an official cadastral/hazard determination,SYNTHETIC_DEMO_NOT_OFFICIAL,SYNTHETIC_DEMO_POLYGON_NOT_OFFICIAL,DO_NOT_USE_AS_LEGAL_BOUNDARY,SYNTHETIC_DEMO_ONLY,NO,YES,NO
MEP-0175,Meppadi,Wayanad,Vythiri,MEP-DB-04,MEP-S-134,5,1188.0,0.1188,Mixed/Residential,11.5688,76.1172,819.0,20.6,300.0,600.0,0.0,0.65,0.82,532.0,218.0,880.0,0.46,0.69,88.0,HIGH,175,HISTORICAL_SOURCE_AREA_NOT_A_RELOCATION_DESTINATION,DO_NOT_USE_AS_RELOCATION_DESTINATION,Synthetic historical-source-area demonstration record; not an official cadastral/hazard determination,SYNTHETIC_DEMO_NOT_OFFICIAL,SYNTHETIC_DEMO_POLYGON_NOT_OFFICIAL,DO_NOT_USE_AS_LEGAL_BOUNDARY,SYNTHETIC_DEMO_ONLY,NO,YES,NO
MEP-0176,Meppadi,Wayanad,Vythiri,MEP-DB-04,MEP-S-135,1,300.0,0.03,Mixed/Residential,11.54,76.1184,827.5,22.0,312.5,625.0,0.18,0.7,0.85,550.0,230.0,900.0,0.5,0.725,95.0,HIGH,176,HISTORICAL_SOURCE_AREA_NOT_A_RELOCATION_DESTINATION,DO_NOT_USE_AS_RELOCATION_DESTINATION,Synthetic historical-source-area demonstration record; not an official cadastral/hazard determination,SYNTHETIC_DEMO_NOT_OFFICIAL,SYNTHETIC_DEMO_POLYGON_NOT_OFFICIAL,DO_NOT_USE_AS_LEGAL_BOUNDARY,SYNTHETIC_DEMO_ONLY,NO,YES,NO
MEP-0177,Meppadi,Wayanad,Vythiri,MEP-DB-04,MEP-S-135,2,337.0,0.0337,Mixed/Residential,11.5412,76.1184,836.0,23.4,325.0,650.0,0.36,0.75,0.88,568.0,242.0,920.0,0.54,0.76,72.0,HIGH,177,HISTORICAL_SOURCE_AREA_NOT_A_RELOCATION_DESTINATION,DO_NOT_USE_AS_RELOCATION_DESTINATION,Synthetic historical-source-area demonstration record; not an official cadastral/hazard determination,SYNTHETIC_DEMO_NOT_OFFICIAL,SYNTHETIC_DEMO_POLYGON_NOT_OFFICIAL,DO_NOT_USE_AS_LEGAL_BOUNDARY,SYNTHETIC_DEMO_ONLY,NO,YES,NO
MEP-0178,Meppadi,Wayanad,Vythiri,MEP-DB-04,MEP-S-135,3,374.0,0.0374,Mixed/Residential,11.5424,76.1184,844.5,24.8,337.5,675.0,0.54,0.8,0.91,586.0,254.0,940.0,0.58,0.795,79.0,HIGH,178,HISTORICAL_SOURCE_AREA_NOT_A_RELOCATION_DESTINATION,DO_NOT_USE_AS_RELOCATION_DESTINATION,Synthetic historical-source-area demonstration record; not an official cadastral/hazard determination,SYNTHETIC_DEMO_NOT_OFFICIAL,SYNTHETIC_DEMO_POLYGON_NOT_OFFICIAL,DO_NOT_USE_AS_LEGAL_BOUNDARY,SYNTHETIC_DEMO_ONLY,NO,YES,NO
MEP-0179,Meppadi,Wayanad,Vythiri,MEP-DB-04,MEP-S-135,4,411.0,0.0411,Mixed/Residential,11.5436,76.1184,853.0,26.2,350.0,700.0,0.72,0.85,0.94,604.0,266.0,960.0,0.62,0.83,86.0,HIGH,179,HISTORICAL_SOURCE_AREA_NOT_A_RELOCATION_DESTINATION,DO_NOT_USE_AS_RELOCATION_DESTINATION,Synthetic historical-source-area demonstration record; not an official cadastral/hazard determination,SYNTHETIC_DEMO_NOT_OFFICIAL,SYNTHETIC_DEMO_POLYGON_NOT_OFFICIAL,DO_NOT_USE_AS_LEGAL_BOUNDARY,SYNTHETIC_DEMO_ONLY,NO,YES,NO
MEP-0180,Meppadi,Wayanad,Vythiri,MEP-DB-04,MEP-S-135,5,448.0,0.0448,Mixed/Residential,11.5448,76.1184,861.5,27.6,362.5,725.0,0.9,0.9,0.97,622.0,278.0,980.0,0.66,0.865,93.0,HIGH,180,HISTORICAL_SOURCE_AREA_NOT_A_RELOCATION_DESTINATION,DO_NOT_USE_AS_RELOCATION_DESTINATION,Synthetic historical-source-area demonstration record; not an official cadastral/hazard determination,SYNTHETIC_DEMO_NOT_OFFICIAL,SYNTHETIC_DEMO_POLYGON_NOT_OFFICIAL,DO_NOT_USE_AS_LEGAL_BOUNDARY,SYNTHETIC_DEMO_ONLY,NO,YES,NO
MEP-0181,Meppadi,Wayanad,Vythiri,MEP-DB-04,MEP-S-136,1,485.0,0.0485,Mixed/Residential,11.546,76.1184,700.0,8.0,250.0,450.0,0.0,0.45,0.7,100.0,50.0,700.0,0.3,0.55,70.0,HIGH,181,HISTORICAL_SOURCE_AREA_NOT_A_RELOCATION_DESTINATION,DO_NOT_USE_AS_RELOCATION_DESTINATION,Synthetic historical-source-area demonstration record; not an official cadastral/hazard determination,SYNTHETIC_DEMO_NOT_OFFICIAL,SYNTHETIC_DEMO_POLYGON_NOT_OFFICIAL,DO_NOT_USE_AS_LEGAL_BOUNDARY,SYNTHETIC_DEMO_ONLY,NO,YES,NO
MEP-0182,Meppadi,Wayanad,Vythiri,MEP-DB-04,MEP-S-136,2,522.0,0.0522,Mixed/Residential,11.5472,76.1184,708.5,9.4,262.5,475.0,0.18,0.5,0.73,118.0,62.0,720.0,0.34,0.585,77.0,HIGH,182,HISTORICAL_SOURCE_AREA_NOT_A_RELOCATION_DESTINATION,DO_NOT_USE_AS_RELOCATION_DESTINATION,Synthetic historical-source-area demonstration record; not an official cadastral/hazard determination,SYNTHETIC_DEMO_NOT_OFFICIAL,SYNTHETIC_DEMO_POLYGON_NOT_OFFICIAL,DO_NOT_USE_AS_LEGAL_BOUNDARY,SYNTHETIC_DEMO_ONLY,NO,YES,NO
MEP-0183,Meppadi,Wayanad,Vythiri,MEP-DB-04,MEP-S-136,3,559.0,0.0559,Mixed/Residential,11.5484,76.1184,717.0,10.8,275.0,500.0,0.36,0.55,0.76,136.0,74.0,740.0,0.38,0.62,84.0,HIGH,183,HISTORICAL_SOURCE_AREA_NOT_A_RELOCATION_DESTINATION,DO_NOT_USE_AS_RELOCATION_DESTINATION,Synthetic historical-source-area demonstration record; not an official cadastral/hazard determination,SYNTHETIC_DEMO_NOT_OFFICIAL,SYNTHETIC_DEMO_POLYGON_NOT_OFFICIAL,DO_NOT_USE_AS_LEGAL_BOUNDARY,SYNTHETIC_DEMO_ONLY,NO,YES,NO
MEP-0184,Meppadi,Wayanad,Vythiri,MEP-DB-04,MEP-S-136,4,596.0,0.0596,Mixed/Residential,11.5496,76.1184,725.5,12.2,287.5,525.0,0.54,0.6,0.79,154.0,86.0,760.0,0.42,0.655,91.0,HIGH,184,HISTORICAL_SOURCE_AREA_NOT_A_RELOCATION_DESTINATION,DO_NOT_USE_AS_RELOCATION_DESTINATION,Synthetic historical-source-area demonstration record; not an official cadastral/hazard determination,SYNTHETIC_DEMO_NOT_OFFICIAL,SYNTHETIC_DEMO_POLYGON_NOT_OFFICIAL,DO_NOT_USE_AS_LEGAL_BOUNDARY,SYNTHETIC_DEMO_ONLY,NO,YES,NO
MEP-0185,Meppadi,Wayanad,Vythiri,MEP-DB-04,MEP-S-136,5,633.0,0.0633,Mixed/Residential,11.5508,76.1184,734.0,13.6,300.0,550.0,0.72,0.65,0.82,172.0,98.0,780.0,0.46,0.69,98.0,HIGH,185,HISTORICAL_SOURCE_AREA_NOT_A_RELOCATION_DESTINATION,DO_NOT_USE_AS_RELOCATION_DESTINATION,Synthetic historical-source-area demonstration record; not an official cadastral/hazard determination,SYNTHETIC_DEMO_NOT_OFFICIAL,SYNTHETIC_DEMO_POLYGON_NOT_OFFICIAL,DO_NOT_USE_AS_LEGAL_BOUNDARY,SYNTHETIC_DEMO_ONLY,NO,YES,NO
MEP-0186,Meppadi,Wayanad,Vythiri,MEP-DB-04,MEP-S-137,1,670.0,0.067,Mixed/Residential,11.552,76.1184,742.5,15.0,312.5,575.0,0.9,0.7,0.85,190.0,110.0,800.0,0.5,0.725,75.0,HIGH,186,HISTORICAL_SOURCE_AREA_NOT_A_RELOCATION_DESTINATION,DO_NOT_USE_AS_RELOCATION_DESTINATION,Synthetic historical-source-area demonstration record; not an official cadastral/hazard determination,SYNTHETIC_DEMO_NOT_OFFICIAL,SYNTHETIC_DEMO_POLYGON_NOT_OFFICIAL,DO_NOT_USE_AS_LEGAL_BOUNDARY,SYNTHETIC_DEMO_ONLY,NO,YES,NO
MEP-0187,Meppadi,Wayanad,Vythiri,MEP-DB-04,MEP-S-137,2,707.0,0.0707,Mixed/Residential,11.5532,76.1184,751.0,16.4,325.0,600.0,0.0,0.75,0.88,208.0,122.0,820.0,0.54,0.76,82.0,HIGH,187,HISTORICAL_SOURCE_AREA_NOT_A_RELOCATION_DESTINATION,DO_NOT_USE_AS_RELOCATION_DESTINATION,Synthetic historical-source-area demonstration record; not an official cadastral/hazard determination,SYNTHETIC_DEMO_NOT_OFFICIAL,SYNTHETIC_DEMO_POLYGON_NOT_OFFICIAL,DO_NOT_USE_AS_LEGAL_BOUNDARY,SYNTHETIC_DEMO_ONLY,NO,YES,NO
MEP-0188,Meppadi,Wayanad,Vythiri,MEP-DB-04,MEP-S-137,3,744.0,0.0744,Mixed/Residential,11.5544,76.1184,759.5,17.8,337.5,625.0,0.18,0.8,0.91,226.0,134.0,840.0,0.58,0.795,89.0,HIGH,188,HISTORICAL_SOURCE_AREA_NOT_A_RELOCATION_DESTINATION,DO_NOT_USE_AS_RELOCATION_DESTINATION,Synthetic historical-source-area demonstration record; not an official cadastral/hazard determination,SYNTHETIC_DEMO_NOT_OFFICIAL,SYNTHETIC_DEMO_POLYGON_NOT_OFFICIAL,DO_NOT_USE_AS_LEGAL_BOUNDARY,SYNTHETIC_DEMO_ONLY,NO,YES,NO
MEP-0189,Meppadi,Wayanad,Vythiri,MEP-DB-04,MEP-S-137,4,781.0,0.0781,Mixed/Residential,11.5556,76.1184,768.0,19.2,350.0,650.0,0.36,0.85,0.94,244.0,146.0,860.0,0.62,0.83,96.0,HIGH,189,HISTORICAL_SOURCE_AREA_NOT_A_RELOCATION_DESTINATION,DO_NOT_USE_AS_RELOCATION_DESTINATION,Synthetic historical-source-area demonstration record; not an official cadastral/hazard determination,SYNTHETIC_DEMO_NOT_OFFICIAL,SYNTHETIC_DEMO_POLYGON_NOT_OFFICIAL,DO_NOT_USE_AS_LEGAL_BOUNDARY,SYNTHETIC_DEMO_ONLY,NO,YES,NO
MEP-0190,Meppadi,Wayanad,Vythiri,MEP-DB-04,MEP-S-137,5,818.0,0.0818,Mixed/Residential,11.5568,76.1184,776.5,20.6,362.5,675.0,0.54,0.9,0.97,262.0,158.0,880.0,0.66,0.865,73.0,HIGH,190,HISTORICAL_SOURCE_AREA_NOT_A_RELOCATION_DESTINATION,DO_NOT_USE_AS_RELOCATION_DESTINATION,Synthetic historical-source-area demonstration record; not an official cadastral/hazard determination,SYNTHETIC_DEMO_NOT_OFFICIAL,SYNTHETIC_DEMO_POLYGON_NOT_OFFICIAL,DO_NOT_USE_AS_LEGAL_BOUNDARY,SYNTHETIC_DEMO_ONLY,NO,YES,NO
MEP-0191,Meppadi,Wayanad,Vythiri,MEP-DB-04,MEP-S-138,1,855.0,0.0855,Mixed/Residential,11.558,76.1184,785.0,22.0,250.0,700.0,0.72,0.45,0.7,280.0,170.0,900.0,0.3,0.55,80.0,HIGH,191,HISTORICAL_SOURCE_AREA_NOT_A_RELOCATION_DESTINATION,DO_NOT_USE_AS_RELOCATION_DESTINATION,Synthetic historical-source-area demonstration record; not an official cadastral/hazard determination,SYNTHETIC_DEMO_NOT_OFFICIAL,SYNTHETIC_DEMO_POLYGON_NOT_OFFICIAL,DO_NOT_USE_AS_LEGAL_BOUNDARY,SYNTHETIC_DEMO_ONLY,NO,YES,NO
MEP-0192,Meppadi,Wayanad,Vythiri,MEP-DB-04,MEP-S-138,2,892.0,0.0892,Mixed/Residential,11.5592,76.1184,793.5,23.4,262.5,725.0,0.9,0.5,0.73,298.0,182.0,920.0,0.34,0.585,87.0,HIGH,192,HISTORICAL_SOURCE_AREA_NOT_A_RELOCATION_DESTINATION,DO_NOT_USE_AS_RELOCATION_DESTINATION,Synthetic historical-source-area demonstration record; not an official cadastral/hazard determination,SYNTHETIC_DEMO_NOT_OFFICIAL,SYNTHETIC_DEMO_POLYGON_NOT_OFFICIAL,DO_NOT_USE_AS_LEGAL_BOUNDARY,SYNTHETIC_DEMO_ONLY,NO,YES,NO
MEP-0193,Meppadi,Wayanad,Vythiri,MEP-DB-04,MEP-S-138,3,929.0,0.0929,Mixed/Residential,11.5604,76.1184,802.0,24.8,275.0,450.0,0.0,0.55,0.76,316.0,194.0,940.0,0.38,0.62,94.0,HIGH,193,HISTORICAL_SOURCE_AREA_NOT_A_RELOCATION_DESTINATION,DO_NOT_USE_AS_RELOCATION_DESTINATION,Synthetic historical-source-area demonstration record; not an official cadastral/hazard determination,SYNTHETIC_DEMO_NOT_OFFICIAL,SYNTHETIC_DEMO_POLYGON_NOT_OFFICIAL,DO_NOT_USE_AS_LEGAL_BOUNDARY,SYNTHETIC_DEMO_ONLY,NO,YES,NO
MEP-0194,Meppadi,Wayanad,Vythiri,MEP-DB-04,MEP-S-138,4,966.0,0.0966,Mixed/Residential,11.5616,76.1184,810.5,26.2,287.5,475.0,0.18,0.6,0.79,334.0,206.0,960.0,0.42,0.655,71.0,HIGH,194,HISTORICAL_SOURCE_AREA_NOT_A_RELOCATION_DESTINATION,DO_NOT_USE_AS_RELOCATION_DESTINATION,Synthetic historical-source-area demonstration record; not an official cadastral/hazard determination,SYNTHETIC_DEMO_NOT_OFFICIAL,SYNTHETIC_DEMO_POLYGON_NOT_OFFICIAL,DO_NOT_USE_AS_LEGAL_BOUNDARY,SYNTHETIC_DEMO_ONLY,NO,YES,NO
MEP-0195,Meppadi,Wayanad,Vythiri,MEP-DB-04,MEP-S-138,5,1003.0,0.1003,Mixed/Residential,11.5628,76.1184,819.0,27.6,300.0,500.0,0.36,0.65,0.82,352.0,218.0,980.0,0.46,0.69,78.0,HIGH,195,HISTORICAL_SOURCE_AREA_NOT_A_RELOCATION_DESTINATION,DO_NOT_USE_AS_RELOCATION_DESTINATION,Synthetic historical-source-area demonstration record; not an official cadastral/hazard determination,SYNTHETIC_DEMO_NOT_OFFICIAL,SYNTHETIC_DEMO_POLYGON_NOT_OFFICIAL,DO_NOT_USE_AS_LEGAL_BOUNDARY,SYNTHETIC_DEMO_ONLY,NO,YES,NO
MEP-0196,Meppadi,Wayanad,Vythiri,MEP-DB-04,MEP-S-139,1,1040.0,0.104,Mixed/Residential,11.564,76.1184,827.5,8.0,312.5,525.0,0.54,0.7,0.85,370.0,230.0,700.0,0.5,0.725,85.0,HIGH,196,HISTORICAL_SOURCE_AREA_NOT_A_RELOCATION_DESTINATION,DO_NOT_USE_AS_RELOCATION_DESTINATION,Synthetic historical-source-area demonstration record; not an official cadastral/hazard determination,SYNTHETIC_DEMO_NOT_OFFICIAL,SYNTHETIC_DEMO_POLYGON_NOT_OFFICIAL,DO_NOT_USE_AS_LEGAL_BOUNDARY,SYNTHETIC_DEMO_ONLY,NO,YES,NO
MEP-0197,Meppadi,Wayanad,Vythiri,MEP-DB-04,MEP-S-139,2,1077.0,0.1077,Mixed/Residential,11.5652,76.1184,836.0,9.4,325.0,550.0,0.72,0.75,0.88,388.0,242.0,720.0,0.54,0.76,92.0,HIGH,197,HISTORICAL_SOURCE_AREA_NOT_A_RELOCATION_DESTINATION,DO_NOT_USE_AS_RELOCATION_DESTINATION,Synthetic historical-source-area demonstration record; not an official cadastral/hazard determination,SYNTHETIC_DEMO_NOT_OFFICIAL,SYNTHETIC_DEMO_POLYGON_NOT_OFFICIAL,DO_NOT_USE_AS_LEGAL_BOUNDARY,SYNTHETIC_DEMO_ONLY,NO,YES,NO
MEP-0198,Meppadi,Wayanad,Vythiri,MEP-DB-04,MEP-S-139,3,1114.0,0.1114,Mixed/Residential,11.5664,76.1184,844.5,10.8,337.5,575.0,0.9,0.8,0.91,406.0,254.0,740.0,0.58,0.795,99.0,HIGH,198,HISTORICAL_SOURCE_AREA_NOT_A_RELOCATION_DESTINATION,DO_NOT_USE_AS_RELOCATION_DESTINATION,Synthetic historical-source-area demonstration record; not an official cadastral/hazard determination,SYNTHETIC_DEMO_NOT_OFFICIAL,SYNTHETIC_DEMO_POLYGON_NOT_OFFICIAL,DO_NOT_USE_AS_LEGAL_BOUNDARY,SYNTHETIC_DEMO_ONLY,NO,YES,NO
MEP-0199,Meppadi,Wayanad,Vythiri,MEP-DB-04,MEP-S-139,4,1151.0,0.1151,Mixed/Residential,11.5676,76.1184,853.0,12.2,350.0,600.0,0.0,0.85,0.94,424.0,266.0,760.0,0.62,0.83,76.0,HIGH,199,HISTORICAL_SOURCE_AREA_NOT_A_RELOCATION_DESTINATION,DO_NOT_USE_AS_RELOCATION_DESTINATION,Synthetic historical-source-area demonstration record; not an official cadastral/hazard determination,SYNTHETIC_DEMO_NOT_OFFICIAL,SYNTHETIC_DEMO_POLYGON_NOT_OFFICIAL,DO_NOT_USE_AS_LEGAL_BOUNDARY,SYNTHETIC_DEMO_ONLY,NO,YES,NO
MEP-0200,Meppadi,Wayanad,Vythiri,MEP-DB-04,MEP-S-139,5,1188.0,0.1188,Mixed/Residential,11.5688,76.1184,861.5,13.6,362.5,625.0,0.18,0.9,0.97,442.0,278.0,780.0,0.66,0.865,83.0,HIGH,200,HISTORICAL_SOURCE_AREA_NOT_A_RELOCATION_DESTINATION,DO_NOT_USE_AS_RELOCATION_DESTINATION,Synthetic historical-source-area demonstration record; not an official cadastral/hazard determination,SYNTHETIC_DEMO_NOT_OFFICIAL,SYNTHETIC_DEMO_POLYGON_NOT_OFFICIAL,DO_NOT_USE_AS_LEGAL_BOUNDARY,SYNTHETIC_DEMO_ONLY,NO,YES,NO
MEP-0201,Meppadi,Wayanad,Vythiri,MEP-DB-05,MEP-S-140,1,300.0,0.03,Mixed/Residential,11.54,76.1196,700.0,15.0,250.0,650.0,0.36,0.45,0.7,460.0,50.0,800.0,0.3,0.55,90.0,HIGH,201,HISTORICAL_SOURCE_AREA_NOT_A_RELOCATION_DESTINATION,DO_NOT_USE_AS_RELOCATION_DESTINATION,Synthetic historical-source-area demonstration record; not an official cadastral/hazard determination,SYNTHETIC_DEMO_NOT_OFFICIAL,SYNTHETIC_DEMO_POLYGON_NOT_OFFICIAL,DO_NOT_USE_AS_LEGAL_BOUNDARY,SYNTHETIC_DEMO_ONLY,NO,YES,NO
MEP-0202,Meppadi,Wayanad,Vythiri,MEP-DB-05,MEP-S-140,2,337.0,0.0337,Mixed/Residential,11.5412,76.1196,708.5,16.4,262.5,675.0,0.54,0.5,0.73,478.0,62.0,820.0,0.34,0.585,97.0,HIGH,202,HISTORICAL_SOURCE_AREA_NOT_A_RELOCATION_DESTINATION,DO_NOT_USE_AS_RELOCATION_DESTINATION,Synthetic historical-source-area demonstration record; not an official cadastral/hazard determination,SYNTHETIC_DEMO_NOT_OFFICIAL,SYNTHETIC_DEMO_POLYGON_NOT_OFFICIAL,DO_NOT_USE_AS_LEGAL_BOUNDARY,SYNTHETIC_DEMO_ONLY,NO,YES,NO
MEP-0203,Meppadi,Wayanad,Vythiri,MEP-DB-05,MEP-S-140,3,374.0,0.0374,Mixed/Residential,11.5424,76.1196,717.0,17.8,275.0,700.0,0.72,0.55,0.76,496.0,74.0,840.0,0.38,0.62,74.0,HIGH,203,HISTORICAL_SOURCE_AREA_NOT_A_RELOCATION_DESTINATION,DO_NOT_USE_AS_RELOCATION_DESTINATION,Synthetic historical-source-area demonstration record; not an official cadastral/hazard determination,SYNTHETIC_DEMO_NOT_OFFICIAL,SYNTHETIC_DEMO_POLYGON_NOT_OFFICIAL,DO_NOT_USE_AS_LEGAL_BOUNDARY,SYNTHETIC_DEMO_ONLY,NO,YES,NO
MEP-0204,Meppadi,Wayanad,Vythiri,MEP-DB-05,MEP-S-140,4,411.0,0.0411,Mixed/Residential,11.5436,76.1196,725.5,19.2,287.5,725.0,0.9,0.6,0.79,514.0,86.0,860.0,0.42,0.655,81.0,HIGH,204,HISTORICAL_SOURCE_AREA_NOT_A_RELOCATION_DESTINATION,DO_NOT_USE_AS_RELOCATION_DESTINATION,Synthetic historical-source-area demonstration record; not an official cadastral/hazard determination,SYNTHETIC_DEMO_NOT_OFFICIAL,SYNTHETIC_DEMO_POLYGON_NOT_OFFICIAL,DO_NOT_USE_AS_LEGAL_BOUNDARY,SYNTHETIC_DEMO_ONLY,NO,YES,NO
MEP-0205,Meppadi,Wayanad,Vythiri,MEP-DB-05,MEP-S-140,5,448.0,0.0448,Mixed/Residential,11.5448,76.1196,734.0,20.6,300.0,450.0,0.0,0.65,0.82,532.0,98.0,880.0,0.46,0.69,88.0,HIGH,205,HISTORICAL_SOURCE_AREA_NOT_A_RELOCATION_DESTINATION,DO_NOT_USE_AS_RELOCATION_DESTINATION,Synthetic historical-source-area demonstration record; not an official cadastral/hazard determination,SYNTHETIC_DEMO_NOT_OFFICIAL,SYNTHETIC_DEMO_POLYGON_NOT_OFFICIAL,DO_NOT_USE_AS_LEGAL_BOUNDARY,SYNTHETIC_DEMO_ONLY,NO,YES,NO
MEP-0206,Meppadi,Wayanad,Vythiri,MEP-DB-05,MEP-S-141,1,485.0,0.0485,Mixed/Residential,11.546,76.1196,742.5,22.0,312.5,475.0,0.18,0.7,0.85,550.0,110.0,900.0,0.5,0.725,95.0,HIGH,206,HISTORICAL_SOURCE_AREA_NOT_A_RELOCATION_DESTINATION,DO_NOT_USE_AS_RELOCATION_DESTINATION,Synthetic historical-source-area demonstration record; not an official cadastral/hazard determination,SYNTHETIC_DEMO_NOT_OFFICIAL,SYNTHETIC_DEMO_POLYGON_NOT_OFFICIAL,DO_NOT_USE_AS_LEGAL_BOUNDARY,SYNTHETIC_DEMO_ONLY,NO,YES,NO
MEP-0207,Meppadi,Wayanad,Vythiri,MEP-DB-05,MEP-S-141,2,522.0,0.0522,Mixed/Residential,11.5472,76.1196,751.0,23.4,325.0,500.0,0.36,0.75,0.88,568.0,122.0,920.0,0.54,0.76,72.0,HIGH,207,HISTORICAL_SOURCE_AREA_NOT_A_RELOCATION_DESTINATION,DO_NOT_USE_AS_RELOCATION_DESTINATION,Synthetic historical-source-area demonstration record; not an official cadastral/hazard determination,SYNTHETIC_DEMO_NOT_OFFICIAL,SYNTHETIC_DEMO_POLYGON_NOT_OFFICIAL,DO_NOT_USE_AS_LEGAL_BOUNDARY,SYNTHETIC_DEMO_ONLY,NO,YES,NO
MEP-0208,Meppadi,Wayanad,Vythiri,MEP-DB-05,MEP-S-141,3,559.0,0.0559,Mixed/Residential,11.5484,76.1196,759.5,24.8,337.5,525.0,0.54,0.8,0.91,586.0,134.0,940.0,0.58,0.795,79.0,HIGH,208,HISTORICAL_SOURCE_AREA_NOT_A_RELOCATION_DESTINATION,DO_NOT_USE_AS_RELOCATION_DESTINATION,Synthetic historical-source-area demonstration record; not an official cadastral/hazard determination,SYNTHETIC_DEMO_NOT_OFFICIAL,SYNTHETIC_DEMO_POLYGON_NOT_OFFICIAL,DO_NOT_USE_AS_LEGAL_BOUNDARY,SYNTHETIC_DEMO_ONLY,NO,YES,NO
MEP-0209,Meppadi,Wayanad,Vythiri,MEP-DB-05,MEP-S-141,4,596.0,0.0596,Mixed/Residential,11.5496,76.1196,768.0,26.2,350.0,550.0,0.72,0.85,0.94,604.0,146.0,960.0,0.62,0.83,86.0,HIGH,209,HISTORICAL_SOURCE_AREA_NOT_A_RELOCATION_DESTINATION,DO_NOT_USE_AS_RELOCATION_DESTINATION,Synthetic historical-source-area demonstration record; not an official cadastral/hazard determination,SYNTHETIC_DEMO_NOT_OFFICIAL,SYNTHETIC_DEMO_POLYGON_NOT_OFFICIAL,DO_NOT_USE_AS_LEGAL_BOUNDARY,SYNTHETIC_DEMO_ONLY,NO,YES,NO
MEP-0210,Meppadi,Wayanad,Vythiri,MEP-DB-05,MEP-S-141,5,633.0,0.0633,Mixed/Residential,11.5508,76.1196,776.5,27.6,362.5,575.0,0.9,0.9,0.97,622.0,158.0,980.0,0.66,0.865,93.0,HIGH,210,HISTORICAL_SOURCE_AREA_NOT_A_RELOCATION_DESTINATION,DO_NOT_USE_AS_RELOCATION_DESTINATION,Synthetic historical-source-area demonstration record; not an official cadastral/hazard determination,SYNTHETIC_DEMO_NOT_OFFICIAL,SYNTHETIC_DEMO_POLYGON_NOT_OFFICIAL,DO_NOT_USE_AS_LEGAL_BOUNDARY,SYNTHETIC_DEMO_ONLY,NO,YES,NO
MEP-0211,Meppadi,Wayanad,Vythiri,MEP-DB-05,MEP-S-142,1,670.0,0.067,Mixed/Residential,11.552,76.1196,785.0,8.0,250.0,600.0,0.0,0.45,0.7,100.0,170.0,700.0,0.3,0.55,70.0,HIGH,211,HISTORICAL_SOURCE_AREA_NOT_A_RELOCATION_DESTINATION,DO_NOT_USE_AS_RELOCATION_DESTINATION,Synthetic historical-source-area demonstration record; not an official cadastral/hazard determination,SYNTHETIC_DEMO_NOT_OFFICIAL,SYNTHETIC_DEMO_POLYGON_NOT_OFFICIAL,DO_NOT_USE_AS_LEGAL_BOUNDARY,SYNTHETIC_DEMO_ONLY,NO,YES,NO
MEP-0212,Meppadi,Wayanad,Vythiri,MEP-DB-05,MEP-S-142,2,707.0,0.0707,Mixed/Residential,11.5532,76.1196,793.5,9.4,262.5,625.0,0.18,0.5,0.73,118.0,182.0,720.0,0.34,0.585,77.0,HIGH,212,HISTORICAL_SOURCE_AREA_NOT_A_RELOCATION_DESTINATION,DO_NOT_USE_AS_RELOCATION_DESTINATION,Synthetic historical-source-area demonstration record; not an official cadastral/hazard determination,SYNTHETIC_DEMO_NOT_OFFICIAL,SYNTHETIC_DEMO_POLYGON_NOT_OFFICIAL,DO_NOT_USE_AS_LEGAL_BOUNDARY,SYNTHETIC_DEMO_ONLY,NO,YES,NO
MEP-0213,Meppadi,Wayanad,Vythiri,MEP-DB-05,MEP-S-142,3,744.0,0.0744,Mixed/Residential,11.5544,76.1196,802.0,10.8,275.0,650.0,0.36,0.55,0.76,136.0,194.0,740.0,0.38,0.62,84.0,HIGH,213,HISTORICAL_SOURCE_AREA_NOT_A_RELOCATION_DESTINATION,DO_NOT_USE_AS_RELOCATION_DESTINATION,Synthetic historical-source-area demonstration record; not an official cadastral/hazard determination,SYNTHETIC_DEMO_NOT_OFFICIAL,SYNTHETIC_DEMO_POLYGON_NOT_OFFICIAL,DO_NOT_USE_AS_LEGAL_BOUNDARY,SYNTHETIC_DEMO_ONLY,NO,YES,NO
MEP-0214,Meppadi,Wayanad,Vythiri,MEP-DB-05,MEP-S-142,4,781.0,0.0781,Mixed/Residential,11.5556,76.1196,810.5,12.2,287.5,675.0,0.54,0.6,0.79,154.0,206.0,760.0,0.42,0.655,91.0,HIGH,214,HISTORICAL_SOURCE_AREA_NOT_A_RELOCATION_DESTINATION,DO_NOT_USE_AS_RELOCATION_DESTINATION,Synthetic historical-source-area demonstration record; not an official cadastral/hazard determination,SYNTHETIC_DEMO_NOT_OFFICIAL,SYNTHETIC_DEMO_POLYGON_NOT_OFFICIAL,DO_NOT_USE_AS_LEGAL_BOUNDARY,SYNTHETIC_DEMO_ONLY,NO,YES,NO
MEP-0215,Meppadi,Wayanad,Vythiri,MEP-DB-05,MEP-S-142,5,818.0,0.0818,Mixed/Residential,11.5568,76.1196,819.0,13.6,300.0,700.0,0.72,0.65,0.82,172.0,218.0,780.0,0.46,0.69,98.0,HIGH,215,HISTORICAL_SOURCE_AREA_NOT_A_RELOCATION_DESTINATION,DO_NOT_USE_AS_RELOCATION_DESTINATION,Synthetic historical-source-area demonstration record; not an official cadastral/hazard determination,SYNTHETIC_DEMO_NOT_OFFICIAL,SYNTHETIC_DEMO_POLYGON_NOT_OFFICIAL,DO_NOT_USE_AS_LEGAL_BOUNDARY,SYNTHETIC_DEMO_ONLY,NO,YES,NO
MEP-0216,Meppadi,Wayanad,Vythiri,MEP-DB-05,MEP-S-143,1,855.0,0.0855,Mixed/Residential,11.558,76.1196,827.5,15.0,312.5,725.0,0.9,0.7,0.85,190.0,230.0,800.0,0.5,0.725,75.0,HIGH,216,HISTORICAL_SOURCE_AREA_NOT_A_RELOCATION_DESTINATION,DO_NOT_USE_AS_RELOCATION_DESTINATION,Synthetic historical-source-area demonstration record; not an official cadastral/hazard determination,SYNTHETIC_DEMO_NOT_OFFICIAL,SYNTHETIC_DEMO_POLYGON_NOT_OFFICIAL,DO_NOT_USE_AS_LEGAL_BOUNDARY,SYNTHETIC_DEMO_ONLY,NO,YES,NO
MEP-0217,Meppadi,Wayanad,Vythiri,MEP-DB-05,MEP-S-143,2,892.0,0.0892,Mixed/Residential,11.5592,76.1196,836.0,16.4,325.0,450.0,0.0,0.75,0.88,208.0,242.0,820.0,0.54,0.76,82.0,HIGH,217,HISTORICAL_SOURCE_AREA_NOT_A_RELOCATION_DESTINATION,DO_NOT_USE_AS_RELOCATION_DESTINATION,Synthetic historical-source-area demonstration record; not an official cadastral/hazard determination,SYNTHETIC_DEMO_NOT_OFFICIAL,SYNTHETIC_DEMO_POLYGON_NOT_OFFICIAL,DO_NOT_USE_AS_LEGAL_BOUNDARY,SYNTHETIC_DEMO_ONLY,NO,YES,NO
MEP-0218,Meppadi,Wayanad,Vythiri,MEP-DB-05,MEP-S-143,3,929.0,0.0929,Mixed/Residential,11.5604,76.1196,844.5,17.8,337.5,475.0,0.18,0.8,0.91,226.0,254.0,840.0,0.58,0.795,89.0,HIGH,218,HISTORICAL_SOURCE_AREA_NOT_A_RELOCATION_DESTINATION,DO_NOT_USE_AS_RELOCATION_DESTINATION,Synthetic historical-source-area demonstration record; not an official cadastral/hazard determination,SYNTHETIC_DEMO_NOT_OFFICIAL,SYNTHETIC_DEMO_POLYGON_NOT_OFFICIAL,DO_NOT_USE_AS_LEGAL_BOUNDARY,SYNTHETIC_DEMO_ONLY,NO,YES,NO
MEP-0219,Meppadi,Wayanad,Vythiri,MEP-DB-05,MEP-S-143,4,966.0,0.0966,Mixed/Residential,11.5616,76.1196,853.0,19.2,350.0,500.0,0.36,0.85,0.94,244.0,266.0,860.0,0.62,0.83,96.0,HIGH,219,HISTORICAL_SOURCE_AREA_NOT_A_RELOCATION_DESTINATION,DO_NOT_USE_AS_RELOCATION_DESTINATION,Synthetic historical-source-area demonstration record; not an official cadastral/hazard determination,SYNTHETIC_DEMO_NOT_OFFICIAL,SYNTHETIC_DEMO_POLYGON_NOT_OFFICIAL,DO_NOT_USE_AS_LEGAL_BOUNDARY,SYNTHETIC_DEMO_ONLY,NO,YES,NO
MEP-0220,Meppadi,Wayanad,Vythiri,MEP-DB-05,MEP-S-143,5,1003.0,0.1003,Mixed/Residential,11.5628,76.1196,861.5,20.6,362.5,525.0,0.54,0.9,0.97,262.0,278.0,880.0,0.66,0.865,73.0,HIGH,220,HISTORICAL_SOURCE_AREA_NOT_A_RELOCATION_DESTINATION,DO_NOT_USE_AS_RELOCATION_DESTINATION,Synthetic historical-source-area demonstration record; not an official cadastral/hazard determination,SYNTHETIC_DEMO_NOT_OFFICIAL,SYNTHETIC_DEMO_POLYGON_NOT_OFFICIAL,DO_NOT_USE_AS_LEGAL_BOUNDARY,SYNTHETIC_DEMO_ONLY,NO,YES,NO
MEP-0221,Meppadi,Wayanad,Vythiri,MEP-DB-05,MEP-S-144,1,1040.0,0.104,Mixed/Residential,11.564,76.1196,700.0,22.0,250.0,550.0,0.72,0.45,0.7,280.0,50.0,900.0,0.3,0.55,80.0,HIGH,221,HISTORICAL_SOURCE_AREA_NOT_A_RELOCATION_DESTINATION,DO_NOT_USE_AS_RELOCATION_DESTINATION,Synthetic historical-source-area demonstration record; not an official cadastral/hazard determination,SYNTHETIC_DEMO_NOT_OFFICIAL,SYNTHETIC_DEMO_POLYGON_NOT_OFFICIAL,DO_NOT_USE_AS_LEGAL_BOUNDARY,SYNTHETIC_DEMO_ONLY,NO,YES,NO
MEP-0222,Meppadi,Wayanad,Vythiri,MEP-DB-05,MEP-S-144,2,1077.0,0.1077,Mixed/Residential,11.5652,76.1196,708.5,23.4,262.5,575.0,0.9,0.5,0.73,298.0,62.0,920.0,0.34,0.585,87.0,HIGH,222,HISTORICAL_SOURCE_AREA_NOT_A_RELOCATION_DESTINATION,DO_NOT_USE_AS_RELOCATION_DESTINATION,Synthetic historical-source-area demonstration record; not an official cadastral/hazard determination,SYNTHETIC_DEMO_NOT_OFFICIAL,SYNTHETIC_DEMO_POLYGON_NOT_OFFICIAL,DO_NOT_USE_AS_LEGAL_BOUNDARY,SYNTHETIC_DEMO_ONLY,NO,YES,NO
MEP-0223,Meppadi,Wayanad,Vythiri,MEP-DB-05,MEP-S-144,3,1114.0,0.1114,Mixed/Residential,11.5664,76.1196,717.0,24.8,275.0,600.0,0.0,0.55,0.76,316.0,74.0,940.0,0.38,0.62,94.0,HIGH,223,HISTORICAL_SOURCE_AREA_NOT_A_RELOCATION_DESTINATION,DO_NOT_USE_AS_RELOCATION_DESTINATION,Synthetic historical-source-area demonstration record; not an official cadastral/hazard determination,SYNTHETIC_DEMO_NOT_OFFICIAL,SYNTHETIC_DEMO_POLYGON_NOT_OFFICIAL,DO_NOT_USE_AS_LEGAL_BOUNDARY,SYNTHETIC_DEMO_ONLY,NO,YES,NO
MEP-0224,Meppadi,Wayanad,Vythiri,MEP-DB-05,MEP-S-144,4,1151.0,0.1151,Mixed/Residential,11.5676,76.1196,725.5,26.2,287.5,625.0,0.18,0.6,0.79,334.0,86.0,960.0,0.42,0.655,71.0,HIGH,224,HISTORICAL_SOURCE_AREA_NOT_A_RELOCATION_DESTINATION,DO_NOT_USE_AS_RELOCATION_DESTINATION,Synthetic historical-source-area demonstration record; not an official cadastral/hazard determination,SYNTHETIC_DEMO_NOT_OFFICIAL,SYNTHETIC_DEMO_POLYGON_NOT_OFFICIAL,DO_NOT_USE_AS_LEGAL_BOUNDARY,SYNTHETIC_DEMO_ONLY,NO,YES,NO
MEP-0225,Meppadi,Wayanad,Vythiri,MEP-DB-05,MEP-S-144,5,1188.0,0.1188,Mixed/Residential,11.5688,76.1196,734.0,27.6,300.0,650.0,0.36,0.65,0.82,352.0,98.0,980.0,0.46,0.69,78.0,HIGH,225,HISTORICAL_SOURCE_AREA_NOT_A_RELOCATION_DESTINATION,DO_NOT_USE_AS_RELOCATION_DESTINATION,Synthetic historical-source-area demonstration record; not an official cadastral/hazard determination,SYNTHETIC_DEMO_NOT_OFFICIAL,SYNTHETIC_DEMO_POLYGON_NOT_OFFICIAL,DO_NOT_USE_AS_LEGAL_BOUNDARY,SYNTHETIC_DEMO_ONLY,NO,YES,NO
MEP-0226,Meppadi,Wayanad,Vythiri,MEP-DB-05,MEP-S-145,1,300.0,0.03,Mixed/Residential,11.54,76.1208,742.5,8.0,312.5,675.0,0.54,0.7,0.85,370.0,110.0,700.0,0.5,0.725,85.0,HIGH,226,HISTORICAL_SOURCE_AREA_NOT_A_RELOCATION_DESTINATION,DO_NOT_USE_AS_RELOCATION_DESTINATION,Synthetic historical-source-area demonstration record; not an official cadastral/hazard determination,SYNTHETIC_DEMO_NOT_OFFICIAL,SYNTHETIC_DEMO_POLYGON_NOT_OFFICIAL,DO_NOT_USE_AS_LEGAL_BOUNDARY,SYNTHETIC_DEMO_ONLY,NO,YES,NO
MEP-0227,Meppadi,Wayanad,Vythiri,MEP-DB-05,MEP-S-145,2,337.0,0.0337,Mixed/Residential,11.5412,76.1208,751.0,9.4,325.0,700.0,0.72,0.75,0.88,388.0,122.0,720.0,0.54,0.76,92.0,HIGH,227,HISTORICAL_SOURCE_AREA_NOT_A_RELOCATION_DESTINATION,DO_NOT_USE_AS_RELOCATION_DESTINATION,Synthetic historical-source-area demonstration record; not an official cadastral/hazard determination,SYNTHETIC_DEMO_NOT_OFFICIAL,SYNTHETIC_DEMO_POLYGON_NOT_OFFICIAL,DO_NOT_USE_AS_LEGAL_BOUNDARY,SYNTHETIC_DEMO_ONLY,NO,YES,NO
MEP-0228,Meppadi,Wayanad,Vythiri,MEP-DB-05,MEP-S-145,3,374.0,0.0374,Mixed/Residential,11.5424,76.1208,759.5,10.8,337.5,725.0,0.9,0.8,0.91,406.0,134.0,740.0,0.58,0.795,99.0,HIGH,228,HISTORICAL_SOURCE_AREA_NOT_A_RELOCATION_DESTINATION,DO_NOT_USE_AS_RELOCATION_DESTINATION,Synthetic historical-source-area demonstration record; not an official cadastral/hazard determination,SYNTHETIC_DEMO_NOT_OFFICIAL,SYNTHETIC_DEMO_POLYGON_NOT_OFFICIAL,DO_NOT_USE_AS_LEGAL_BOUNDARY,SYNTHETIC_DEMO_ONLY,NO,YES,NO
MEP-0229,Meppadi,Wayanad,Vythiri,MEP-DB-05,MEP-S-145,4,411.0,0.0411,Mixed/Residential,11.5436,76.1208,768.0,12.2,350.0,450.0,0.0,0.85,0.94,424.0,146.0,760.0,0.62,0.83,76.0,HIGH,229,HISTORICAL_SOURCE_AREA_NOT_A_RELOCATION_DESTINATION,DO_NOT_USE_AS_RELOCATION_DESTINATION,Synthetic historical-source-area demonstration record; not an official cadastral/hazard determination,SYNTHETIC_DEMO_NOT_OFFICIAL,SYNTHETIC_DEMO_POLYGON_NOT_OFFICIAL,DO_NOT_USE_AS_LEGAL_BOUNDARY,SYNTHETIC_DEMO_ONLY,NO,YES,NO
MEP-0230,Meppadi,Wayanad,Vythiri,MEP-DB-05,MEP-S-145,5,448.0,0.0448,Mixed/Residential,11.5448,76.1208,776.5,13.6,362.5,475.0,0.18,0.9,0.97,442.0,158.0,780.0,0.66,0.865,83.0,HIGH,230,HISTORICAL_SOURCE_AREA_NOT_A_RELOCATION_DESTINATION,DO_NOT_USE_AS_RELOCATION_DESTINATION,Synthetic historical-source-area demonstration record; not an official cadastral/hazard determination,SYNTHETIC_DEMO_NOT_OFFICIAL,SYNTHETIC_DEMO_POLYGON_NOT_OFFICIAL,DO_NOT_USE_AS_LEGAL_BOUNDARY,SYNTHETIC_DEMO_ONLY,NO,YES,NO
MEP-0231,Meppadi,Wayanad,Vythiri,MEP-DB-05,MEP-S-146,1,485.0,0.0485,Mixed/Residential,11.546,76.1208,785.0,15.0,250.0,500.0,0.36,0.45,0.7,460.0,170.0,800.0,0.3,0.55,90.0,HIGH,231,HISTORICAL_SOURCE_AREA_NOT_A_RELOCATION_DESTINATION,DO_NOT_USE_AS_RELOCATION_DESTINATION,Synthetic historical-source-area demonstration record; not an official cadastral/hazard determination,SYNTHETIC_DEMO_NOT_OFFICIAL,SYNTHETIC_DEMO_POLYGON_NOT_OFFICIAL,DO_NOT_USE_AS_LEGAL_BOUNDARY,SYNTHETIC_DEMO_ONLY,NO,YES,NO
MEP-0232,Meppadi,Wayanad,Vythiri,MEP-DB-05,MEP-S-146,2,522.0,0.0522,Mixed/Residential,11.5472,76.1208,793.5,16.4,262.5,525.0,0.54,0.5,0.73,478.0,182.0,820.0,0.34,0.585,97.0,HIGH,232,HISTORICAL_SOURCE_AREA_NOT_A_RELOCATION_DESTINATION,DO_NOT_USE_AS_RELOCATION_DESTINATION,Synthetic historical-source-area demonstration record; not an official cadastral/hazard determination,SYNTHETIC_DEMO_NOT_OFFICIAL,SYNTHETIC_DEMO_POLYGON_NOT_OFFICIAL,DO_NOT_USE_AS_LEGAL_BOUNDARY,SYNTHETIC_DEMO_ONLY,NO,YES,NO
MEP-0233,Meppadi,Wayanad,Vythiri,MEP-DB-05,MEP-S-146,3,559.0,0.0559,Mixed/Residential,11.5484,76.1208,802.0,17.8,275.0,550.0,0.72,0.55,0.76,496.0,194.0,840.0,0.38,0.62,74.0,HIGH,233,HISTORICAL_SOURCE_AREA_NOT_A_RELOCATION_DESTINATION,DO_NOT_USE_AS_RELOCATION_DESTINATION,Synthetic historical-source-area demonstration record; not an official cadastral/hazard determination,SYNTHETIC_DEMO_NOT_OFFICIAL,SYNTHETIC_DEMO_POLYGON_NOT_OFFICIAL,DO_NOT_USE_AS_LEGAL_BOUNDARY,SYNTHETIC_DEMO_ONLY,NO,YES,NO
MEP-0234,Meppadi,Wayanad,Vythiri,MEP-DB-05,MEP-S-146,4,596.0,0.0596,Mixed/Residential,11.5496,76.1208,810.5,19.2,287.5,575.0,0.9,0.6,0.79,514.0,206.0,860.0,0.42,0.655,81.0,HIGH,234,HISTORICAL_SOURCE_AREA_NOT_A_RELOCATION_DESTINATION,DO_NOT_USE_AS_RELOCATION_DESTINATION,Synthetic historical-source-area demonstration record; not an official cadastral/hazard determination,SYNTHETIC_DEMO_NOT_OFFICIAL,SYNTHETIC_DEMO_POLYGON_NOT_OFFICIAL,DO_NOT_USE_AS_LEGAL_BOUNDARY,SYNTHETIC_DEMO_ONLY,NO,YES,NO
MEP-0235,Meppadi,Wayanad,Vythiri,MEP-DB-05,MEP-S-146,5,633.0,0.0633,Mixed/Residential,11.5508,76.1208,819.0,20.6,300.0,600.0,0.0,0.65,0.82,532.0,218.0,880.0,0.46,0.69,88.0,HIGH,235,HISTORICAL_SOURCE_AREA_NOT_A_RELOCATION_DESTINATION,DO_NOT_USE_AS_RELOCATION_DESTINATION,Synthetic historical-source-area demonstration record; not an official cadastral/hazard determination,SYNTHETIC_DEMO_NOT_OFFICIAL,SYNTHETIC_DEMO_POLYGON_NOT_OFFICIAL,DO_NOT_USE_AS_LEGAL_BOUNDARY,SYNTHETIC_DEMO_ONLY,NO,YES,NO
MEP-0236,Meppadi,Wayanad,Vythiri,MEP-DB-05,MEP-S-147,1,670.0,0.067,Mixed/Residential,11.552,76.1208,827.5,22.0,312.5,625.0,0.18,0.7,0.85,550.0,230.0,900.0,0.5,0.725,95.0,HIGH,236,HISTORICAL_SOURCE_AREA_NOT_A_RELOCATION_DESTINATION,DO_NOT_USE_AS_RELOCATION_DESTINATION,Synthetic historical-source-area demonstration record; not an official cadastral/hazard determination,SYNTHETIC_DEMO_NOT_OFFICIAL,SYNTHETIC_DEMO_POLYGON_NOT_OFFICIAL,DO_NOT_USE_AS_LEGAL_BOUNDARY,SYNTHETIC_DEMO_ONLY,NO,YES,NO
MEP-0237,Meppadi,Wayanad,Vythiri,MEP-DB-05,MEP-S-147,2,707.0,0.0707,Mixed/Residential,11.5532,76.1208,836.0,23.4,325.0,650.0,0.36,0.75,0.88,568.0,242.0,920.0,0.54,0.76,72.0,HIGH,237,HISTORICAL_SOURCE_AREA_NOT_A_RELOCATION_DESTINATION,DO_NOT_USE_AS_RELOCATION_DESTINATION,Synthetic historical-source-area demonstration record; not an official cadastral/hazard determination,SYNTHETIC_DEMO_NOT_OFFICIAL,SYNTHETIC_DEMO_POLYGON_NOT_OFFICIAL,DO_NOT_USE_AS_LEGAL_BOUNDARY,SYNTHETIC_DEMO_ONLY,NO,YES,NO
MEP-0238,Meppadi,Wayanad,Vythiri,MEP-DB-05,MEP-S-147,3,744.0,0.0744,Mixed/Residential,11.5544,76.1208,844.5,24.8,337.5,675.0,0.54,0.8,0.91,586.0,254.0,940.0,0.58,0.795,79.0,HIGH,238,HISTORICAL_SOURCE_AREA_NOT_A_RELOCATION_DESTINATION,DO_NOT_USE_AS_RELOCATION_DESTINATION,Synthetic historical-source-area demonstration record; not an official cadastral/hazard determination,SYNTHETIC_DEMO_NOT_OFFICIAL,SYNTHETIC_DEMO_POLYGON_NOT_OFFICIAL,DO_NOT_USE_AS_LEGAL_BOUNDARY,SYNTHETIC_DEMO_ONLY,NO,YES,NO
MEP-0239,Meppadi,Wayanad,Vythiri,MEP-DB-05,MEP-S-147,4,781.0,0.0781,Mixed/Residential,11.5556,76.1208,853.0,26.2,350.0,700.0,0.72,0.85,0.94,604.0,266.0,960.0,0.62,0.83,86.0,HIGH,239,HISTORICAL_SOURCE_AREA_NOT_A_RELOCATION_DESTINATION,DO_NOT_USE_AS_RELOCATION_DESTINATION,Synthetic historical-source-area demonstration record; not an official cadastral/hazard determination,SYNTHETIC_DEMO_NOT_OFFICIAL,SYNTHETIC_DEMO_POLYGON_NOT_OFFICIAL,DO_NOT_USE_AS_LEGAL_BOUNDARY,SYNTHETIC_DEMO_ONLY,NO,YES,NO
MEP-0240,Meppadi,Wayanad,Vythiri,MEP-DB-05,MEP-S-147,5,818.0,0.0818,Mixed/Residential,11.5568,76.1208,861.5,27.6,362.5,725.0,0.9,0.9,0.97,622.0,278.0,980.0,0.66,0.865,93.0,HIGH,240,HISTORICAL_SOURCE_AREA_NOT_A_RELOCATION_DESTINATION,DO_NOT_USE_AS_RELOCATION_DESTINATION,Synthetic historical-source-area demonstration record; not an official cadastral/hazard determination,SYNTHETIC_DEMO_NOT_OFFICIAL,SYNTHETIC_DEMO_POLYGON_NOT_OFFICIAL,DO_NOT_USE_AS_LEGAL_BOUNDARY,SYNTHETIC_DEMO_ONLY,NO,YES,NO
MEP-0241,Meppadi,Wayanad,Vythiri,MEP-DB-05,MEP-S-148,1,855.0,0.0855,Mixed/Residential,11.558,76.1208,700.0,8.0,250.0,450.0,0.0,0.45,0.7,100.0,50.0,700.0,0.3,0.55,70.0,HIGH,241,HISTORICAL_SOURCE_AREA_NOT_A_RELOCATION_DESTINATION,DO_NOT_USE_AS_RELOCATION_DESTINATION,Synthetic historical-source-area demonstration record; not an official cadastral/hazard determination,SYNTHETIC_DEMO_NOT_OFFICIAL,SYNTHETIC_DEMO_POLYGON_NOT_OFFICIAL,DO_NOT_USE_AS_LEGAL_BOUNDARY,SYNTHETIC_DEMO_ONLY,NO,YES,NO
MEP-0242,Meppadi,Wayanad,Vythiri,MEP-DB-05,MEP-S-148,2,892.0,0.0892,Mixed/Residential,11.5592,76.1208,708.5,9.4,262.5,475.0,0.18,0.5,0.73,118.0,62.0,720.0,0.34,0.585,77.0,HIGH,242,HISTORICAL_SOURCE_AREA_NOT_A_RELOCATION_DESTINATION,DO_NOT_USE_AS_RELOCATION_DESTINATION,Synthetic historical-source-area demonstration record; not an official cadastral/hazard determination,SYNTHETIC_DEMO_NOT_OFFICIAL,SYNTHETIC_DEMO_POLYGON_NOT_OFFICIAL,DO_NOT_USE_AS_LEGAL_BOUNDARY,SYNTHETIC_DEMO_ONLY,NO,YES,NO
MEP-0243,Meppadi,Wayanad,Vythiri,MEP-DB-05,MEP-S-148,3,929.0,0.0929,Mixed/Residential,11.5604,76.1208,717.0,10.8,275.0,500.0,0.36,0.55,0.76,136.0,74.0,740.0,0.38,0.62,84.0,HIGH,243,HISTORICAL_SOURCE_AREA_NOT_A_RELOCATION_DESTINATION,DO_NOT_USE_AS_RELOCATION_DESTINATION,Synthetic historical-source-area demonstration record; not an official cadastral/hazard determination,SYNTHETIC_DEMO_NOT_OFFICIAL,SYNTHETIC_DEMO_POLYGON_NOT_OFFICIAL,DO_NOT_USE_AS_LEGAL_BOUNDARY,SYNTHETIC_DEMO_ONLY,NO,YES,NO
MEP-0244,Meppadi,Wayanad,Vythiri,MEP-DB-05,MEP-S-148,4,966.0,0.0966,Mixed/Residential,11.5616,76.1208,725.5,12.2,287.5,525.0,0.54,0.6,0.79,154.0,86.0,760.0,0.42,0.655,91.0,HIGH,244,HISTORICAL_SOURCE_AREA_NOT_A_RELOCATION_DESTINATION,DO_NOT_USE_AS_RELOCATION_DESTINATION,Synthetic historical-source-area demonstration record; not an official cadastral/hazard determination,SYNTHETIC_DEMO_NOT_OFFICIAL,SYNTHETIC_DEMO_POLYGON_NOT_OFFICIAL,DO_NOT_USE_AS_LEGAL_BOUNDARY,SYNTHETIC_DEMO_ONLY,NO,YES,NO
MEP-0245,Meppadi,Wayanad,Vythiri,MEP-DB-05,MEP-S-148,5,1003.0,0.1003,Mixed/Residential,11.5628,76.1208,734.0,13.6,300.0,550.0,0.72,0.65,0.82,172.0,98.0,780.0,0.46,0.69,98.0,HIGH,245,HISTORICAL_SOURCE_AREA_NOT_A_RELOCATION_DESTINATION,DO_NOT_USE_AS_RELOCATION_DESTINATION,Synthetic historical-source-area demonstration record; not an official cadastral/hazard determination,SYNTHETIC_DEMO_NOT_OFFICIAL,SYNTHETIC_DEMO_POLYGON_NOT_OFFICIAL,DO_NOT_USE_AS_LEGAL_BOUNDARY,SYNTHETIC_DEMO_ONLY,NO,YES,NO
MEP-0246,Meppadi,Wayanad,Vythiri,MEP-DB-05,MEP-S-149,1,1040.0,0.104,Mixed/Residential,11.564,76.1208,742.5,15.0,312.5,575.0,0.9,0.7,0.85,190.0,110.0,800.0,0.5,0.725,75.0,HIGH,246,HISTORICAL_SOURCE_AREA_NOT_A_RELOCATION_DESTINATION,DO_NOT_USE_AS_RELOCATION_DESTINATION,Synthetic historical-source-area demonstration record; not an official cadastral/hazard determination,SYNTHETIC_DEMO_NOT_OFFICIAL,SYNTHETIC_DEMO_POLYGON_NOT_OFFICIAL,DO_NOT_USE_AS_LEGAL_BOUNDARY,SYNTHETIC_DEMO_ONLY,NO,YES,NO
MEP-0247,Meppadi,Wayanad,Vythiri,MEP-DB-05,MEP-S-149,2,1077.0,0.1077,Mixed/Residential,11.5652,76.1208,751.0,16.4,325.0,600.0,0.0,0.75,0.88,208.0,122.0,820.0,0.54,0.76,82.0,HIGH,247,HISTORICAL_SOURCE_AREA_NOT_A_RELOCATION_DESTINATION,DO_NOT_USE_AS_RELOCATION_DESTINATION,Synthetic historical-source-area demonstration record; not an official cadastral/hazard determination,SYNTHETIC_DEMO_NOT_OFFICIAL,SYNTHETIC_DEMO_POLYGON_NOT_OFFICIAL,DO_NOT_USE_AS_LEGAL_BOUNDARY,SYNTHETIC_DEMO_ONLY,NO,YES,NO
MEP-0248,Meppadi,Wayanad,Vythiri,MEP-DB-05,MEP-S-149,3,1114.0,0.1114,Mixed/Residential,11.5664,76.1208,759.5,17.8,337.5,625.0,0.18,0.8,0.91,226.0,134.0,840.0,0.58,0.795,89.0,HIGH,248,HISTORICAL_SOURCE_AREA_NOT_A_RELOCATION_DESTINATION,DO_NOT_USE_AS_RELOCATION_DESTINATION,Synthetic historical-source-area demonstration record; not an official cadastral/hazard determination,SYNTHETIC_DEMO_NOT_OFFICIAL,SYNTHETIC_DEMO_POLYGON_NOT_OFFICIAL,DO_NOT_USE_AS_LEGAL_BOUNDARY,SYNTHETIC_DEMO_ONLY,NO,YES,NO
MEP-0249,Meppadi,Wayanad,Vythiri,MEP-DB-05,MEP-S-149,4,1151.0,0.1151,Mixed/Residential,11.5676,76.1208,768.0,19.2,350.0,650.0,0.36,0.85,0.94,244.0,146.0,860.0,0.62,0.83,96.0,HIGH,249,HISTORICAL_SOURCE_AREA_NOT_A_RELOCATION_DESTINATION,DO_NOT_USE_AS_RELOCATION_DESTINATION,Synthetic historical-source-area demonstration record; not an official cadastral/hazard determination,SYNTHETIC_DEMO_NOT_OFFICIAL,SYNTHETIC_DEMO_POLYGON_NOT_OFFICIAL,DO_NOT_USE_AS_LEGAL_BOUNDARY,SYNTHETIC_DEMO_ONLY,NO,YES,NO
MEP-0250,Meppadi,Wayanad,Vythiri,MEP-DB-05,MEP-S-149,5,1188.0,0.1188,Mixed/Residential,11.5688,76.1208,776.5,20.6,362.5,675.0,0.54,0.9,0.97,262.0,158.0,880.0,0.66,0.865,73.0,HIGH,250,HISTORICAL_SOURCE_AREA_NOT_A_RELOCATION_DESTINATION,DO_NOT_USE_AS_RELOCATION_DESTINATION,Synthetic historical-source-area demonstration record; not an official cadastral/hazard determination,SYNTHETIC_DEMO_NOT_OFFICIAL,SYNTHETIC_DEMO_POLYGON_NOT_OFFICIAL,DO_NOT_USE_AS_LEGAL_BOUNDARY,SYNTHETIC_DEMO_ONLY,NO,YES,NO
